id;NomFournisseur;AddressFournisseur;idPays;id_pays;nom_pays;idPaysLivraison;id_paysLivraison;nom_paysLivraison;DateLivraison;TempsLivraison;Qte;PrixCommande
1;Griffith Paving and Sealcoatin;talend@apres91;99;"PN""";Iles Pitcairn;99;"PN""";Iles Pitcairn;03/11/2006 09:20;26:40.0;67852;61521.484
2;Bill's Dive Shop;511 Maple Ave.  Apt. 1B;98;"MH""";Iles Marshall;5;"DE""";Allemagne;19/11/2004 15:48;40:00.0;88792;15434.1
3;Childress Child Day Care;662 Lyons Circle;1;"AF""";Afghanistan;28;"BT""";Bhoutan;16/02/2005 08:27;00:00.0;35340;17856.88
4;Facelift Kitchen and Bath;unknown;0;;;15;"AW""";Aruba;22/08/2002 09:55;00:00.0;6097;55560.24
5;Terrinni & Son Auto and Truck;770 Exmoor Rd.;0;;;9;"AQ""";Antarctique;28/06/2001 09:15;26:40.0;5146;39098.113
6;Kermit the Pet Shop;1860 Parkside Ln.;28;"BT""";Bhoutan;15;"AW""";Aruba;17/08/2003 10:07;00:00.0;16087;29924.93
6;Kermit the Pet Shop;1860 Parkside Ln.;28;"BT""";Bhoutan;15;"AW""";Aruba;17/08/2003 10:07;00:00.0;16087;29924.93
7;Tub's Furniture Store;807 Old Trail Rd.;15;"AW""";Aruba;9;"AQ""";Antarctique;27/08/2000 03:13;08:16.0;53216;65352.566
8;Toggle & Myerson Ltd;618 Sheriden rd.;9;"AQ""";Antarctique;15;"AW""";Aruba;24/03/2006 23:07;26:40.0;74168;77920.6
9;Childress Child Day Care;788 Tennyson Ave.;12;"SA""";Arabie saoudite;33;"BW""";Botswana;10/09/2001 06:33;13:20.0;92176;56844.125
10;Elle Hypnosis and Therapy Cent;2032 Northbrook Ct.;1;"AF""";Afghanistan;7;"AO""";Angola;11/01/1977 03:07;20:00.0;48498;45844.914
11;Lennox Air Pollution Control;4522 N. Greenview Apt. 1B;48;"KM""";Comores;35;"BN""";Brunei;20/07/1987 07:13;08:16.0;23992;93520.12
12;Keyth Contracting and Repair;1547 Knolwood Rd.;25;"BE""";Belgique;39;"CI""";C?te d'Ivoire;12/01/2000 15:33;01:36.0;27786;46530.098
13;Park District Of America;2678 Sheridan Rd.;46;"CY""";Chypre;41;"CM""";Cameroun;08/06/2003 11:15;34:56.0;5448;29062.816
14;Nirabi Auto Service;1915 Lewis Ln.  Apt 13;8;"AI""";Anguilla;5;"DE""";Allemagne;19/06/2002 07:15;06:40.0;23220;43086.645
15;Darcy Frame and Matting Servic;1633 McGovern place;21;"BH""";Bahre?n;28;"BT""";Bhoutan;20/10/1987 12:22;40:00.0;46096;31014.83
16;Glenwood Credit Union;511 Maple Ave.  Apt. 1B;46;"CY""";Chypre;15;"AW""";Aruba;17/07/2000 17:27;08:16.0;90440;31684.793
17;Gourmet the Frog;788 Tennyson Ave.;1;"AF""";Afghanistan;9;"AQ""";Antarctique;07/09/2002 03:55;26:40.0;67680;62038.77
18;Acturial Enterprises Ltd.;3385 University Ave.;34;"BR""";Br?sil;12;"SA""";Arabie saoudite;07/04/2001 10:42;00:00.0;45292;17008.766
19;Salt & Pepper Catering Service;965 Marion Place Apt. 65C;44;"CL""";Chili;33;"BW""";Botswana;20/12/2006 10:02;53:20.0;13458;52120.617
20;Rythmics Ltd.;1875 Roger Williams Ave.;22;"BD""";Bangladesh;48;"KM""";Comores;05/01/2005 16:27;53:20.0;70685;28463.95
21;Parkway Auto Body;1859 Green Bay Rd.;27;"BM""";Bermudes;25;"BE""";Belgique;12/02/1974 11:20;28:16.0;62605;8387.321
22;Futoons Cartoons Emporium;1486 Old Deerfield Rd.;24;"PW""";Belau;46;"CY""";Chypre;08/10/2000 23:00;01:36.0;73220;51850.7
23;Glenn Oaks Office Supplies;1882 St. Johns;10;"AG""";Antigua-et-Barbuda;8;"AI""";Anguilla;03/09/2000 10:47;14:56.0;86100;54079.89
24;Garfield Appliance Service;3150 Skokie Valley Rd.;33;"BW""";Botswana;21;"BH""";Bahre?n;26/06/2001 00:47;20:00.0;74224;85912.73
25;New Dehli Auto Exchange;1957 Huntington Ave.;49;"CG""";Congo;46;"CY""";Chypre;26/05/2005 10:33;33:20.0;50903;82453.02
26;Kermit the Pet Shop;12 Skokie Valley Rd.;45;"CN""";Chine;1;"AF""";Afghanistan;17/11/1970 03:20;46:40.0;1426;23810.766
27;Hibbard Road Suppliers;1858 Balsam Way;28;"BT""";Bhoutan;34;"BR""";Br?sil;24/11/1974 04:40;01:36.0;26080;8442.088
28;Peterson Roberts Carpentry;59 Cordon Terr.;12;"SA""";Arabie saoudite;44;"CL""";Chili;04/09/2006 21:00;40:00.0;96110;43358.81
29;Acme Chemical Supply;1858 Balsam Way;6;"AD""";Andorre;22;"BD""";Bangladesh;29/03/2006 21:22;33:20.0;52443;90392.03
30;Truck-X Muffler Repair;807 Old Trail Rd.;25;"BE""";Belgique;27;"BM""";Bermudes;07/02/1974 20:13;28:16.0;78564;35453.5
31;Arthur M. Feildberg Galleries;1220 Heather Lane;37;"BF""";Burkina Faso;24;"PW""";Belau;13/05/1992 04:22;48:16.0;82248;70587.66
32;Cotton Thumb Ltd.;1882 St. Johns;13;"AR""";Argentine;10;"AG""";Antigua-et-Barbuda;24/12/1996 20:40;41:36.0;50345;17088.406
33;Childress Child Day Care;1912 Old Briar Lane #2;22;"BD""";Bangladesh;33;"BW""";Botswana;21/03/2000 03:35;01:36.0;2768;97359.01
34;Foy Aviation;511 Hill;20;"BS""";Bahamas;49;"CG""";Congo;11/07/2002 07:02;14:56.0;46631;26404.936
35;Nyman Interior Design;2505 Allison ct.;47;"CO""";Colombie;45;"CN""";Chine;02/01/1970 11:22;40:00.0;38474;90848.66
36;Got It All Electronics Supply;629 Kincaid Ave.;22;"BD""";Bangladesh;28;"BT""";Bhoutan;29/04/1980 13:40;26:40.0;29440;53380.613
37;PGS Associates;726 White Oaks Ave.;26;"BZ""";Belize;12;"SA""";Arabie saoudite;17/10/2000 03:53;46:40.0;94198;32720.756
38;Yale Remins Temp Agency;1912 Old Briar Lane #2;49;"CG""";Congo;6;"AD""";Andorre;27/08/1985 04:07;40:00.0;81314;91092.4
39;Mergenthaler Inc.;673 Calais Drive;45;"CN""";Chine;25;"BE""";Belgique;20/10/1971 10:47;20:00.0;30558;73456.64
40;Elm Place Business Supplies;505 N. Frances St.;16;"AU""";Australie;37;"BF""";Burkina Faso;02/02/2006 15:48;21:36.0;33428;86538.11
41;Parties Galore Golf Course;77 Blackhawk Rd;26;"BZ""";Belize;13;"AR""";Argentine;06/02/1996 09:47;20:00.0;4122;28231.016
42;Glenn Oaks Office Supplies;2600 Winsor Mall;38;"BI""";Burundi;22;"BD""";Bangladesh;29/02/1996 13:20;01:36.0;94411;70933.055
43;Metro Appliance Service;2936 Arlington Ave.;30;"MM""";Birmanie;20;"BS""";Bahamas;14/01/1974 20:28;26:40.0;54665;69885.88
44;Parkway Auto Body;726 White Oaks Ave.;14;"AM""";Arm?nie;47;"CO""";Colombie;11/05/1993 14:35;13:20.0;94320;69425.89
45;Quad City Cleaning;218 Oakridge Ave.;48;"KM""";Comores;22;"BD""";Bangladesh;23/07/1977 18:35;08:16.0;43450;8688.604
46;Hi-Land Art & Frame;3478 Bryn Mawr St.;12;"SA""";Arabie saoudite;26;"BZ""";Belize;07/12/2006 04:55;46:40.0;74696;76875.36
47;Brand Y Creative Services;14836 W. River Oaks Dr.;35;"BN""";Brunei;49;"CG""";Congo;23/10/1977 05:02;20:00.0;97171;70842.484
48;George Lee Antiques;632 Roger Williams;46;"CY""";Chypre;45;"CN""";Chine;03/08/2007 19:55;13:20.0;65765;70580.88
49;Johnson, Erico & Co CPA's;5518 Madison St.;17;"AT""";Autriche;16;"AU""";Australie;26/10/2002 03:40;54:56.0;89561;99258.11
50;Trapezoid Studios;1831 Beverly Place #9D;15;"AW""";Aruba;26;"BZ""";Belize;21/08/1971 06:20;28:16.0;54770;72460.94
51;American Deli Workers Union;618 Sheriden rd.;4;"DZ""";Alg?rie;38;"BI""";Burundi;04/09/1974 21:53;53:20.0;11072;9563.755
52;Schmidt Denists;844 Spruce St.;47;"CO""";Colombie;30;"MM""";Birmanie;24/02/2003 18:27;46:40.0;4500;3520.56
53;Crossroads Construction, Inc.;2267 Anderson Lane;5;"DE""";Allemagne;14;"AM""";Arm?nie;04/06/1989 11:40;53:20.0;46277;63818.89
54;Jay's Cabinet Company;2024 St.Johns Ave.;48;"KM""";Comores;48;"KM""";Comores;29/06/2006 06:42;46:40.0;61386;12933.473
55;Highland Heights Gift Shop;1799 Rosemary Way;28;"BT""";Bhoutan;12;"SA""";Arabie saoudite;01/07/2006 00:08;53:20.0;91420;11980.602
56;Glenn Oaks Office Supplies;1859 Green Bay Rd.;7;"AO""";Angola;35;"BN""";Brunei;02/05/1999 00:07;33:20.0;1225;51734.484
57;Lee Stairworks and Carpentry,;2644 Princeton Ln.;41;"CM""";Cameroun;46;"CY""";Chypre;24/12/1977 16:02;41:36.0;49648;9700.731
58;Lambert & Locke Legal Services;662 Lyons Circle;45;"CN""";Chine;17;"AT""";Autriche;15/09/1986 21:27;26:40.0;16920;31584.44
59;Nitelites Party Rental;12 Walker Ave.;37;"BF""";Burkina Faso;15;"AW""";Aruba;16/09/2004 21:42;40:00.0;87570;87992.75
60;Vanity Town;1701 W. Mellody Rd.;32;"BA""";Bosnie-Herz?govine;4;"DZ""";Alg?rie;21/09/1982 04:35;48:16.0;16120;60499.926
61;DBN Bank;456 Grossman Ln.;35;"BN""";Brunei;47;"CO""";Colombie;02/10/2003 08:08;26:40.0;64493;10448.795
62;BBQ Smith's Tex Mex;1101 Deerfield Place;9;"AQ""";Antarctique;5;"DE""";Allemagne;24/08/2000 03:00;21:36.0;36616;7362.8438
63;Pivot Point College;1547 Knolwood Rd.;9;"AQ""";Antarctique;48;"KM""";Comores;04/09/2000 22:08;00:00.0;1190;23856.0
64;Highland Woods City Hall;430 Oakland Drive;9;"AQ""";Antarctique;28;"BT""";Bhoutan;12/10/2006 21:40;13:20.0;10443;43494.7
65;Mail Boxes Et. Al.;1859 Green Bay Rd.;30;"MM""";Birmanie;7;"AO""";Angola;17/02/2001 08:53;53:20.0;16029;78020.445
66;Smith & Wesson Militia;1750 Lily Court;27;"BM""";Bermudes;41;"CM""";Cameroun;04/11/1978 20:40;14:56.0;66326;6676.0347
67;Acturial Enterprises Ltd.;1486 Oakwood;32;"BA""";Bosnie-Herz?govine;45;"CN""";Chine;16/07/2006 17:28;46:40.0;90900;41916.742
68;Resnick DDS;726 White Oaks Ave.;6;"AD""";Andorre;37;"BF""";Burkina Faso;25/04/1990 17:13;26:40.0;75566;16911.344
69;Air Mexico;313 Grove Ave.;6;"AD""";Andorre;32;"BA""";Bosnie-Herz?govine;05/11/2003 21:22;20:00.0;63097;44552.066
70;janice Mann Accounting Service;3181 Barkwood Ct.;28;"BT""";Bhoutan;35;"BN""";Brunei;09/02/1989 04:00;20:00.0;38310;64944.03
71;Pete's Auto Repair;1436 Waverly Rd.;32;"BA""";Bosnie-Herz?govine;9;"AQ""";Antarctique;03/04/2001 10:07;53:20.0;56790;13196.346
72;Michael Montgomery Hair Saloon;1077 Court Ave.;9;"AQ""";Antarctique;9;"AQ""";Antarctique;19/10/1972 08:22;20:00.0;81313;98985.25
73;Gordon & Son Brockerage Ltd.;313 Grove Ave.;49;"CG""";Congo;9;"AQ""";Antarctique;27/05/1996 02:20;34:56.0;75558;91936.6
74;Bee Line Publishing;3344 Beachwood Ln.;46;"CY""";Chypre;30;"MM""";Birmanie;18/02/2006 12:55;53:20.0;33150;51721.266
75;Green Bay Travel Services;1795 Lake Cook Rd.;28;"BT""";Bhoutan;27;"BM""";Bermudes;16/12/2006 22:42;01:36.0;39632;99143.64
76;Caranisco Homes;310 Walker Ave.;39;"CI""";C?te d'Ivoire;32;"BA""";Bosnie-Herz?govine;04/02/1994 22:13;53:20.0;37045;68925.73
77;Doll House Rock;844 Spruce St.;49;"CG""";Congo;6;"AD""";Andorre;10/11/1978 06:28;13:20.0;8592;72500.96
78;Moveit Motercycle Service;965 Marion Place Apt. 65C;13;"AR""";Argentine;6;"AD""";Andorre;21/08/1978 16:07;21:36.0;10620;51680.992
79;Funnyface Amusement Games;511 Hill;12;"SA""";Arabie saoudite;28;"BT""";Bhoutan;27/03/2005 00:13;06:40.0;8903;24036.395
80;Glenwood Credit Union;2870 Skokie Rd.;21;"BH""";Bahre?n;32;"BA""";Bosnie-Herz?govine;08/03/1980 10:40;14:56.0;14095;28588.604
81;Glassman & Stone;654 Walnut Rd.;19;"BJ""";B?nin;9;"AQ""";Antarctique;03/02/2007 10:53;13:20.0;21600;43866.22
82;Yale Remins Temp Agency;628 Orwenstensia;24;"PW""";Belau;49;"CG""";Congo;10/11/1972 16:13;21:36.0;74600;12040.713
83;Dean Barnett Furniture Repair;2922 Twin Oaks Drive;18;"AZ""";Azerba?djan;46;"CY""";Chypre;25/03/2001 19:33;14:56.0;95750;28880.057
84;Eva Galler Galleries Inc.;1101 Deerfield Place;8;"AI""";Anguilla;28;"BT""";Bhoutan;11/03/2000 11:33;08:16.0;33873;28716.922
85;Shaggy's Grooming Services;1270 Linden Ave.;6;"AD""";Andorre;39;"CI""";C?te d'Ivoire;12/01/1977 06:53;01:36.0;52760;50992.57
86;Bako Delicatessen;628 Orwenstensia;19;"BJ""";B?nin;49;"CG""";Congo;27/03/1971 05:33;13:20.0;90980;2568.5854
87;Cradle the Call;1155 Ridgewood Drive;28;"BT""";Bhoutan;13;"AR""";Argentine;23/09/2005 10:22;14:56.0;8250;24448.516
88;Truck-X Muffler Repair;45 South Deer Creek Drive;19;"BJ""";B?nin;12;"SA""";Arabie saoudite;19/02/1999 04:53;00:00.0;44304;47679.09
89;Deer Lake Inn;1 Twin Oaks Place;22;"BD""";Bangladesh;21;"BH""";Bahre?n;11/10/1978 14:20;13:20.0;51284;54796.695
90;Crosstracks Car Wash;505 N. Frances St.;33;"BW""";Botswana;19;"BJ""";B?nin;05/02/2005 22:27;06:40.0;6878;13900.923
91;Masterlands Cleaning;313 Grove Ave.;34;"BR""";Br?sil;24;"PW""";Belau;18/03/1987 21:07;48:16.0;14680;50366.586
92;Shaggy's Grooming Services;3160 Summit Ave.;7;"AO""";Angola;18;"AZ""";Azerba?djan;17/11/2000 06:27;06:40.0;67920;58720.54
93;North West Gas Co.;445 Park Ave.;30;"MM""";Birmanie;8;"AI""";Anguilla;12/04/1994 06:08;40:00.0;24287;55640.945
94;Car Suite Cleaners;120 high St.;6;"AD""";Andorre;6;"AD""";Andorre;02/06/1974 00:07;53:20.0;63010;3559.9739
95;Cutter Lawn Mower Repair;929 Brittany Ave.;2;"ZA""";Afrique du Sud;19;"BJ""";B?nin;26/06/2000 21:27;34:56.0;12956;26816.62
96;Doerner's Awnings and Canopies;616 Cobblestone Cir.;26;"BZ""";Belize;28;"BT""";Bhoutan;04/12/2001 13:33;33:20.0;90760;19776.166
97;Yale Remins Temp Agency;245 Oakridge Ave.;19;"BJ""";B?nin;19;"BJ""";B?nin;22/06/2005 04:08;48:16.0;80543;92848.984
98;Nyman Interior Design;1486 Oakwood;39;"CI""";C?te d'Ivoire;22;"BD""";Bangladesh;05/07/2000 08:33;46:40.0;86886;19550.236
99;Shaggy's Grooming Services;1077 Court Ave.;29;"BY""";Bi?lorussie;33;"BW""";Botswana;19/06/1970 08:08;00:00.0;9468;8296.334
100;Johnson, Erico & Co CPA's;2632 Prarie Ln.;44;"CL""";Chili;34;"BR""";Br?sil;26/07/2006 11:15;00:00.0;89968;17116.174
101;Bill's Dive Shop;872 Virginia Rd.;7;"AO""";Angola;7;"AO""";Angola;23/06/1980 10:20;28:16.0;62330;39227.754
102;Bill's Dive Shop;245 Oakridge Ave.;34;"BR""";Br?sil;30;"MM""";Birmanie;28/07/1989 12:08;34:56.0;42925;72792.695
103;Air Mexico;12 Skokie Valley Rd.;31;"BO""";Bolivie;6;"AD""";Andorre;06/03/1992 05:33;53:20.0;62522;72148.98
104;Metro Appliance Service;2220 Grant Blvd.;39;"CI""";C?te d'Ivoire;2;"ZA""";Afrique du Sud;30/10/1977 22:53;20:00.0;25998;24696.383
105;Caranisco Homes;750 Homewood Ave.;16;"AU""";Australie;26;"BZ""";Belize;20/08/2000 04:33;21:36.0;88628;30739.082
106;Caranisco Homes;1860 Parkside Ln.;40;"KH""";Cambodge;19;"BJ""";B?nin;14/02/2001 02:02;40:00.0;82676;46776.992
107;Camp Oconomowoc;4763 Blackhawk Rd.;25;"BE""";Belgique;39;"CI""";C?te d'Ivoire;19/09/2005 23:02;46:40.0;45600;73440.93
108;Air India;135 Lakewood place;9;"AQ""";Antarctique;29;"BY""";Bi?lorussie;07/06/2000 16:20;53:20.0;3045;13650.7
109;Lickmen Restoration;1912 Old Briar Lane #2;23;"BB""";Barbade;44;"CL""";Chili;22/11/2000 06:27;54:56.0;14608;27300.357
110;K L Consulting;445 Park Ave.;43;"CV""";Cap-Vert;7;"AO""";Angola;27/01/1994 19:47;53:20.0;77500;42420.24
111;DBN Bank;242 Ashland Ave.;20;"BS""";Bahamas;34;"BR""";Br?sil;20/12/2000 08:42;00:00.0;13990;24968.564
112;Hart Corporation;1777 balsamic Ave.;41;"CM""";Cameroun;31;"BO""";Bolivie;22/11/1998 02:00;33:20.0;58058;1610.568
113;Hoffman Printing Center;430 Oakland Drive;44;"CL""";Chili;39;"CI""";C?te d'Ivoire;12/02/2005 09:20;54:56.0;6296;62114.69
114;Pasifico Inc.;1233 Arbor Rd.;45;"CN""";Chine;16;"AU""";Australie;09/04/1972 00:28;01:36.0;5631;73285.664
115;Auto Interior Carpeting Compan;844 Spruce St.;48;"KM""";Comores;40;"KH""";Cambodge;13/04/2001 09:00;14:56.0;49944;34638.434
116;Trapezoid Studios;54 Lakeview Terrace;6;"AD""";Andorre;25;"BE""";Belgique;11/01/1972 06:40;06:40.0;52216;48645.69
117;Pac Builders;1270 Linden Ave.;11;"AN""";Antilles n?erlandaises;9;"AQ""";Antarctique;30/04/1974 14:20;46:40.0;99607;90376.38
118;Dapper's Antiques;2024 St.Johns Ave.;19;"BJ""";B?nin;23;"BB""";Barbade;16/02/2007 04:27;13:20.0;14295;34862.703
119;Tub's Furniture Store;1547 Vine;31;"BO""";Bolivie;43;"CV""";Cap-Vert;17/01/1990 18:13;20:00.0;18240;25882.41
120;Kermit the Pet Shop;1235 Easton Rd.;3;"AL""";Albanie;20;"BS""";Bahamas;13/11/1992 04:02;46:40.0;95802;18212.184
121;First National Bank of Ottowa;465 Stratford Rd.;5;"DE""";Allemagne;41;"CM""";Cameroun;07/07/1972 13:27;54:56.0;67344;140.8432
122;Terrinni & Son Auto and Truck;1859 Green Bay Rd.;12;"SA""";Arabie saoudite;44;"CL""";Chili;11/12/1970 10:40;46:40.0;12928;28625.121
123;Esmarda Chemical Manufacturers;10 Marquette Rd.;4;"DZ""";Alg?rie;45;"CN""";Chine;23/11/2005 01:35;28:16.0;88025;48491.375
124;First National Bank of Ottowa;2632 Prarie Ln.;44;"CL""";Chili;48;"KM""";Comores;31/12/1970 02:53;48:16.0;24196;14840.315
125;Facelift Kitchen and Bath;3100 Trailer Way;47;"CO""";Colombie;6;"AD""";Andorre;15/01/1993 12:13;33:20.0;15220;91232.54
126;Nina's Snow Plowing;302-A Crestwood Village Rd.;35;"BN""";Brunei;11;"AN""";Antilles n?erlandaises;13/08/2004 13:27;53:20.0;71856;73505.95
127;Flinn Mosquito and Pest Contro;1859 Green Bay Rd.;43;"CV""";Cap-Vert;19;"BJ""";B?nin;18/06/1994 09:15;00:00.0;87452;65216.8
128;Resnick DDS;302-A Crestwood Village Rd.;25;"BE""";Belgique;31;"BO""";Bolivie;25/09/1974 17:53;53:20.0;23098;13011.136
129;Air Mexico;1535 Knollwood Drive;14;"AM""";Arm?nie;3;"AL""";Albanie;23/09/1974 10:20;40:00.0;85200;78053.97
130;Gordon & Son Brockerage Ltd.;899 Harvard Ct;31;"BO""";Bolivie;5;"DE""";Allemagne;24/10/2006 15:27;46:40.0;70403;46721.0
131;Griffith Paving and Sealcoatin;2922 Twin Oaks Drive;22;"BD""";Bangladesh;12;"SA""";Arabie saoudite;22/11/1971 23:20;06:40.0;38164;54746.05
132;AAA Daniels Antiques;600 Central Ave;15;"AW""";Aruba;4;"DZ""";Alg?rie;30/12/1983 19:20;13:20.0;9868;87040.71
133;Smith Communications Inc.;750 Homewood Ave.;31;"BO""";Bolivie;44;"CL""";Chili;04/06/1989 11:40;40:00.0;53001;60328.113
134;Myers Chocolates and Confectio;2644 Princeton Ln.;21;"BH""";Bahre?n;47;"CO""";Colombie;20/08/1983 05:00;48:16.0;95735;30155.822
135;Masterlands Cleaning;2224 Sherman Rd.;26;"BZ""";Belize;35;"BN""";Brunei;10/11/2004 09:35;33:20.0;41009;92184.86
136;Futoons Cartoons Emporium;465 Stratford Rd.;25;"BE""";Belgique;43;"CV""";Cap-Vert;08/03/1971 06:00;33:20.0;14133;22700.996
137;Block Boats and Lures;1858 Balsam Way;47;"CO""";Colombie;25;"BE""";Belgique;06/11/2007 16:42;06:40.0;6582;27622.607
138;Vanity Town;302-A Crestwood Village Rd.;7;"AO""";Angola;14;"AM""";Arm?nie;20/02/1975 20:27;14:56.0;46712;25546.055
139;Morton Roofing and Siding;1658 Second St.;33;"BW""";Botswana;31;"BO""";Bolivie;12/12/1974 17:07;46:40.0;27386;40890.527
140;Caranisco Homes;3344 Beachwood Ln.;15;"AW""";Aruba;22;"BD""";Bangladesh;11/09/1993 07:02;13:20.0;11552;61800.516
141;DBN Bank;2600 Winsor Mall;20;"BS""";Bahamas;15;"AW""";Aruba;27/11/1993 11:33;13:20.0;70626;93936.86
142;Hart Corporation;1658 Second St.;10;"AG""";Antigua-et-Barbuda;31;"BO""";Bolivie;10/10/2003 16:33;53:20.0;82624;66993.37
143;Nel Video Productions;1715 Chicago Ave.;20;"BS""";Bahamas;21;"BH""";Bahre?n;16/01/1970 17:47;46:40.0;31760;42975.824
144;Maintence Services of Maine;1658 Second St.;35;"BN""";Brunei;26;"BZ""";Belize;16/12/1989 16:02;13:20.0;2253;67904.22
145;Woodworks Co.;445 Park Ave.;11;"AN""";Antilles n?erlandaises;25;"BE""";Belgique;05/07/2001 07:55;33:20.0;2818;11610.302
146;Glenn Oaks Office Supplies;746 Judson Place;6;"AD""";Andorre;47;"CO""";Colombie;23/11/1989 12:28;00:00.0;16480;746.0806
147;Funnyface Amusement Games;2220 Grant Blvd.;7;"AO""";Angola;7;"AO""";Angola;04/07/1986 23:27;33:20.0;36104;84428.21
148;Highland Lanes;224  Highwood Ave.;35;"BN""";Brunei;33;"BW""";Botswana;11/09/2001 07:13;54:56.0;95664;67889.71
149;Marcy Elaine Bakery;1750 Lily Court;45;"CN""";Chine;15;"AW""";Aruba;03/11/1982 19:33;41:36.0;11496;88953.16
150;janice Mann Accounting Service;3181 Barkwood Ct.;11;"AN""";Antilles n?erlandaises;20;"BS""";Bahamas;25/08/1999 17:53;26:40.0;42674;59793.344
151;Lickmen Restoration;1875 Roger Williams Ave.;9;"AQ""";Antarctique;10;"AG""";Antigua-et-Barbuda;17/01/1980 23:33;00:00.0;63304;14949.653
152;Moveit Motercycle Service;969 Saxony Drive;41;"CM""";Cameroun;20;"BS""";Bahamas;16/12/2006 20:13;26:40.0;52835;23305.01
153;Cradle the Call;785 Highland place;1;"AF""";Afghanistan;35;"BN""";Brunei;19/05/2005 23:40;21:36.0;97244;64408.523
154;Kapp Camera and Video;1619 Judson Ave. Apt #34B;37;"BF""";Burkina Faso;11;"AN""";Antilles n?erlandaises;18/10/1989 16:22;01:36.0;29748;75167.28
155;Marcy Elaine Bakery;430 Oakland Drive;26;"BZ""";Belize;6;"AD""";Andorre;23/08/2002 13:42;01:36.0;66458;29281.682
156;Ernie's Foriegn Car Service;5518 Madison St.;46;"CY""";Chypre;7;"AO""";Angola;30/12/1986 04:13;01:36.0;42200;96923.74
157;Myles Building Consultants;367Bluebird Terr.;41;"CM""";Cameroun;35;"BN""";Brunei;12/01/2006 06:00;41:36.0;73508;91960.586
158;Cotton Thumb Ltd.;433 Burton Ave.;18;"AZ""";Azerba?djan;45;"CN""";Chine;02/09/1977 15:53;20:00.0;54348;68825.31
159;Lickmen Restoration;1101 Deerfield Place;44;"CL""";Chili;11;"AN""";Antilles n?erlandaises;30/04/2004 09:00;00:00.0;35296;28400.965
160;Marks, Marks, and Kaplan Ltd.;1019 Deerfield Rd.;28;"BT""";Bhoutan;9;"AQ""";Antarctique;28/03/2006 11:33;00:00.0;58158;88159.94
161;Morton Roofing and Siding;313 Grove Ave.;26;"BZ""";Belize;41;"CM""";Cameroun;02/11/1992 18:02;41:36.0;55520;14379.508
162;P K M Packaging Supply;1077 Court Ave.;12;"SA""";Arabie saoudite;1;"AF""";Afghanistan;05/01/2000 04:53;53:20.0;82360;30820.105
163;Trapezoid Studios;14836 W. River Oaks Dr.;35;"BN""";Brunei;37;"BF""";Burkina Faso;24/09/1975 15:13;06:40.0;36376;93888.89
164;Salt & Pepper Catering Service;770 Exmoor Rd.;3;"AL""";Albanie;26;"BZ""";Belize;16/03/2000 12:28;40:00.0;72598;29061.096
165;Darcy Frame and Matting Servic;42 Valley Rd.;37;"BF""";Burkina Faso;46;"CY""";Chypre;15/08/2006 13:40;53:20.0;63840;72035.48
166;Jay's Cabinet Company;1 Twin Oaks Place;49;"CG""";Congo;41;"CM""";Cameroun;15/05/1993 01:55;33:20.0;81480;12930.715
167;Marks, Marks, and Kaplan Ltd.;770 Exmoor Rd.;31;"BO""";Bolivie;18;"AZ""";Azerba?djan;03/07/1996 14:20;46:40.0;64385;26425.055
168;Camp Oconomowoc;1245 Eastwood;9;"AQ""";Antarctique;44;"CL""";Chili;09/08/1980 01:02;06:40.0;57009;95225.92
169;Innman Paint and Glass;673 Calais Drive;5;"DE""";Allemagne;28;"BT""";Bhoutan;25/10/1996 00:33;46:40.0;39410;59504.88
170;Kermit the Pet Shop;1482 Concorde Circle;16;"AU""";Australie;26;"BZ""";Belize;28/10/2000 01:00;33:20.0;61704;75734.87
171;Pasifico Inc.;1235 Easton Rd.;7;"AO""";Angola;12;"SA""";Arabie saoudite;01/02/1972 02:40;33:20.0;22248;21182.61
172;Block Boats and Lures;618 Sheriden rd.;1;"AF""";Afghanistan;35;"BN""";Brunei;16/05/2001 12:33;33:20.0;22504;15952.711
173;Myles Building Consultants;1077 Court Ave.;11;"AN""";Antilles n?erlandaises;3;"AL""";Albanie;06/01/2001 16:53;40:00.0;35436;70414.53
174;Childress Child Day Care;1882 St. Johns;1;"AF""";Afghanistan;37;"BF""";Burkina Faso;05/11/1975 22:53;06:40.0;76014;84328.31
175;Parties Galore Golf Course;857 Woodbine Rd;33;"BW""";Botswana;49;"CG""";Congo;09/07/1977 02:33;06:40.0;36512;3210.318
176;Facelift Kitchen and Bath;3150 Skokie Valley Rd.;7;"AO""";Angola;31;"BO""";Bolivie;25/01/2004 06:27;33:20.0;38200;82094.95
177;Esmarda Chemical Manufacturers;1907 S. Prospect Ave.;27;"BM""";Bermudes;9;"AQ""";Antarctique;10/04/2006 23:42;40:00.0;86880;41009.45
178;Pivot Point College;2148 Eastview Dr.;31;"BO""";Bolivie;5;"DE""";Allemagne;13/01/1971 07:33;08:16.0;44564;72896.67
179;Smith & Wesson Militia;1839 McCraren Rd.;31;"BO""";Bolivie;16;"AU""";Australie;04/10/2000 07:53;53:20.0;1452;37980.04
180;Kapp Camera and Video;2220 Grant Blvd.;15;"AW""";Aruba;7;"AO""";Angola;24/10/1994 20:35;28:16.0;19136;93892.09
181;Ampro Office Team Ltd.;844 Spruce St.;29;"BY""";Bi?lorussie;1;"AF""";Afghanistan;20/09/1990 11:42;46:40.0;97120;18963.72
182;Hart Corporation;1701 W. Mellody Rd.;6;"AD""";Andorre;11;"AN""";Antilles n?erlandaises;29/04/2000 10:48;13:20.0;58406;56244.887
183;AAA Daniels Antiques;511 Hill;13;"AR""";Argentine;1;"AF""";Afghanistan;01/03/1977 10:27;00:00.0;36506;94185.5
184;Palmer Golf Supplies;1860 Parkside Ln.;32;"BA""";Bosnie-Herz?govine;33;"BW""";Botswana;06/11/2004 22:15;48:16.0;87604;43880.01
185;Mail Boxes Et. Al.;22 Clay rd.;48;"KM""";Comores;7;"AO""";Angola;18/02/2002 04:28;08:16.0;42816;77500.99
186;Highland Woods City Hall;2632 Prarie Ln.;29;"BY""";Bi?lorussie;27;"BM""";Bermudes;15/12/2001 07:07;40:00.0;12577;56096.98
187;Meonits & Mogogni Inc.;844 Spruce St.;50;"KP""";Cor?e du Nord;31;"BO""";Bolivie;07/08/1994 23:53;01:36.0;78096;23330.896
188;Doerner's Awnings and Canopies;618 Sheriden rd.;16;"AU""";Australie;31;"BO""";Bolivie;20/03/2006 15:08;40:00.0;38583;21529.223
189;Keyth Contracting and Repair;266 Green Bay Rd.;12;"SA""";Arabie saoudite;15;"AW""";Aruba;10/09/2000 09:27;06:40.0;62900;24842.24
190;Highland Heights Gift Shop;465 Stratford Rd.;42;"CA""";Canada;29;"BY""";Bi?lorussie;21/05/2001 03:40;46:40.0;54420;88768.77
191;Auto Interior Carpeting Compan;22 Clay rd.;15;"AW""";Aruba;6;"AD""";Andorre;03/02/2005 21:48;46:40.0;11110;51360.98
192;Portugal, Liddy, & Son Ltd.;629 Kincaid Ave.;12;"SA""";Arabie saoudite;13;"AR""";Argentine;16/12/2001 10:53;40:00.0;35808;97008.17
193;Hilco Auto Body;54 Lakeview Terrace;15;"AW""";Aruba;32;"BA""";Bosnie-Herz?govine;04/12/2005 07:47;40:00.0;19680;85163.2
194;Morton Roofing and Siding;1912 Old Briar Lane #2;7;"AO""";Angola;48;"KM""";Comores;25/06/1974 22:22;40:00.0;11972;136.0523
195;Schnitzer Denist College;628 Orwenstensia;30;"MM""";Birmanie;29;"BY""";Bi?lorussie;24/09/1974 14:07;53:20.0;61690;39150.72
196;Morgan Construction Co;4259 W. Lake Ave.;23;"BB""";Barbade;50;"KP""";Cor?e du Nord;09/04/1992 14:48;53:20.0;87739;49355.914
197;Air Barbados;42 Valley Rd.;37;"BF""";Burkina Faso;16;"AU""";Australie;11/04/1977 09:47;40:00.0;39884;88031.086
198;Bee Line Publishing;671 Blackstone Ave.;7;"AO""";Angola;12;"SA""";Arabie saoudite;22/01/2002 13:35;13:20.0;22784;89725.48
199;Transformation Enterprises;669 Kikaid;8;"AI""";Anguilla;42;"CA""";Canada;14/06/1982 11:53;00:00.0;43353;12351.217
200;Cradle the Call;550 Sheridan;30;"MM""";Birmanie;15;"AW""";Aruba;26/10/1986 08:40;00:00.0;89430;40968.086
201;Nel Video Productions;1270 Linden Ave.;7;"AO""";Angola;12;"SA""";Arabie saoudite;14/10/1985 18:47;13:20.0;74575;84434.0
202;Darcy Frame and Matting Servic;220 Vine Ave.;5;"DE""";Allemagne;15;"AW""";Aruba;30/04/1993 21:00;54:56.0;91758;2522.0059
203;Green Bay Travel Services;1444 Chantilly Ln.;38;"BI""";Burundi;7;"AO""";Angola;07/07/1977 22:47;33:20.0;86625;79320.3
204;Nyman Interior Design;456 Groverland Ave.;48;"KM""";Comores;30;"MM""";Birmanie;09/09/1978 04:33;40:00.0;54440;73204.28
205;Air France;42 Valley Rd.;9;"AQ""";Antarctique;23;"BB""";Barbade;08/03/2005 07:35;13:20.0;82380;3511.7144
206;Dependable Plumbing and Sewer;4763 Blackhawk Rd.;24;"PW""";Belau;37;"BF""";Burkina Faso;03/11/2007 05:22;54:56.0;19756;54886.184
207;Green Shoes Corp.;310 Walker Ave.;36;"BG""";Bulgarie;7;"AO""";Angola;10/01/1994 00:00;46:40.0;9281;30359.178
208;janice Mann Accounting Service;368 Woodland Rd.;38;"BI""";Burundi;8;"AI""";Anguilla;19/09/1993 09:28;40:00.0;64440;48635.03
209;Mac Computer Warehouse;618 Sheriden rd.;12;"SA""";Arabie saoudite;30;"MM""";Birmanie;06/04/2006 17:40;06:40.0;10750;13688.026
210;Marks, Marks, and Kaplan Ltd.;77 Blackhawk Rd;43;"CV""";Cap-Vert;7;"AO""";Angola;23/10/2000 12:48;20:00.0;41001;13868.181
211;Portugal, Liddy, & Son Ltd.;839 Burton Ave;34;"BR""";Br?sil;5;"DE""";Allemagne;19/01/2002 11:20;48:16.0;43200;62590.496
212;Gourmet the Frog;302-A Crestwood Village Rd.;29;"BY""";Bi?lorussie;38;"BI""";Burundi;01/11/1990 22:53;53:20.0;38450;87150.34
213;Green Shoes Corp.;2479 Woodridge Drive;19;"BJ""";B?nin;48;"KM""";Comores;20/10/1982 12:07;40:00.0;6680;5590.32
214;Glenwood Credit Union;2936 Arlington Ave.;46;"CY""";Chypre;9;"AQ""";Antarctique;12/06/2006 11:42;28:16.0;54946;27182.094
215;Schnitzer Denist College;220 Vine Ave.;30;"MM""";Birmanie;24;"PW""";Belau;03/02/1996 06:02;33:20.0;69545;53246.133
216;Green Shoes Corp.;1795 Lake Cook Rd.;13;"AR""";Argentine;36;"BG""";Bulgarie;19/08/2000 16:47;06:40.0;94920;63148.13
217;Moveit Motercycle Service;2045 St. johns Ave.;17;"AT""";Autriche;38;"BI""";Burundi;18/04/1974 06:53;26:40.0;16644;23767.055
218;Eva Galler Galleries Inc.;673 Calais Drive;38;"BI""";Burundi;12;"SA""";Arabie saoudite;03/02/1975 22:53;06:40.0;33518;14075.261
219;Highland Heights Gift Shop;550 Sheridan;49;"CG""";Congo;43;"CV""";Cap-Vert;26/09/2004 07:15;46:40.0;88598;41888.61
220;George Lee Antiques;1155 Ridgewood Drive;22;"BD""";Bangladesh;34;"BR""";Br?sil;14/12/2006 16:15;06:40.0;95652;11218.486
221;Smith Communications Inc.;1535 Knollwood Drive;41;"CM""";Cameroun;29;"BY""";Bi?lorussie;21/09/1987 13:55;20:00.0;8484;75348.336
222;Office Pro Supply Co.;872 Virginia Rd.;48;"KM""";Comores;19;"BJ""";B?nin;08/06/1978 14:20;14:56.0;81320;23040.984
223;Eva Galler Galleries Inc.;2505 Allison ct.;3;"AL""";Albanie;46;"CY""";Chypre;15/05/2000 15:42;33:20.0;68720;35460.805
224;AA Advertising;35 Glenlake Dr.;13;"AR""";Argentine;30;"MM""";Birmanie;18/05/2004 04:47;28:16.0;75136;13600.888
225;Dependable Plumbing and Sewer;1920 Sunnyside Ave.;35;"BN""";Brunei;13;"AR""";Argentine;08/06/2005 15:53;53:20.0;19531;77948.21
226;Mail Boxes Et. Al.;965 Marion Place Apt. 65C;33;"BW""";Botswana;17;"AT""";Autriche;03/03/2004 02:02;46:40.0;50440;38724.867
227;Mergenthaler Inc.;1575 Oak Ave.  Apt. 2C;29;"BY""";Bi?lorussie;38;"BI""";Burundi;11/10/1992 11:40;40:00.0;20265;51858.816
228;Park District Of America;1715 Chicago Ave.;8;"AI""";Anguilla;49;"CG""";Congo;27/01/2003 23:47;08:16.0;23776;52788.418
229;New Dehli Auto Exchange;456 Groverland Ave.;6;"AD""";Andorre;22;"BD""";Bangladesh;10/02/1982 03:33;53:20.0;40990;70552.445
230;Masterlands Cleaning;21 Lakeview Terrace #2312;42;"CA""";Canada;41;"CM""";Cameroun;01/09/1978 13:13;20:00.0;92336;16567.875
231;Woodworks Co.;2220 Grant Blvd.;15;"AW""";Aruba;48;"KM""";Comores;15/11/1980 01:33;26:40.0;16470;20690.908
232;Palmer Golf Supplies;2510 Crain;37;"BF""";Burkina Faso;3;"AL""";Albanie;30/10/1983 22:13;26:40.0;5928;14900.199
233;Lickmen Restoration;4522 N. Greenview Apt. 1B;12;"SA""";Arabie saoudite;13;"AR""";Argentine;07/12/2004 06:13;28:16.0;93677;8756.053
234;Deer Lake Inn;1701 W. Mellody Rd.;40;"KH""";Cambodge;35;"BN""";Brunei;01/07/1985 11:00;00:00.0;95531;94767.78
235;Smith Communications Inc.;3062 Lindenwood Ln.;6;"AD""";Andorre;33;"BW""";Botswana;02/09/1990 08:20;06:40.0;91880;80510.78
236;Park District Of America;1859 Green Bay Rd.;36;"BG""";Bulgarie;29;"BY""";Bi?lorussie;10/07/2005 04:48;21:36.0;95636;42700.96
237;New Dehli Auto Exchange;1535 Knollwood Drive;18;"AZ""";Azerba?djan;8;"AI""";Anguilla;25/06/2004 13:42;53:20.0;34300;37836.973
238;Innman Paint and Glass;643 De Temple Rd.;22;"BD""";Bangladesh;6;"AD""";Andorre;27/01/2003 20:40;53:20.0;79472;35880.28
239;John G. Hartling Ltd.;600 Central Ave.;15;"AW""";Aruba;42;"CA""";Canada;12/12/1998 22:00;34:56.0;63262;81663.77
240;Dean Grant Buick and Crysler;1482 Concorde Circle;44;"CL""";Chili;15;"AW""";Aruba;15/08/2000 15:53;28:16.0;52540;39680.164
241;American Deli Workers Union;965 Marion Place Apt. 65C;18;"AZ""";Azerba?djan;37;"BF""";Burkina Faso;24/08/1989 12:07;41:36.0;77004;91588.78
242;Loyal Order of Buffalo;1019 Deerfield Rd.;29;"BY""";Bi?lorussie;12;"SA""";Arabie saoudite;06/05/2006 21:00;06:40.0;45914;54463.227
243;Car Suite Cleaners;1235 Easton Rd.;48;"KM""";Comores;40;"KH""";Cambodge;04/05/1982 03:28;13:20.0;84811;39624.6
244;Foy Aviation;1715 Chicago Ave.;24;"PW""";Belau;6;"AD""";Andorre;29/09/1982 07:02;48:16.0;89196;16812.145
245;Kapp Camera and Video;511 Hill;16;"AU""";Australie;36;"BG""";Bulgarie;23/07/2002 07:42;41:36.0;51310;16074.569
246;Lee Stairworks and Carpentry,;42 Valley Rd.;15;"AW""";Aruba;18;"AZ""";Azerba?djan;08/04/1980 07:35;40:00.0;83792;55376.48
247;Lake Shore Publishing;115 Judson Rd.;39;"CI""";C?te d'Ivoire;22;"BD""";Bangladesh;08/06/1990 16:47;53:20.0;73548;4985.7266
248;Marcy Elaine Bakery;367Bluebird Terr.;45;"CN""";Chine;15;"AW""";Aruba;04/12/1983 23:08;14:56.0;95840;92544.69
249;Hart Corporation;77 Blackhawk Rd;35;"BN""";Brunei;44;"CL""";Chili;19/12/2002 23:07;48:16.0;55006;10840.422
250;North West Gas Co.;1 Twin Oaks Place;38;"BI""";Burundi;18;"AZ""";Azerba?djan;22/04/1987 15:27;08:16.0;37738;54629.887
251;DBN Bank;550 Sheridan;22;"BD""";Bangladesh;29;"BY""";Bi?lorussie;04/01/2004 10:27;26:40.0;69238;85990.59
252;Arthur M. Feildberg Galleries;3901 Chester Ave. Apt. 3C;18;"AZ""";Azerba?djan;48;"KM""";Comores;11/05/1986 13:53;08:16.0;54885;85709.96
253;Block Boats and Lures;115 Judson Rd.;7;"AO""";Angola;24;"PW""";Belau;31/10/2001 00:40;14:56.0;26160;28666.422
254;Smith Communications Inc.;1920 Sunnyside Ave.;17;"AT""";Autriche;16;"AU""";Australie;20/04/2000 09:15;14:56.0;43751;79375.195
255;Acturial Enterprises Ltd.;669 Kikaid;18;"AZ""";Azerba?djan;15;"AW""";Aruba;15/09/1989 23:00;54:56.0;31965;41600.02
256;Mac Computer Warehouse;2024 St.Johns Ave.;7;"AO""";Angola;39;"CI""";C?te d'Ivoire;08/07/2004 10:35;00:00.0;51018;99928.92
257;Futoons Cartoons Emporium;456 Grossman Ln.;45;"CN""";Chine;45;"CN""";Chine;14/07/2006 03:53;26:40.0;5712;12136.178
258;Acme Chemical Supply;632 Roger Williams;19;"BJ""";B?nin;35;"BN""";Brunei;03/08/2005 05:13;41:36.0;98804;44962.6
259;Cosmo Skin Care Center;115 Pleasent Ave.;49;"CG""";Congo;38;"BI""";Burundi;19/05/2005 07:00;41:36.0;3483;84620.66
260;Woodworks Co.;1220 Heather Lane;46;"CY""";Chypre;22;"BD""";Bangladesh;23/01/1985 03:47;06:40.0;45548;25452.672
261;Block Boats and Lures;12 Fort Sheriden Ave.;3;"AL""";Albanie;18;"AZ""";Azerba?djan;22/06/2004 11:27;28:16.0;18692;45909.957
262;Funnyface Amusement Games;225 Jeffrys Place;19;"BJ""";B?nin;7;"AO""";Angola;08/08/1983 15:13;21:36.0;95570;95906.66
263;Kapp Camera and Video;310 Walker Ave.;19;"BJ""";B?nin;17;"AT""";Autriche;12/09/2002 22:48;21:36.0;17946;18003.225
264;Trapezoid Studios;965 Marion Place Apt. 65C;22;"BD""";Bangladesh;18;"AZ""";Azerba?djan;30/06/1970 14:20;53:20.0;30637;61936.96
265;Portugal, Liddy, & Son Ltd.;433 Burton Ave.;19;"BJ""";B?nin;7;"AO""";Angola;22/01/2000 12:00;00:00.0;54708;55838.336
266;Hibbard Road Suppliers;632 Florence Dr.;48;"KM""";Comores;45;"CN""";Chine;03/02/2005 05:48;13:20.0;13150;58657.94
267;Air France;632 Florence Dr.;48;"KM""";Comores;19;"BJ""";B?nin;04/01/2005 03:35;53:20.0;14858;87089.64
268;Air Guatamala;430 Oakland Drive;22;"BD""";Bangladesh;49;"CG""";Congo;16/11/1971 08:15;08:16.0;44880;84775.516
269;Acme Chemical Supply;970 Vilas Circle;1;"AF""";Afghanistan;46;"CY""";Chypre;01/03/1980 02:55;13:20.0;18652;39184.684
270;Lutz Soft Cloth Car Wash;937 Judson Ave.;21;"BH""";Bahre?n;3;"AL""";Albanie;12/10/1980 01:53;08:16.0;26720;47214.066
271;Parties Galore Golf Course;1287 Glencoe Ave.;46;"CY""";Chypre;19;"BJ""";B?nin;21/04/2004 12:53;00:00.0;6828;83600.93
272;Hilco Auto Body;231 Sheriden Rd.;22;"BD""";Bangladesh;19;"BJ""";B?nin;29/01/1992 04:40;20:00.0;16720;28992.959
273;Esmarda Chemical Manufacturers;574 Chicago Ave.;40;"KH""";Cambodge;22;"BD""";Bangladesh;24/03/2005 16:40;20:00.0;57635;13412.321
274;BBQ Smith's Tex Mex;2112 Ravine Drive;16;"AU""";Australie;19;"BJ""";B?nin;16/05/1992 15:42;13:20.0;31160;33792.79
275;janice Mann Accounting Service;2224 Sherman Rd.;42;"CA""";Canada;48;"KM""";Comores;10/11/1993 10:28;41:36.0;10292;68778.57
276;Bako Delicatessen;2678 Sheridan Rd.;20;"BS""";Bahamas;48;"KM""";Comores;15/09/2000 19:27;54:56.0;60223;13588.852
277;Meonits & Mogogni Inc.;3901 Chester Ave. Apt. 3C;17;"AT""";Autriche;22;"BD""";Bangladesh;07/10/2000 12:35;33:20.0;58180;42279.004
278;Glenwood Credit Union;865 Old Tall Tree Lane;32;"BA""";Bosnie-Herz?govine;1;"AF""";Afghanistan;20/01/1993 20:00;40:00.0;16500;79200.76
279;Deer Lake Inn;425 Lake Ave.;32;"BA""";Bosnie-Herz?govine;21;"BH""";Bahre?n;27/03/1977 16:15;26:40.0;84094;23867.02
280;Elle Hypnosis and Therapy Cent;872 Virginia Rd.;24;"PW""";Belau;46;"CY""";Chypre;20/05/1971 16:07;41:36.0;13525;62050.36
281;Hi-Land Art & Frame;218 Oakridge Ave.;41;"CM""";Cameroun;22;"BD""";Bangladesh;05/06/2001 12:22;40:00.0;86560;3405.5151
282;New Dehli Auto Exchange;241 Callan Rd.;37;"BF""";Burkina Faso;40;"KH""";Cambodge;21/08/1987 07:55;40:00.0;7902;39272.832
283;American Deli Workers Union;1858 Balsam Way;46;"CY""";Chypre;16;"AU""";Australie;20/07/2004 20:33;54:56.0;79056;0.2297
284;Doerner's Awnings and Canopies;671 Blackstone Ave.;32;"BA""";Bosnie-Herz?govine;42;"CA""";Canada;05/05/1978 15:42;41:36.0;21538;65656.99
285;Maintence Services of Maine;2479 Woodridge Drive;21;"BH""";Bahre?n;20;"BS""";Bahamas;02/04/2002 00:15;33:20.0;19288;63360.68
286;Park District Of America;1245 Eastwood;33;"BW""";Botswana;17;"AT""";Autriche;28/11/2004 22:02;41:36.0;2805;13459.57
287;Brand Y Creative Services;1704 Ridgelee Rd;16;"AU""";Australie;32;"BA""";Bosnie-Herz?govine;05/06/1971 21:00;20:00.0;44174;59610.586
288;Chicagoland Cleaners;3478 Bryn Mawr St.;16;"AU""";Australie;32;"BA""";Bosnie-Herz?govine;06/01/2001 09:20;26:40.0;13020;79954.125
289;Quad City Cleaning;42 Valley Rd.;42;"CA""";Canada;24;"PW""";Belau;05/08/1982 21:28;33:20.0;5438;79055.77
290;Caranisco Homes;1915 Lewis Ln.  Apt 13;47;"CO""";Colombie;41;"CM""";Cameroun;31/08/2006 01:53;20:00.0;21314;68673.85
291;Pasifico Inc.;629 Kincaid Ave.;10;"AG""";Antigua-et-Barbuda;37;"BF""";Burkina Faso;09/06/1986 12:20;14:56.0;77454;52060.332
292;Lutz Soft Cloth Car Wash;242 Ashland Ave.;39;"CI""";C?te d'Ivoire;46;"CY""";Chypre;25/07/1975 07:00;20:00.0;21525;57008.492
293;Johnson, Erico & Co CPA's;865 Old Tall Tree Lane;38;"BI""";Burundi;32;"BA""";Bosnie-Herz?govine;06/05/2005 02:20;20:00.0;1125;54418.457
294;Hardee Woodwork Ltd.;1619 Judson Ave. Apt #34B;26;"BZ""";Belize;21;"BH""";Bahre?n;20/03/1989 01:20;26:40.0;23632;18901.44
295;Green Shoes Corp.;4522 N. Greenview Apt. 1B;3;"AL""";Albanie;33;"BW""";Botswana;28/10/2003 18:55;46:40.0;3977;91748.6
296;Cotton Thumb Ltd.;770 Exmoor Rd.;40;"KH""";Cambodge;16;"AU""";Australie;26/02/2002 16:00;00:00.0;12622;75251.375
297;Highland Heights Gift Shop;628 Orwenstensia;33;"BW""";Botswana;16;"AU""";Australie;04/05/2003 21:02;33:20.0;87614;150.357
298;Air Mexico;465 Stratford Rd.;8;"AI""";Anguilla;42;"CA""";Canada;21/12/1992 17:47;40:00.0;50532;50990.035
299;Smith Communications Inc.;4763 Blackhawk Rd.;33;"BW""";Botswana;47;"CO""";Colombie;24/12/1993 02:27;26:40.0;23688;47214.516
300;Auto Interior Carpeting Compan;1234 Devonshire Court;2;"ZA""";Afrique du Sud;10;"AG""";Antigua-et-Barbuda;15/12/1987 00:42;21:36.0;10374;55331.598
301;Camp Oconomowoc;1101 Deerfield Place;6;"AD""";Andorre;39;"CI""";C?te d'Ivoire;15/03/1992 02:42;20:00.0;47760;56210.16
302;Corbins, Rodriguez, & Savocchi;135 Lakewood place;24;"PW""";Belau;38;"BI""";Burundi;17/12/1983 09:07;46:40.0;98000;11059.505
303;Nina's Snow Plowing;669 Kikaid;40;"KH""";Cambodge;26;"BZ""";Belize;21/10/2000 07:28;13:20.0;69796;74.5925
304;Air Guatamala;310 Walker Ave.;1;"AF""";Afghanistan;3;"AL""";Albanie;02/12/2003 15:22;20:00.0;48320;35530.16
306;Morton Roofing and Siding;1233 Arbor Rd.;30;"MM""";Birmanie;33;"BW""";Botswana;25/04/1993 09:42;13:20.0;8975;25212.328
307;Michael Montgomery Hair Saloon;1444 Chantilly Ln.;43;"CV""";Cap-Vert;8;"AI""";Anguilla;25/03/2006 00:13;14:56.0;5816;66678.99
308;Lennox Air Pollution Control;750 Homewood Ave.;27;"BM""";Bermudes;33;"BW""";Botswana;15/11/1983 16:00;21:36.0;88532;70332.61
309;Mail Boxes Et. Al.;266 Green Bay Rd.;43;"CV""";Cap-Vert;2;"ZA""";Afrique du Sud;28/02/1999 11:07;20:00.0;79788;93273.97
310;Caranisco Homes;1912 Old Briar Lane #2;29;"BY""";Bi?lorussie;6;"AD""";Andorre;21/02/1970 14:53;00:00.0;34425;19123.7
311;Air Mexico;1486 Old Deerfield Rd.;41;"CM""";Cameroun;24;"PW""";Belau;14/10/2000 20:20;00:00.0;48730;38422.375
312;Chands CPA;3478 Bryn Mawr St.;17;"AT""";Autriche;40;"KH""";Cambodge;20/06/2006 15:15;53:20.0;96665;3040.7737
313;AA Advertising;245 Oakridge Ave.;7;"AO""";Angola;1;"AF""";Afghanistan;04/09/2001 16:08;06:40.0;43120;78881.51
314;Nirabi Auto Service;1245 Eastwood;5;"DE""";Allemagne;17;"AT""";Autriche;23/08/1971 21:28;20:00.0;92390;19513.766
315;Pac Builders;1065 Hillcrest Circle;36;"BG""";Bulgarie;30;"MM""";Birmanie;12/09/2000 08:07;53:20.0;9000;12980.438
316;Terrinni & Son Auto and Truck;969 Saxony Drive;46;"CY""";Chypre;43;"CV""";Cap-Vert;24/06/1999 05:53;46:40.0;44940;81700.42
317;North Shore Appliance Service;43078 Kennedy Dr.;45;"CN""";Chine;27;"BM""";Bermudes;01/12/1996 08:02;00:00.0;54571;71320.15
318;Parties Galore Golf Course;1701 W. Mellody Rd.;47;"CO""";Colombie;43;"CV""";Cap-Vert;23/01/1996 12:27;06:40.0;79488;72990.03
319;Air Mexico;2678 Sheridan Rd.;2;"ZA""";Afrique du Sud;29;"BY""";Bi?lorussie;13/05/1977 00:22;00:00.0;55065;35624.86
320;Sigman and Freud Psychiatry;120 high St.;39;"CI""";C?te d'Ivoire;41;"CM""";Cameroun;06/06/2001 18:33;20:00.0;64800;99200.99
321;BBQ Smith's Tex Mex;456 Groverland Ave.;1;"AF""";Afghanistan;17;"AT""";Autriche;06/06/1980 09:15;48:16.0;62161;48940.266
322;Doerner's Awnings and Canopies;433 Burton Ave.;1;"AF""";Afghanistan;7;"AO""";Angola;02/02/1987 10:27;46:40.0;62278;90460.63
323;Derbin Contracting Services;1482 Concorde Circle;15;"AW""";Aruba;5;"DE""";Allemagne;06/02/1985 17:47;01:36.0;22391;91988.88
324;Keep Cool Air Conditioner Repa;965 Marion Place Apt. 65C;4;"DZ""";Alg?rie;36;"BG""";Bulgarie;30/04/2001 07:40;46:40.0;46200;51580.15
325;Pete's Auto Repair;1270 Linden Ave.;39;"CI""";C?te d'Ivoire;46;"CY""";Chypre;28/10/2003 03:20;26:40.0;83120;22898.64
326;Marks, Marks, and Kaplan Ltd.;511 Maple Ave.  Apt. 1B;31;"BO""";Bolivie;45;"CN""";Chine;01/02/2000 10:13;53:20.0;86124;82958.09
327;Corbins, Rodriguez, & Savocchi;241 Callan Rd.;30;"MM""";Birmanie;47;"CO""";Colombie;20/12/1980 02:28;06:40.0;64190;83088.4
328;Pasifico Inc.;632 Roger Williams;40;"KH""";Cambodge;2;"ZA""";Afrique du Sud;08/10/2003 12:07;00:00.0;48186;44776.6
329;Palmer Golf Supplies;120 high St.;12;"SA""";Arabie saoudite;39;"CI""";C?te d'Ivoire;19/08/2006 18:35;33:20.0;59443;81782.56
330;Kapp Camera and Video;10 Marquette Rd.;21;"BH""";Bahre?n;1;"AF""";Afghanistan;21/10/1996 13:13;14:56.0;60881;86251.164
331;Caranisco Homes;969 Saxony Drive;7;"AO""";Angola;1;"AF""";Afghanistan;01/03/2000 06:13;33:20.0;77821;79500.33
332;DBN Bank;1220 Heather Lane;38;"BI""";Burundi;15;"AW""";Aruba;01/06/1978 06:35;20:00.0;56241;15805.232
333;Cutter Lawn Mower Repair;662 Lyons Circle;5;"DE""";Allemagne;4;"DZ""";Alg?rie;31/07/1983 01:40;13:20.0;90443;32969.598
334;Lennox Air Pollution Control;929 Brittany Ave.;10;"AG""";Antigua-et-Barbuda;39;"CI""";C?te d'Ivoire;05/05/2004 00:07;48:16.0;71256;37352.832
335;Crosstracks Car Wash;45 South Deer Creek Drive;50;"KP""";Cor?e du Nord;31;"BO""";Bolivie;16/11/1986 12:15;08:16.0;10946;26358.426
336;Schnitzer Denist College;3150 Skokie Valley Rd.;24;"PW""";Belau;30;"MM""";Birmanie;19/02/1985 11:20;41:36.0;95684;10285.278
337;Crossroads Construction, Inc.;600 Central Ave.;2;"ZA""";Afrique du Sud;40;"KH""";Cambodge;04/09/1982 05:00;14:56.0;42692;12448.742
338;Got It All Electronics Supply;3148 cottonwood Ct.;40;"KH""";Cambodge;12;"SA""";Arabie saoudite;22/06/2000 20:22;40:00.0;69342;82128.67
339;Lennox Air Pollution Control;872 Virginia Rd.;24;"PW""";Belau;21;"BH""";Bahre?n;24/09/1989 01:27;46:40.0;92828;87398.91
340;Lennox Air Pollution Control;1839 McCraren Rd.;45;"CN""";Chine;7;"AO""";Angola;22/11/2002 21:20;53:20.0;54565;34027.426
341;Cutter Lawn Mower Repair;1714 Clifton Rd.;32;"BA""";Bosnie-Herz?govine;38;"BI""";Burundi;30/06/2004 17:13;26:40.0;17212;49581.684
342;Libra & Sons;245 Oakridge Ave.;7;"AO""";Angola;5;"DE""";Allemagne;13/06/2005 18:07;34:56.0;45629;28384.35
343;Mail Boxes Et. Al.;3344 Beachwood Ln.;33;"BW""";Botswana;10;"AG""";Antigua-et-Barbuda;17/02/1986 04:53;46:40.0;48602;90915.75
344;North Shore Appliance Service;1444 Chantilly Ln.;21;"BH""";Bahre?n;50;"KP""";Cor?e du Nord;10/06/2001 12:33;46:40.0;37900;63014.26
345;Lee Stairworks and Carpentry,;511 Maple Ave.  Apt. 1B;35;"BN""";Brunei;24;"PW""";Belau;12/11/2005 03:48;20:00.0;41187;44568.223
346;Froggy's Gourmet Catering;2024 St.Johns Ave.;32;"BA""";Bosnie-Herz?govine;2;"ZA""";Afrique du Sud;30/03/1994 11:35;48:16.0;43082;27612.035
347;Nitelites Party Rental;425 Lake Ave.;1;"AF""";Afghanistan;40;"KH""";Cambodge;14/07/1992 08:47;54:56.0;99842;92141.06
348;Dapper's Antiques;175 beech St.;19;"BJ""";B?nin;24;"PW""";Belau;20/02/1998 18:40;01:36.0;85176;33630.074
349;Nina's Snow Plowing;12 Fort Sheriden Ave.;49;"CG""";Congo;45;"CN""";Chine;04/05/2001 11:40;26:40.0;6656;19650.416
350;Truck-X Muffler Repair;3487 Green Bay Rd.;9;"AQ""";Antarctique;32;"BA""";Bosnie-Herz?govine;28/07/2002 15:42;33:20.0;94517;52310.016
351;Kosmo Consulting;77 Blackhawk Rd;26;"BZ""";Belize;7;"AO""";Angola;18/01/2002 07:33;00:00.0;14244;34610.24
352;Johnson, Erico & Co CPA's;3385 University Ave.;35;"BN""";Brunei;33;"BW""";Botswana;23/01/1977 09:33;40:00.0;15888;39667.156
353;George Lee Antiques;1679 McCraren;20;"BS""";Bahamas;21;"BH""";Bahre?n;31/12/1993 17:47;46:40.0;10225;79584.16
354;Kosmo Consulting;38976 Forest View Rd.;15;"AW""";Aruba;35;"BN""";Brunei;23/01/1971 06:27;26:40.0;93708;29020.148
355;Ernie's Foriegn Car Service;12 Fort Sheriden Ave.;2;"ZA""";Afrique du Sud;32;"BA""";Bosnie-Herz?govine;05/06/1994 15:42;46:40.0;95125;90746.86
356;Keep Cool Air Conditioner Repa;1633 McGovern place;35;"BN""";Brunei;1;"AF""";Afghanistan;17/04/1978 02:15;46:40.0;81038;79856.445
357;Ampro Office Team Ltd.;3059 Priscilla Court;9;"AQ""";Antarctique;19;"BJ""";B?nin;17/01/2001 06:27;46:40.0;16817;1340.7396
358;Myles Building Consultants;1831 Beverly Place #9D;25;"BE""";Belgique;49;"CG""";Congo;10/08/2005 22:35;33:20.0;56465;36027.883
359;Peterson Roberts Carpentry;2510 Crain;10;"AG""";Antigua-et-Barbuda;9;"AQ""";Antarctique;18/09/1983 11:02;20:00.0;14624;52133.965
360;Highland Heights Gift Shop;1660 Park Ave.;10;"AG""";Antigua-et-Barbuda;26;"BZ""";Belize;22/07/1975 12:20;13:20.0;68744;61704.07
361;John G. Hartling Ltd.;1126 Hillcrest Ave;19;"BJ""";B?nin;35;"BN""";Brunei;20/01/1975 14:27;46:40.0;28115;31540.143
362;Doll House Rock;1920 Sunnyside Ave.;33;"BW""";Botswana;20;"BS""";Bahamas;11/08/1987 18:07;46:40.0;5564;59699.92
363;Smith Communications Inc.;1875 Roger Williams Ave.;28;"BT""";Bhoutan;15;"AW""";Aruba;28/09/1983 21:02;21:36.0;30524;11165.29
364;Corbins, Rodriguez, & Savocchi;1915 Lewis Ln.  Apt 13;25;"BE""";Belgique;2;"ZA""";Afrique du Sud;13/05/2005 07:55;33:20.0;66552;84312.305
365;Griffith Paving and Sealcoatin;224  Highwood Ave.;27;"BM""";Bermudes;35;"BN""";Brunei;16/04/1972 08:13;13:20.0;23250;75360.875
366;Moveit Motercycle Service;750 Homewood Ave.;47;"CO""";Colombie;9;"AQ""";Antarctique;29/03/2005 12:40;48:16.0;72756;88074.21
367;Lutz Soft Cloth Car Wash;4259 W. Lake Ave.;17;"AT""";Autriche;25;"BE""";Belgique;24/05/1989 09:00;41:36.0;91248;77772.87
368;North Shore Appliance Service;225 Jeffrys Place;39;"CI""";C?te d'Ivoire;10;"AG""";Antigua-et-Barbuda;21/01/1987 11:35;13:20.0;78572;21859.408
369;Vecot Inc.;1444 Chantilly Ln.;27;"BM""";Bermudes;10;"AG""";Antigua-et-Barbuda;19/11/2007 10:15;28:16.0;98040;78225.77
370;Pete's Auto Repair;245 Oakridge Ave.;37;"BF""";Burkina Faso;19;"BJ""";B?nin;30/12/1998 06:40;08:16.0;88045;8056.366
371;Lake Shore Publishing;1799 Rosemary Way;26;"BZ""";Belize;33;"BW""";Botswana;20/09/2005 10:48;34:56.0;98648;42400.938
372;Dean Grant Buick and Crysler;511 Maple Ave.  Apt. 1B;3;"AL""";Albanie;28;"BT""";Bhoutan;19/03/1975 11:20;21:36.0;34789;1480.2612
373;K L Consulting;2112 Ravine Drive;27;"BM""";Bermudes;25;"BE""";Belgique;08/03/2004 17:35;21:36.0;45012;59479.406
374;Palmer Golf Supplies;1126 Hillcrest Ave;50;"KP""";Cor?e du Nord;27;"BM""";Bermudes;26/03/1978 22:40;00:00.0;72952;32896.715
375;Terrinni & Son Auto and Truck;1575 Oakwood Ave.;46;"CY""";Chypre;47;"CO""";Colombie;02/06/1982 22:07;33:20.0;15688;45028.45
376;Venturi Discount Drugs;669 Kikaid;46;"CY""";Chypre;17;"AT""";Autriche;02/09/2001 15:15;26:40.0;32640;12393.208
378;Cutter Lawn Mower Repair;433 Burton Ave.;47;"CO""";Colombie;27;"BM""";Bermudes;24/11/1983 13:08;26:40.0;34972;59882.883
379;Cradle the Call;1547 Vine;22;"BD""";Bangladesh;37;"BF""";Burkina Faso;21/08/1996 05:00;46:40.0;95112;34626.062
380;Lee Stairworks and Carpentry,;4259 W. Lake Ave.;33;"BW""";Botswana;26;"BZ""";Belize;24/06/2001 03:13;20:00.0;23631;49782.477
381;Loyal Order of Buffalo;1777 balsamic Ave.;36;"BG""";Bulgarie;3;"AL""";Albanie;07/06/1974 02:20;20:00.0;99977;33656.547
382;Funnyface Amusement Games;2032 Northbrook Ct.;5;"DE""";Allemagne;27;"BM""";Bermudes;31/08/2000 06:33;00:00.0;49570;50416.406
383;Nina's Snow Plowing;1795 Lake Cook Rd.;49;"CG""";Congo;50;"KP""";Cor?e du Nord;23/05/1980 04:20;28:16.0;49803;63651.0
384;Nina's Snow Plowing;1770 first St.;27;"BM""";Bermudes;46;"CY""";Chypre;14/10/2005 10:33;46:40.0;70670;20024.676
385;Griffith Paving and Sealcoatin;1882 St. Johns;21;"BH""";Bahre?n;46;"CY""";Chypre;05/10/1992 16:47;13:20.0;99912;77000.22
386;Froggy's Gourmet Catering;1915 Lewis Ln.  Apt 13;36;"BG""";Bulgarie;18;"AZ""";Azerba?djan;10/03/2000 17:35;40:00.0;81720;27600.102
387;Dependable Plumbing and Sewer;59 Cordon Terr.;44;"CL""";Chili;47;"CO""";Colombie;10/03/1993 21:47;13:20.0;62804;88563.414
388;Foy Aviation;673 Calais Drive;41;"CM""";Cameroun;22;"BD""";Bangladesh;31/03/1994 15:22;26:40.0;52262;18112.865
389;Schnitzer Denist College;22 Clay rd.;20;"BS""";Bahamas;33;"BW""";Botswana;30/09/2007 16:48;06:40.0;11808;36664.652
390;Pasifico Inc.;10 Marquette Rd.;5;"DE""";Allemagne;36;"BG""";Bulgarie;19/10/2006 09:13;33:20.0;30220;69800.99
391;Masterlands Cleaning;632 Roger Williams;46;"CY""";Chypre;5;"DE""";Allemagne;27/04/1999 09:00;00:00.0;19232;94992.805
392;Hibbard Road Suppliers;2267 Anderson Lane;39;"CI""";C?te d'Ivoire;49;"CG""";Congo;12/02/1985 23:47;53:20.0;2135;29920.143
393;AA Advertising;899 Harvard Ct;38;"BI""";Burundi;27;"BM""";Bermudes;14/03/2005 02:28;06:40.0;22565;94625.33
394;Kapp Camera and Video;45 South Deer Creek Drive;44;"CL""";Chili;21;"BH""";Bahre?n;29/06/2001 05:27;13:20.0;27283;44068.426
395;Morgan Construction Co;788 Tennyson Ave.;40;"KH""";Cambodge;36;"BG""";Bulgarie;02/07/2004 21:27;14:56.0;58410;60486.613
396;Myers Chocolates and Confectio;1777 balsamic Ave.;26;"BZ""";Belize;44;"CL""";Chili;15/09/1978 18:08;34:56.0;30625;92640.04
397;MedicServe Medical Supply;3100 Trailer Way;29;"BY""";Bi?lorussie;41;"CM""";Cameroun;20/02/2003 03:20;54:56.0;83598;30977.322
398;BBQ Smith's Tex Mex;1975 elmwood Circle;13;"AR""";Argentine;20;"BS""";Bahamas;20/09/1978 01:40;00:00.0;7870;32641.863
399;Highland Woods City Hall;3478 Bryn Mawr St.;18;"AZ""";Azerba?djan;5;"DE""";Allemagne;26/11/1994 14:27;00:00.0;57109;87965.05
400;P K M Packaging Supply;218 Oakridge Ave.;43;"CV""";Cap-Vert;46;"CY""";Chypre;23/07/2001 12:47;08:16.0;7412;94584.54
401;Morgan Construction Co;629 Kincaid Ave.;7;"AO""";Angola;39;"CI""";C?te d'Ivoire;16/03/1983 10:53;40:00.0;69098;10485.22
402;PGS Associates;35 Glenlake Dr.;28;"BT""";Bhoutan;38;"BI""";Burundi;09/07/1977 21:15;26:40.0;62106;4994.6636
403;Nitelites Party Rental;313 Grove Ave.;44;"CL""";Chili;44;"CL""";Chili;12/03/2003 23:20;21:36.0;68941;32901.8
404;Caranisco Homes;643 De Temple Rd.;10;"AG""";Antigua-et-Barbuda;40;"KH""";Cambodge;19/07/2006 01:02;13:20.0;58800;37998.25
405;Pete's Auto Repair;241 Callan Rd.;39;"CI""";C?te d'Ivoire;26;"BZ""";Belize;15/06/1972 13:40;41:36.0;78920;94505.99
406;Meonits & Mogogni Inc.;574 Chicago Ave.;48;"KM""";Comores;29;"BY""";Bi?lorussie;22/03/2005 16:42;21:36.0;95571;95619.74
407;Highland Lanes;600 Central Ave.;31;"BO""";Bolivie;13;"AR""";Argentine;02/02/2004 08:53;40:00.0;18564;99524.44
408;Peterson Roberts Carpentry;1875 Roger Williams Ave.;36;"BG""";Bulgarie;18;"AZ""";Azerba?djan;01/06/2000 05:40;41:36.0;54360;43555.062
409;Masterlands Cleaning;1954 First St.;25;"BE""";Belgique;43;"CV""";Cap-Vert;07/12/1987 18:27;46:40.0;10848;62604.78
410;Derbin Contracting Services;218 Oakridge Ave.;34;"BR""";Br?sil;7;"AO""";Angola;06/08/1985 08:07;20:00.0;45514;23645.844
411;North Park Lighting Galleries;120 high St.;13;"AR""";Argentine;28;"BT""";Bhoutan;27/07/2001 14:22;41:36.0;67760;19449.59
412;Transformation Enterprises;2505 Allison ct.;10;"AG""";Antigua-et-Barbuda;44;"CL""";Chili;04/03/1998 08:27;06:40.0;56458;73040.71
413;Libra & Sons;77 Blackhawk Rd;10;"AG""";Antigua-et-Barbuda;10;"AG""";Antigua-et-Barbuda;22/12/1987 08:27;41:36.0;54142;22488.703
414;Darcy Frame and Matting Servic;505 N. Frances St.;16;"AU""";Australie;39;"CI""";C?te d'Ivoire;08/03/1998 23:33;54:56.0;53900;77774.984
415;Palmer Golf Supplies;241 Callan Rd.;26;"BZ""";Belize;48;"KM""";Comores;02/02/1997 16:13;06:40.0;7456;33428.36
416;Schnitzer Denist College;2632 Prarie Ln.;31;"BO""";Bolivie;31;"BO""";Bolivie;08/06/2000 23:02;21:36.0;62551;95184.125
417;Cotton Thumb Ltd.;618 Sheriden rd.;27;"BM""";Bermudes;36;"BG""";Bulgarie;14/02/2000 00:27;06:40.0;24762;56396.734
418;Highland Lanes;669 Kikaid;44;"CL""";Chili;25;"BE""";Belgique;28/03/1980 02:53;34:56.0;81720;28145.238
419;Deer Lake Inn;511 Hill;38;"BI""";Burundi;34;"BR""";Br?sil;05/08/1989 14:35;46:40.0;82752;28310.027
420;Flinn Mosquito and Pest Contro;2922 Twin Oaks Drive;27;"BM""";Bermudes;13;"AR""";Argentine;24/09/2002 23:28;20:00.0;90558;72048.27
421;Air Mexico;313 Grove Ave.;12;"SA""";Arabie saoudite;10;"AG""";Antigua-et-Barbuda;17/08/1982 03:40;13:20.0;91180;64514.582
422;AAA Daniels Antiques;1839 McCraren Rd.;19;"BJ""";B?nin;10;"AG""";Antigua-et-Barbuda;08/05/1972 20:07;13:20.0;54080;19090.209
423;Chands CPA;2678 Sheridan Rd.;42;"CA""";Canada;16;"AU""";Australie;24/08/2006 10:48;33:20.0;68495;75726.04
424;BBQ Smith's Tex Mex;225 Jeffrys Place;3;"AL""";Albanie;26;"BZ""";Belize;15/10/2001 04:22;26:40.0;49620;226.2824
425;Lee Stairworks and Carpentry,;425 Lake Ave.;6;"AD""";Andorre;31;"BO""";Bolivie;31/08/2001 21:13;33:20.0;62416;33444.887
426;Acturial Enterprises Ltd.;1949 Cloverdale Rd.;36;"BG""";Bulgarie;27;"BM""";Bermudes;23/05/2003 09:28;14:56.0;64950;66828.46
427;Toggle & Myerson Ltd;550 Sheridan;50;"KP""";Cor?e du Nord;44;"CL""";Chili;27/10/2000 09:13;53:20.0;91702;30376.225
428;Crossroads Construction, Inc.;581 Hill St. Apt. 234;47;"CO""";Colombie;38;"BI""";Burundi;05/10/1982 11:00;41:36.0;56600;92136.47
429;Futoons Cartoons Emporium;669 Kikaid;17;"AT""";Autriche;27;"BM""";Bermudes;29/10/1982 09:15;53:20.0;38085;45416.95
430;Flinn Mosquito and Pest Contro;785 Highland place;31;"BO""";Bolivie;12;"SA""";Arabie saoudite;13/02/1978 14:15;53:20.0;74248;10360.563
431;PGS Associates;1907 S. Prospect Ave.;48;"KM""";Comores;19;"BJ""";B?nin;30/11/1978 07:47;20:00.0;75376;27300.553
433;Hilco Auto Body;512 Hill;3;"AL""";Albanie;3;"AL""";Albanie;14/04/2004 00:47;06:40.0;91456;23472.822
434;North West Gas Co.;3385 University Ave.;9;"AQ""";Antarctique;6;"AD""";Andorre;02/02/1971 07:22;33:20.0;52830;52880.04
435;Derbin Contracting Services;726 White Oaks Ave.;25;"BE""";Belgique;36;"BG""";Bulgarie;08/04/1980 07:35;26:40.0;82364;25110.414
436;Camp Stuff;355 Golf Rd.;7;"AO""";Angola;50;"KP""";Cor?e du Nord;17/04/2006 23:28;46:40.0;70375;23035.348
437;Doll House Rock;1715 Chicago Ave.;10;"AG""";Antigua-et-Barbuda;47;"CO""";Colombie;12/07/2000 05:00;01:36.0;74504;91246.39
438;Tub's Furniture Store;2267 Anderson Lane;32;"BA""";Bosnie-Herz?govine;17;"AT""";Autriche;22/09/2003 04:07;54:56.0;26462;86360.445
439;Lake Shore Publishing;654 Walnut Rd.;27;"BM""";Bermudes;31;"BO""";Bolivie;09/03/2000 16:15;00:00.0;43976;42980.668
440;BBQ Smith's Tex Mex;3181 Barkwood Ct.;15;"AW""";Aruba;48;"KM""";Comores;01/02/2002 04:53;46:40.0;11188;56488.57
441;Brand Y Creative Services;1185 County line Rd.;34;"BR""";Br?sil;32;"BA""";Bosnie-Herz?govine;05/09/2001 12:20;40:00.0;93920;26650.08
442;Gordon & Son Brockerage Ltd.;2600 Winsor Mall;28;"BT""";Bhoutan;3;"AL""";Albanie;22/06/2000 12:47;53:20.0;32178;80014.32
443;North Shore Appliance Service;2220 Grant Blvd.;50;"KP""";Cor?e du Nord;9;"AQ""";Antarctique;03/12/2002 09:08;06:40.0;22289;11175.857
444;Air France;1575 Oakwood Ave.;32;"BA""";Bosnie-Herz?govine;25;"BE""";Belgique;22/03/1980 08:00;00:00.0;88019;73228.33
445;Nina's Snow Plowing;1575 Oakwood Ave.;38;"BI""";Burundi;7;"AO""";Angola;08/07/1975 05:55;20:00.0;55184;42306.605
446;Arthur M. Feildberg Galleries;1155 Ridgewood Drive;2;"ZA""";Afrique du Sud;10;"AG""";Antigua-et-Barbuda;18/11/2000 01:08;28:16.0;21354;67600.55
447;Hardee Woodwork Ltd.;3148 cottonwood Ct.;22;"BD""";Bangladesh;32;"BA""";Bosnie-Herz?govine;02/02/2004 20:00;26:40.0;97323;25614.334
448;Doll House Rock;969 Saxony Drive;11;"AN""";Antilles n?erlandaises;27;"BM""";Bermudes;22/10/2005 20:35;46:40.0;99211;69448.76
449;Hoffman Printing Center;600 Central Ave.;37;"BF""";Burkina Faso;15;"AW""";Aruba;01/03/2006 11:35;26:40.0;86712;16080.434
450;Pivot Point College;1704 Ridgelee Rd;28;"BT""";Bhoutan;34;"BR""";Br?sil;24/03/1992 18:00;46:40.0;63412;28946.447
451;Truck-X Muffler Repair;1444 Chantilly Ln.;15;"AW""";Aruba;28;"BT""";Bhoutan;17/04/1978 22:27;34:56.0;98416;29330.748
452;Innman Paint and Glass;1019 Deerfield Rd.;3;"AL""";Albanie;50;"KP""";Cor?e du Nord;12/04/1983 01:47;28:16.0;78206;46906.445
453;Maintence Services of Maine;22 Clay rd.;44;"CL""";Chili;32;"BA""";Bosnie-Herz?govine;22/11/2005 06:53;08:16.0;64444;8408.493
454;Nyman Interior Design;2112 Ravine Drive;8;"AI""";Anguilla;38;"BI""";Burundi;19/02/2004 17:33;00:00.0;16436;88085.18
455;Jay's Cabinet Company;1799 Rosemary Way;21;"BH""";Bahre?n;2;"ZA""";Afrique du Sud;10/11/2000 18:53;06:40.0;81816;79872.63
456;Air Mexico;2678 Sheridan Rd.;48;"KM""";Comores;22;"BD""";Bangladesh;05/08/1985 15:27;26:40.0;80050;10108.255
457;Ampro Office Team Ltd.;12 Craven Way;23;"BB""";Barbade;11;"AN""";Antilles n?erlandaises;21/01/2007 17:20;06:40.0;83310;17137.412
458;Truck-X Muffler Repair;433 Burton Ave.;24;"PW""";Belau;37;"BF""";Burkina Faso;07/12/2000 07:33;33:20.0;74244;10320.292
459;MedicServe Medical Supply;1752 Clinton Ave.;28;"BT""";Bhoutan;28;"BT""";Bhoutan;05/07/2003 02:08;20:00.0;29340;58600.434
460;Transformation Enterprises;224  Highwood Ave.;25;"BE""";Belgique;15;"AW""";Aruba;31/08/1974 17:53;33:20.0;81896;12758.722
461;Pete's Auto Repair;1220 Heather Lane;3;"AL""";Albanie;3;"AL""";Albanie;20/01/1978 16:00;54:56.0;23112;5129.907
462;Crosstracks Car Wash;2678 Sheridan Rd.;27;"BM""";Bermudes;44;"CL""";Chili;01/12/1996 17:07;06:40.0;25976;49716.434
463;Lake Shore Publishing;886 Yale Lane;45;"CN""";Chine;8;"AI""";Anguilla;10/09/1982 11:00;33:20.0;26750;46196.418
464;Schmidt Denists;4522 N. Greenview Apt. 1B;35;"BN""";Brunei;21;"BH""";Bahre?n;17/04/2006 15:53;41:36.0;39705;84800.78
465;Lennox Air Pollution Control;244 Briar Ln;46;"CY""";Chypre;48;"KM""";Comores;11/03/1983 03:07;20:00.0;44014;69155.48
466;Salt & Pepper Catering Service;4467 Sheridan Rd.;50;"KP""";Cor?e du Nord;23;"BB""";Barbade;12/11/1980 18:00;21:36.0;57664;54652.535
467;Froggy's Gourmet Catering;512 Hill;40;"KH""";Cambodge;24;"PW""";Belau;30/07/1983 09:00;28:16.0;10793;47610.953
468;Chicagoland Cleaners;1234 Devonshire Court;30;"MM""";Birmanie;28;"BT""";Bhoutan;11/08/2004 00:08;34:56.0;63020;84350.68
469;Brand Y Creative Services;854 Woodbine;28;"BT""";Bhoutan;25;"BE""";Belgique;14/03/1992 19:07;13:20.0;21592;65849.01
470;Bill's Dive Shop;628 Orwenstensia;28;"BT""";Bhoutan;3;"AL""";Albanie;03/08/1974 12:07;13:20.0;46644;51376.223
471;Doerner's Awnings and Canopies;1839 McCraren Rd.;36;"BG""";Bulgarie;27;"BM""";Bermudes;28/04/1982 17:40;06:40.0;94503;84156.97
472;Bernhardt Ltd.;1660 Park Ave.;40;"KH""";Cambodge;45;"CN""";Chine;21/03/1972 04:27;01:36.0;35814;78935.22
473;Masterlands Cleaning;2220 Grant Blvd.;48;"KM""";Comores;35;"BN""";Brunei;03/07/1989 10:07;41:36.0;7004;46.0619
474;Doerner's Awnings and Canopies;175 beech St.;39;"CI""";C?te d'Ivoire;46;"CY""";Chypre;19/02/1993 22:13;40:00.0;89420;70844.164
475;Lickmen Restoration;3148 cottonwood Ct.;45;"CN""";Chine;50;"KP""";Cor?e du Nord;04/02/1994 22:13;20:00.0;20816;15218.089
476;Futoons Cartoons Emporium;1019 Deerfield Rd.;41;"CM""";Cameroun;40;"KH""";Cambodge;07/01/1972 02:40;06:40.0;72152;96375.41
477;Glenwood Credit Union;210 Cresant Rd.;17;"AT""";Autriche;30;"MM""";Birmanie;12/09/2004 15:40;20:00.0;37866;22040.957
478;Cosmo Skin Care Center;628 Orwenstensia;42;"CA""";Canada;28;"BT""";Bhoutan;14/12/2000 08:27;33:20.0;77888;65475.523
479;Dapper's Antiques;1077 Court Ave.;36;"BG""";Bulgarie;28;"BT""";Bhoutan;16/03/1992 06:28;41:36.0;40480;34056.27
480;Portugal, Liddy, & Son Ltd.;135 Lakewood place;4;"DZ""";Alg?rie;36;"BG""";Bulgarie;13/08/2000 22:22;48:16.0;48643;26920.518
481;Doll House Rock;10 Marquette Rd.;38;"BI""";Burundi;40;"KH""";Cambodge;21/07/2001 19:28;14:56.0;85512;31339.355
482;Innman Paint and Glass;224  Highwood Ave.;35;"BN""";Brunei;48;"KM""";Comores;14/05/2000 21:00;20:00.0;74643;20742.346
483;Garfield Appliance Service;1450 Harding Ave.;8;"AI""";Anguilla;39;"CI""";C?te d'Ivoire;14/09/1992 20:47;26:40.0;51512;13896.765
484;Brand Y Creative Services;632 Roger Williams;47;"CO""";Colombie;45;"CN""";Chine;31/08/1999 12:47;46:40.0;93098;78078.06
485;Metro Appliance Service;1658 Second St.;5;"DE""";Allemagne;41;"CM""";Cameroun;25/04/1977 15:42;33:20.0;71610;62830.566
486;AAA Daniels Antiques;886 Yale Lane;2;"ZA""";Afrique du Sud;17;"AT""";Autriche;17/01/1999 19:07;00:00.0;26614;33549.727
487;Nel Video Productions;245 Oakridge Ave.;32;"BA""";Bosnie-Herz?govine;42;"CA""";Canada;15/06/2005 14:33;21:36.0;16000;65788.0
488;Darcy Frame and Matting Servic;1535 Knollwood Drive;17;"AT""";Autriche;36;"BG""";Bulgarie;21/09/1971 19:55;13:20.0;54016;6915.664
489;Highland Lanes;970 Vilas Circle;2;"ZA""";Afrique du Sud;4;"DZ""";Alg?rie;25/11/2006 15:08;40:00.0;94581;72270.836
490;janice Mann Accounting Service;12 Skokie Valley Rd.;34;"BR""";Br?sil;38;"BI""";Burundi;07/07/1993 00:07;40:00.0;50296;29615.562
491;Highland Woods City Hall;12 Walker Ave.;34;"BR""";Br?sil;35;"BN""";Brunei;28/09/1978 11:42;53:20.0;80830;89464.22
492;John G. Hartling Ltd.;2505 Allison ct.;50;"KP""";Cor?e du Nord;8;"AI""";Anguilla;18/08/1992 09:42;33:20.0;77885;44688.992
493;Cotton Thumb Ltd.;1337 Cavell Ave.;8;"AI""";Anguilla;47;"CO""";Colombie;20/02/2003 03:20;33:20.0;80546;81795.98
494;Salt & Pepper Catering Service;2024 St.Johns Ave.;4;"DZ""";Alg?rie;5;"DE""";Allemagne;05/09/2005 07:00;20:00.0;11705;45728.1
495;Office Pro Supply Co.;1658 Second St.;24;"PW""";Belau;2;"ZA""";Afrique du Sud;16/06/2000 22:33;53:20.0;12293;34373.12
496;Johnson, Erico & Co CPA's;45 South Deer Creek Drive;48;"KM""";Comores;32;"BA""";Bosnie-Herz?govine;01/12/1987 12:27;46:40.0;97628;32837.484
497;Got It All Electronics Supply;1658 Second St.;28;"BT""";Bhoutan;17;"AT""";Autriche;30/04/1992 10:48;48:16.0;13382;70800.21
498;Mail Boxes Et. Al.;807 Old Trail Rd.;36;"BG""";Bulgarie;2;"ZA""";Afrique du Sud;31/05/2001 21:15;26:40.0;11636;91944.32
499;Shaggy's Grooming Services;600 Central Ave.;11;"AN""";Antilles n?erlandaises;34;"BR""";Br?sil;14/09/1996 01:13;14:56.0;7226;6396.7017
500;Lake Shore Beaches;746 Judson Place;19;"BJ""";B?nin;34;"BR""";Br?sil;19/07/1970 10:22;28:16.0;20384;28642.6
501;Maintence Services of Maine;1450 Harding Ave.;8;"AI""";Anguilla;50;"KP""";Cor?e du Nord;12/01/1983 13:48;20:00.0;51033;26522.6
502;Tub's Furniture Store;854 Woodbine;40;"KH""";Cambodge;8;"AI""";Anguilla;14/04/1980 22:40;08:16.0;21753;6880.4023
503;Transformation Enterprises;1235 Easton Rd.;34;"BR""";Br?sil;4;"DZ""";Alg?rie;22/10/2005 08:48;40:00.0;8818;82454.92
504;Innman Paint and Glass;852 Sumac Rd.;10;"AG""";Antigua-et-Barbuda;24;"PW""";Belau;23/08/1980 07:27;53:20.0;10646;98735.38
505;Truck-X Muffler Repair;2505 Allison ct.;48;"KM""";Comores;48;"KM""";Comores;18/01/1978 19:33;53:20.0;61125;4602.9297
506;Yale Remins Temp Agency;614 green bay Rd.;42;"CA""";Canada;28;"BT""";Bhoutan;01/09/1982 21:27;48:16.0;2389;89254.19
507;Perimeter Security Consultants;750 Homewood Ave.;3;"AL""";Albanie;36;"BG""";Bulgarie;26/01/2003 10:55;33:20.0;87960;31224.018
508;North Shore Appliance Service;2045 St. johns Ave.;19;"BJ""";B?nin;11;"AN""";Antilles n?erlandaises;12/09/1992 20:48;53:20.0;75963;17361.227
509;Air Mexico;12 Skokie Valley Rd.;18;"AZ""";Azerba?djan;19;"BJ""";B?nin;31/01/2006 05:33;00:00.0;32962;78780.22
510;Ampro Office Team Ltd.;616 Cobblestone Cir.;34;"BR""";Br?sil;8;"AI""";Anguilla;19/06/1992 05:15;00:00.0;75024;39462.523
511;Morton Roofing and Siding;218 Oakridge Ave.;32;"BA""";Bosnie-Herz?govine;40;"KH""";Cambodge;25/07/1985 01:40;26:40.0;17498;92518.11
512;Flinn Mosquito and Pest Contro;1882 St. Johns;9;"AQ""";Antarctique;34;"BR""";Br?sil;19/11/2006 13:07;40:00.0;53056;74859.06
513;Jay's Cabinet Company;2600 Winsor Mall;19;"BJ""";B?nin;10;"AG""";Antigua-et-Barbuda;21/03/1977 13:47;46:40.0;98022;35931.547
514;Morgan Construction Co;899 Harvard Ct;5;"DE""";Allemagne;48;"KM""";Comores;22/12/2005 20:13;40:00.0;49436;15628.533
515;Parties Galore Golf Course;334 Lynn Terrace;5;"DE""";Allemagne;42;"CA""";Canada;24/08/1993 14:47;20:00.0;13305;12978.68
516;Smith & Wesson Militia;1795 Lake Cook Rd.;2;"ZA""";Afrique du Sud;3;"AL""";Albanie;18/05/1982 21:00;00:00.0;70040;34841.69
517;Lickmen Restoration;3059 Priscilla Court;37;"BF""";Burkina Faso;19;"BJ""";B?nin;10/02/2000 21:35;20:00.0;16760;55670.016
518;Facelift Kitchen and Bath;241 Callan Rd.;41;"CM""";Cameroun;18;"AZ""";Azerba?djan;14/05/1970 20:07;33:20.0;77600;74356.984
519;Lambert & Locke Legal Services;1337 Cavell Ave.;21;"BH""";Bahre?n;34;"BR""";Br?sil;19/02/1978 01:33;33:20.0;5088;82329.195
520;Marcy Elaine Bakery;852 Sumac Rd.;39;"CI""";C?te d'Ivoire;32;"BA""";Bosnie-Herz?govine;20/05/2001 00:48;54:56.0;99200;67202.75
521;North Shore Appliance Service;430 Oakland Drive;39;"CI""";C?te d'Ivoire;9;"AQ""";Antarctique;22/11/2005 06:53;20:00.0;59344;10916.333
522;Energy Source Diet Centers;465 Stratford Rd.;29;"BY""";Bi?lorussie;19;"BJ""";B?nin;26/06/1996 04:33;13:20.0;54718;47348.664
523;Crossroads Construction, Inc.;1715 Chicago Ave.;19;"BJ""";B?nin;5;"DE""";Allemagne;16/09/1978 03:13;00:00.0;31777;79564.95
524;Smith Communications Inc.;1859 Green Bay Rd.;14;"AM""";Arm?nie;5;"DE""";Allemagne;25/06/1987 23:53;33:20.0;67538;6150.886
525;Hi-Land Art & Frame;201-C Frontage Rd.;26;"BZ""";Belize;2;"ZA""";Afrique du Sud;29/06/1997 17:00;40:00.0;50335;20096.14
526;Keep Cool Air Conditioner Repa;456 Groverland Ave.;49;"CG""";Congo;37;"BF""";Burkina Faso;13/08/2006 12:08;00:00.0;75620;54328.312
527;Dependable Plumbing and Sewer;574 Chicago Ave.;43;"CV""";Cap-Vert;41;"CM""";Cameroun;07/03/1990 16:28;33:20.0;31559;44200.22
528;Tub's Furniture Store;1679 McCraren;3;"AL""";Albanie;21;"BH""";Bahre?n;15/12/1985 02:00;06:40.0;67144;11381.337
529;Libra & Sons;629 Kincaid Ave.;39;"CI""";C?te d'Ivoire;39;"CI""";C?te d'Ivoire;06/09/1990 23:27;33:20.0;51038;77993.96
530;Cotton Thumb Ltd.;726 White Oaks Ave.;14;"AM""";Arm?nie;39;"CI""";C?te d'Ivoire;25/08/1990 05:53;21:36.0;62546;56668.656
531;Palmer Golf Supplies;425 Lake Ave.;49;"CG""";Congo;29;"BY""";Bi?lorussie;28/04/1987 17:55;28:16.0;82023;35598.76
532;Gourmet the Frog;614 green bay Rd.;31;"BO""";Bolivie;19;"BJ""";B?nin;08/12/1980 21:47;08:16.0;30860;64434.496
533;Flinn Mosquito and Pest Contro;2267 Anderson Lane;35;"BN""";Brunei;14;"AM""";Arm?nie;25/06/1970 12:07;01:36.0;79914;67386.03
534;Gilbert Co.;1715 Chicago Ave.;2;"ZA""";Afrique du Sud;26;"BZ""";Belize;12/09/1989 11:40;46:40.0;11436;38081.414
535;Flinn Mosquito and Pest Contro;854 Woodbine;29;"BY""";Bi?lorussie;49;"CG""";Congo;19/08/2005 10:07;14:56.0;84937;43039.53
536;Truck-X Muffler Repair;2510 Crain;34;"BR""";Br?sil;43;"CV""";Cap-Vert;07/08/2005 03:40;20:00.0;52957;20031.488
537;Green Bay Travel Services;550 Sheridan;35;"BN""";Brunei;3;"AL""";Albanie;25/03/2005 09:20;28:16.0;81865;43654.535
538;Acme Chemical Supply;465 Stratford Rd.;16;"AU""";Australie;39;"CI""";C?te d'Ivoire;12/10/1982 20:47;06:40.0;3230;77930.51
539;Car Suite Cleaners;937 Judson Ave.;10;"AG""";Antigua-et-Barbuda;14;"AM""";Arm?nie;25/12/1978 02:13;08:16.0;24442;52050.066
540;Ampro Office Team Ltd.;628 Orwenstensia;12;"SA""";Arabie saoudite;49;"CG""";Congo;19/05/1972 13:42;41:36.0;61602;14794.876
541;Office Pro Supply Co.;54 Lakeview Terrace;50;"KP""";Cor?e du Nord;31;"BO""";Bolivie;25/07/2004 19:15;26:40.0;77828;72886.8
542;Transformation Enterprises;857 Woodbine Rd;11;"AN""";Antilles n?erlandaises;35;"BN""";Brunei;13/10/1996 18:22;28:16.0;77465;44448.684
543;Toggle & Myerson Ltd;2936 Arlington Ave.;34;"BR""";Br?sil;2;"ZA""";Afrique du Sud;15/01/2006 17:20;01:36.0;75144;61480.17
544;Nitelites Party Rental;1450 Harding Ave.;32;"BA""";Bosnie-Herz?govine;29;"BY""";Bi?lorussie;11/05/1994 13:40;40:00.0;11020;2872.8076
545;Bill's Dive Shop;1954 First St.;41;"CM""";Cameroun;34;"BR""";Br?sil;11/05/1982 11:13;41:36.0;82182;29460.81
546;Metro Appliance Service;242 Ashland Ave.;17;"AT""";Autriche;35;"BN""";Brunei;20/04/1996 20:08;46:40.0;41032;92104.31
547;Froggy's Gourmet Catering;1633 McGovern place;25;"BE""";Belgique;16;"AU""";Australie;10/10/1989 13:55;48:16.0;14760;62276.117
548;Shaggy's Grooming Services;1220 Heather Lane;44;"CL""";Chili;10;"AG""";Antigua-et-Barbuda;27/04/1972 12:55;21:36.0;25056;64698.492
549;Air Guatamala;456 Groverland Ave.;41;"CM""";Cameroun;12;"SA""";Arabie saoudite;23/03/1996 16:53;34:56.0;12912;53424.87
550;Woodworks Co.;302-A Crestwood Village Rd.;42;"CA""";Canada;50;"KP""";Cor?e du Nord;20/01/2006 22:15;54:56.0;84770;51808.79
551;Schmidt Denists;844 Spruce St.;16;"AU""";Australie;11;"AN""";Antilles n?erlandaises;27/02/2006 00:27;33:20.0;61868;18952.027
552;Salt & Pepper Catering Service;643 De Temple Rd.;2;"ZA""";Afrique du Sud;34;"BR""";Br?sil;28/12/1993 06:27;54:56.0;79980;47656.152
553;Nirabi Auto Service;2148 Eastview Dr.;34;"BR""";Br?sil;32;"BA""";Bosnie-Herz?govine;10/05/1989 19:15;06:40.0;35028;11930.506
554;Loyal Order of Buffalo;852 Sumac Rd.;16;"AU""";Australie;41;"CM""";Cameroun;13/09/1992 05:53;01:36.0;42248;49300.496
555;Hoffman Printing Center;2112 Ravine Drive;31;"BO""";Bolivie;17;"AT""";Autriche;18/09/2002 17:42;53:20.0;33480;46972.406
556;Bee Line Publishing;14836 W. River Oaks Dr.;48;"KM""";Comores;25;"BE""";Belgique;09/03/1983 23:20;01:36.0;83476;10330.699
557;Metro Appliance Service;2045 St. johns Ave.;50;"KP""";Cor?e du Nord;44;"CL""";Chili;23/10/2001 22:33;53:20.0;91052;47579.137
558;Childress Child Day Care;616 Cobblestone Cir.;13;"AR""";Argentine;41;"CM""";Cameroun;25/07/2004 11:40;08:16.0;79560;45360.977
559;Acturial Enterprises Ltd.;1535 Knollwood Drive;46;"CY""";Chypre;42;"CA""";Canada;28/09/1990 14:08;06:40.0;34380;92040.89
560;Crossroads Construction, Inc.;854 Woodbine;3;"AL""";Albanie;16;"AU""";Australie;30/01/2001 00:55;01:36.0;27655;60913.15
561;Arthur M. Feildberg Galleries;45 South Deer Creek Drive;3;"AL""";Albanie;2;"ZA""";Afrique du Sud;24/04/2001 00:40;26:40.0;75518;18374.137
562;Lake Shore Beaches;42 Valley Rd.;49;"CG""";Congo;34;"BR""";Br?sil;01/08/2003 02:07;53:20.0;79414;64873.758
563;John G. Hartling Ltd.;600 Central Ave;43;"CV""";Cap-Vert;16;"AU""";Australie;20/09/2000 13:00;26:40.0;64557;24160.906
564;Elle Hypnosis and Therapy Cent;1185 County line Rd.;30;"MM""";Birmanie;31;"BO""";Bolivie;01/06/2000 19:00;26:40.0;78880;25040.223
565;Pivot Point College;1860 Parkside Ln.;47;"CO""";Colombie;48;"KM""";Comores;25/05/1989 12:47;53:20.0;9352;19990.45
566;Got It All Electronics Supply;770 Exmoor Rd.;36;"BG""";Bulgarie;50;"KP""";Cor?e du Nord;18/09/2001 05:53;13:20.0;59409;97334.33
567;Morgan Construction Co;35 Glenlake Dr.;7;"AO""";Angola;13;"AR""";Argentine;11/02/2003 15:48;34:56.0;84936;35399.19
568;Lake Shore Publishing;673 Calais Drive;36;"BG""";Bulgarie;46;"CY""";Chypre;26/07/2000 12:08;26:40.0;57100;5530.834
569;Facelift Kitchen and Bath;1907 S. Prospect Ave.;34;"BR""";Br?sil;3;"AL""";Albanie;29/11/1980 06:28;20:00.0;9112;20230.064
570;Nitelites Party Rental;1337 Cavell Ave.;46;"CY""";Chypre;3;"AL""";Albanie;28/11/1993 04:13;54:56.0;15050;96645.49
571;Got It All Electronics Supply;632 Florence Dr.;49;"CG""";Congo;49;"CG""";Congo;25/08/1980 15:00;46:40.0;69917;54909.55
572;Nirabi Auto Service;1486 Old Deerfield Rd.;47;"CO""";Colombie;43;"CV""";Cap-Vert;05/06/2002 20:48;54:56.0;90937;99064.79
573;Chands CPA;1550 Ridge Rd.;40;"KH""";Cambodge;30;"MM""";Birmanie;22/10/1974 08:47;28:16.0;71217;25606.127
574;American Deli Workers Union;241 Callan Rd.;31;"BO""";Bolivie;47;"CO""";Colombie;06/08/1980 17:28;46:40.0;29380;30175.605
575;Elm Place Business Supplies;231 Sheriden Rd.;17;"AT""";Autriche;36;"BG""";Bulgarie;03/04/1970 14:13;33:20.0;65724;43850.9
576;Marcy Elaine Bakery;456 Grossman Ln.;44;"CL""";Chili;7;"AO""";Angola;16/07/2000 11:13;14:56.0;31306;98432.836
577;Air Indonesia;456 Groverland Ave.;15;"AW""";Aruba;36;"BG""";Bulgarie;09/02/1986 10:02;26:40.0;33880;46365.027
578;AA Advertising;673 Calais Drive;25;"BE""";Belgique;34;"BR""";Br?sil;01/10/1997 11:00;54:56.0;24902;62266.684
579;Car Suite Cleaners;2510 Crain;8;"AI""";Anguilla;46;"CY""";Chypre;22/12/2006 17:35;00:00.0;63716;26154.77
580;Block Boats and Lures;3181 Barkwood Ct.;14;"AM""";Arm?nie;49;"CG""";Congo;02/09/1980 08:22;46:40.0;4036;15147.718
581;Hilco Auto Body;1660 Park Ave.;27;"BM""";Bermudes;47;"CO""";Colombie;10/04/1996 02:33;08:16.0;72726;6868.215
582;Mac Computer Warehouse;969 Saxony Drive;3;"AL""";Albanie;40;"KH""";Cambodge;24/07/1990 07:13;46:40.0;38139;24117.398
583;Doerner's Awnings and Canopies;2632 Prarie Ln.;26;"BZ""";Belize;31;"BO""";Bolivie;29/01/1996 14:55;41:36.0;38166;55147.01
584;Lake Shore Beaches;854 Woodbine;39;"CI""";C?te d'Ivoire;17;"AT""";Autriche;21/11/2006 12:42;06:40.0;4608;3184.978
585;Vanity Town;1912 Old Briar Lane #2;21;"BH""";Bahre?n;44;"CL""";Chili;08/12/2000 13:33;28:16.0;22644;66392.195
586;Glassman & Stone;1444 Chantilly Ln.;24;"PW""";Belau;15;"AW""";Aruba;04/07/1971 08:20;26:40.0;59987;38320.883
587;Doll House Rock;4763 Blackhawk Rd.;2;"ZA""";Afrique du Sud;25;"BE""";Belgique;19/01/1977 05:33;40:00.0;32122;76540.664
588;Lennox Air Pollution Control;726 White Oaks Ave.;25;"BE""";Belgique;8;"AI""";Anguilla;23/08/2003 20:35;14:56.0;72926;12760.7
589;Gordon & Son Brockerage Ltd.;220 Vine Ave.;37;"BF""";Burkina Faso;14;"AM""";Arm?nie;21/03/1970 09:33;53:20.0;40898;75014.97
590;Yale Remins Temp Agency;3160 Summit Ave.;38;"BI""";Burundi;27;"BM""";Bermudes;25/02/1990 06:28;53:20.0;30120;28394.836
591;Kermit the Pet Shop;245 Oakridge Ave.;33;"BW""";Botswana;3;"AL""";Albanie;09/08/1992 12:33;13:20.0;72224;81994.82
592;AA Advertising;2024 St.Johns Ave.;22;"BD""";Bangladesh;26;"BZ""";Belize;27/02/1978 20:40;06:40.0;95750;40556.33
593;Nitelites Party Rental;899 Harvard Ct;28;"BT""";Bhoutan;39;"CI""";C?te d'Ivoire;22/02/2005 10:15;48:16.0;69328;5982.811
594;North West Gas Co.;1065 Hillcrest Circle;6;"AD""";Andorre;21;"BH""";Bahre?n;01/05/1971 07:28;06:40.0;78137;24580.46
595;Hibbard Road Suppliers;1065 Hillcrest Circle;6;"AD""";Andorre;24;"PW""";Belau;18/06/2006 04:07;53:20.0;26318;74549.81
596;Terrinni & Son Auto and Truck;1235 Easton Rd.;25;"BE""";Belgique;2;"ZA""";Afrique du Sud;15/06/1974 12:22;53:20.0;63094;30216.28
597;AA Advertising;662 Lyons Circle;47;"CO""";Colombie;25;"BE""";Belgique;18/03/1982 19:22;20:00.0;80554;63245.625
598;Hilco Auto Body;1444 Chantilly Ln.;17;"AT""";Autriche;37;"BF""";Burkina Faso;30/05/2001 19:53;41:36.0;75535;84540.05
599;Smith Communications Inc.;1949 Cloverdale Rd.;16;"AU""";Australie;38;"BI""";Burundi;03/03/1990 10:27;46:40.0;32744;85950.125
600;BBQ Smith's Tex Mex;1077 Court Ave.;20;"BS""";Bahamas;33;"BW""";Botswana;25/04/2007 12:20;54:56.0;92720;4892.0225
601;Maintence Services of Maine;917 Fairview Ave.  Apt. 982;12;"SA""";Arabie saoudite;22;"BD""";Bangladesh;20/01/1999 02:40;54:56.0;98580;79228.79
602;Eva Galler Galleries Inc.;1436 Waverly Rd.;31;"BO""";Bolivie;28;"BT""";Bhoutan;04/11/2007 09:08;13:20.0;27824;44594.637
603;Cutter Lawn Mower Repair;220 Vine Ave.;27;"BM""";Bermudes;6;"AD""";Andorre;23/12/1980 22:53;21:36.0;67560;28984.4
604;Highland Woods City Hall;12 Fort Sheriden Ave.;44;"CL""";Chili;6;"AD""";Andorre;14/12/2004 04:53;06:40.0;4456;73865.98
605;Facelift Kitchen and Bath;2678 Sheridan Rd.;42;"CA""";Canada;25;"BE""";Belgique;23/11/1983 18:27;00:00.0;4600;87168.73
606;Chicagoland Cleaners;671 Blackstone Ave.;17;"AT""";Autriche;47;"CO""";Colombie;15/02/1982 13:22;33:20.0;20926;34767.902
607;Doerner's Awnings and Canopies;1777 balsamic Ave.;26;"BZ""";Belize;17;"AT""";Autriche;16/11/1989 06:13;08:16.0;95036;39714.72
608;Darcy Frame and Matting Servic;1912 Old Briar Lane #2;22;"BD""";Bangladesh;16;"AU""";Australie;12/12/1993 01:33;54:56.0;68035;1478.7015
609;Esmarda Chemical Manufacturers;1065 Hillcrest Circle;48;"KM""";Comores;20;"BS""";Bahamas;14/12/2001 03:20;40:00.0;95572;38076.254
610;Transformation Enterprises;1701 W. Mellody Rd.;33;"BW""";Botswana;12;"SA""";Arabie saoudite;27/04/1983 22:35;41:36.0;87090;38901.586
611;MedicServe Medical Supply;1065 Hillcrest Circle;14;"AM""";Arm?nie;31;"BO""";Bolivie;05/06/2004 02:47;14:56.0;95860;48064.4
612;Flinn Mosquito and Pest Contro;4763 Blackhawk Rd.;10;"AG""";Antigua-et-Barbuda;27;"BM""";Bermudes;09/07/1972 04:20;00:00.0;73312;15501.018
613;K L Consulting;929 Brittany Ave.;46;"CY""";Chypre;44;"CL""";Chili;26/12/1989 07:20;13:20.0;63672;42610.332
614;Woodworks Co.;1547 Knolwood Rd.;4;"DZ""";Alg?rie;42;"CA""";Canada;19/01/2001 10:27;06:40.0;98040;75406.52
615;Elm Place Business Supplies;115 Pleasent Ave.;29;"BY""";Bi?lorussie;17;"AT""";Autriche;31/01/2002 01:07;33:20.0;91080;66375.67
617;Air India;368 Woodland Rd.;36;"BG""";Bulgarie;22;"BD""";Bangladesh;25/11/1996 05:33;26:40.0;5646;88900.195
618;Cradle the Call;5518 Madison St.;35;"BN""";Brunei;48;"KM""";Comores;06/09/1982 03:28;40:00.0;16540;17400.95
619;Terrinni & Son Auto and Truck;1009 marvel Way;8;"AI""";Anguilla;33;"BW""";Botswana;05/08/1996 00:07;28:16.0;98104;67356.31
620;Park District Of America;355 Golf Rd.;6;"AD""";Andorre;14;"AM""";Arm?nie;15/01/2004 11:48;20:00.0;53592;83970.516
621;Acturial Enterprises Ltd.;965 Marion Place Apt. 65C;48;"KM""";Comores;10;"AG""";Antigua-et-Barbuda;08/03/1972 18:28;06:40.0;9218;95456.766
622;MedicServe Medical Supply;865 Old Tall Tree Lane;9;"AQ""";Antarctique;46;"CY""";Chypre;12/05/2000 04:22;40:00.0;97320;26880.672
623;Brand Y Creative Services;4467 Sheridan Rd.;20;"BS""";Bahamas;4;"DZ""";Alg?rie;01/02/1982 16:02;06:40.0;68347;72884.39
624;Lambert & Locke Legal Services;22 Clay rd.;45;"CN""";Chine;29;"BY""";Bi?lorussie;25/05/1997 23:40;41:36.0;71840;2674.502
625;Bee Line Publishing;643 De Temple Rd.;31;"BO""";Bolivie;44;"CL""";Chili;11/04/1982 19:07;53:20.0;45018;50680.47
626;Funnyface Amusement Games;135 Lakewood place;40;"KH""";Cambodge;36;"BG""";Bulgarie;14/11/1994 08:00;08:16.0;94426;74560.03
627;Loyal Order of Buffalo;512 Hill;24;"PW""";Belau;35;"BN""";Brunei;12/08/1994 15:00;54:56.0;87977;9424.233
628;Vecot Inc.;1444 Chantilly Ln.;49;"CG""";Congo;8;"AI""";Anguilla;27/09/1996 22:33;53:20.0;12144;31637.0
629;Maintence Services of Maine;669 Kikaid;43;"CV""";Cap-Vert;6;"AD""";Andorre;17/12/1983 09:07;48:16.0;35735;20230.654
630;Air India;3901 Chester Ave. Apt. 3C;48;"KM""";Comores;48;"KM""";Comores;23/04/1971 04:02;01:36.0;65356;85896.625
631;Transformation Enterprises;3385 University Ave.;19;"BJ""";B?nin;9;"AQ""";Antarctique;16/12/1970 12:53;26:40.0;34088;7648.307
633;Darcy Frame and Matting Servic;2045 St. johns Ave.;36;"BG""";Bulgarie;45;"CN""";Chine;23/02/1993 20:40;33:20.0;92305;77568.51
634;Pete's Auto Repair;3148 cottonwood Ct.;20;"BS""";Bahamas;31;"BO""";Bolivie;30/12/2004 04:02;13:20.0;60296;74580.15
635;Energy Source Diet Centers;899 Harvard Ct;27;"BM""";Bermudes;40;"KH""";Cambodge;29/01/2006 02:00;46:40.0;57592;38920.625
636;Lennox Air Pollution Control;1714 Clifton Rd.;6;"AD""";Andorre;24;"PW""";Belau;22/06/1994 05:40;53:20.0;93594;9390.339
637;Pasifico Inc.;1715 Chicago Ave.;50;"KP""";Cor?e du Nord;49;"CG""";Congo;28/01/1992 19:35;46:40.0;10360;60849.293
638;Green Shoes Corp.;807 Old Trail Rd.;14;"AM""";Arm?nie;43;"CV""";Cap-Vert;16/08/1990 10:47;40:00.0;41356;10965.779
639;Ampro Office Team Ltd.;671 Blackstone Ave.;38;"BI""";Burundi;48;"KM""";Comores;12/03/2006 21:47;21:36.0;59760;87312.195
640;Nina's Snow Plowing;2644 Princeton Ln.;8;"AI""";Anguilla;19;"BJ""";B?nin;22/05/2000 13:53;13:20.0;29930;63350.535
641;AAA Daniels Antiques;750 Homewood Ave.;43;"CV""";Cap-Vert;8;"AI""";Anguilla;14/04/2006 20:07;33:20.0;84602;17360.43
642;Arthur M. Feildberg Galleries;614 green bay Rd.;26;"BZ""";Belize;36;"BG""";Bulgarie;17/02/1996 23:33;28:16.0;59468;57504.613
643;Air France;425 Lake Ave.;42;"CA""";Canada;20;"BS""";Bahamas;13/08/2002 20:35;54:56.0;21625;40496.64
644;Percy Photography;242 Ashland Ave.;36;"BG""";Bulgarie;27;"BM""";Bermudes;15/09/1972 00:07;33:20.0;96350;54992.227
645;Air Indonesia;618 Sheriden rd.;49;"CG""";Congo;6;"AD""";Andorre;05/08/1980 22:47;28:16.0;85170;63160.82
646;Car Suite Cleaners;1619 Judson Ave. Apt #34B;6;"AD""";Andorre;50;"KP""";Cor?e du Nord;11/10/2000 15:27;06:40.0;89745;96032.66
647;Hoffman Printing Center;917 Fairview Ave.  Apt. 982;1;"AF""";Afghanistan;14;"AM""";Arm?nie;04/07/1975 18:35;33:20.0;77056;26850.188
648;Cutter Lawn Mower Repair;3181 Barkwood Ct.;18;"AZ""";Azerba?djan;38;"BI""";Burundi;01/07/2006 21:27;46:40.0;33088;1904.526
649;P K M Packaging Supply;1077 Court Ave.;48;"KM""";Comores;8;"AI""";Anguilla;02/08/1970 00:07;26:40.0;33982;43040.18
650;Flinn Mosquito and Pest Contro;368 Woodland Rd.;44;"CL""";Chili;43;"CV""";Cap-Vert;07/12/1972 07:07;53:20.0;49052;45825.32
651;Hart Corporation;54 Lakeview Terrace;46;"CY""";Chypre;26;"BZ""";Belize;24/09/1983 15:00;20:00.0;13815;40517.56
652;Smith & Wesson Militia;1270 Linden Ave.;44;"CL""";Chili;42;"CA""";Canada;31/07/2001 18:20;13:20.0;555;24358.072
653;Happ Aluminum Siding Co.;3062 Lindenwood Ln.;35;"BN""";Brunei;36;"BG""";Bulgarie;07/04/1993 06:20;33:20.0;68255;94700.016
654;Cotton Thumb Ltd.;2024 St.Johns Ave.;48;"KM""";Comores;49;"CG""";Congo;04/08/1996 13:00;26:40.0;99354;57940.086
655;Michael Montgomery Hair Saloon;3344 Beachwood Ln.;25;"BE""";Belgique;6;"AD""";Andorre;01/12/1986 22:27;54:56.0;23528;42404.35
656;Lee Stairworks and Carpentry,;1715 Chicago Ave.;21;"BH""";Bahre?n;1;"AF""";Afghanistan;24/07/1982 03:55;33:20.0;14708;90250.3
657;Keep Cool Air Conditioner Repa;120 high St.;27;"BM""";Bermudes;18;"AZ""";Azerba?djan;22/01/2005 16:02;20:00.0;33786;56005.42
658;Kermit the Pet Shop;445 Park Ave.;33;"BW""";Botswana;48;"KM""";Comores;19/09/1980 17:02;26:40.0;15720;41366.12
659;Shaggy's Grooming Services;654 Walnut Rd.;7;"AO""";Angola;44;"CL""";Chili;23/06/2001 10:33;33:20.0;89420;63248.324
660;Crossroads Construction, Inc.;1155 Ridgewood Drive;17;"AT""";Autriche;46;"CY""";Chypre;19/03/1993 16:53;48:16.0;51068;48954.38
661;Block Boats and Lures;210 Cresant Rd.;6;"AD""";Andorre;44;"CL""";Chili;10/02/2000 13:07;54:56.0;48440;15792.375
662;Parkway Auto Body;1287 Glencoe Ave.;28;"BT""";Bhoutan;35;"BN""";Brunei;06/07/1992 23:00;06:40.0;16893;73376.79
663;Air Indonesia;120 high St.;2;"ZA""";Afrique du Sud;48;"KM""";Comores;12/04/1980 22:42;20:00.0;40920;97628.875
664;Tub's Furniture Store;12 Walker Ave.;10;"AG""";Antigua-et-Barbuda;25;"BE""";Belgique;21/06/1982 18:08;00:00.0;65488;5237.538
665;Dean Grant Buick and Crysler;3100 Trailer Way;26;"BZ""";Belize;21;"BH""";Bahre?n;22/03/1972 08:13;41:36.0;56800;24859.719
666;Eva Galler Galleries Inc.;854 Woodbine;15;"AW""";Aruba;27;"BM""";Bermudes;19/07/1983 11:53;13:20.0;33289;8236.68
667;Pete's Auto Repair;2024 St.Johns Ave.;15;"AW""";Aruba;33;"BW""";Botswana;23/11/2000 14:53;06:40.0;8661;13408.991
668;Sigman and Freud Psychiatry;618 Sheriden rd.;49;"CG""";Congo;7;"AO""";Angola;07/05/1993 08:33;13:20.0;48042;90254.07
669;Johnson, Erico & Co CPA's;1770 first St.;17;"AT""";Autriche;17;"AT""";Autriche;12/02/1990 05:20;34:56.0;81546;84248.26
670;Hibop Heating and Air Conditio;2224 Sherman Rd.;40;"KH""";Cambodge;6;"AD""";Andorre;10/08/1980 04:48;00:00.0;66000;35840.77
671;Chicagoland Cleaners;2045 St. johns Ave.;17;"AT""";Autriche;28;"BT""";Bhoutan;30/12/2003 16:00;13:20.0;81210;3520.649
672;John G. Hartling Ltd.;1701 W. Mellody Rd.;17;"AT""";Autriche;2;"ZA""";Afrique du Sud;14/10/1996 03:27;41:36.0;57652;22912.953
673;MedicServe Medical Supply;600 Central Ave;17;"AT""";Autriche;10;"AG""";Antigua-et-Barbuda;11/03/2000 00:27;26:40.0;62063;93600.27
674;Lidhal design Corp.;1658 Second St.;48;"KM""";Comores;26;"BZ""";Belize;20/08/1990 05:42;46:40.0;97692;13312.113
675;Hibop Heating and Air Conditio;38976 Forest View Rd.;35;"BN""";Brunei;15;"AW""";Aruba;16/02/1972 22:28;40:00.0;15806;61624.582
676;Lickmen Restoration;12 Craven Way;16;"AU""";Australie;15;"AW""";Aruba;24/07/2002 00:35;28:16.0;79338;31200.465
677;Nel Video Productions;4522 N. Greenview Apt. 1B;18;"AZ""";Azerba?djan;49;"CG""";Congo;10/08/1994 15:02;06:40.0;55696;82420.16
678;Truck-X Muffler Repair;1660 Park Ave.;38;"BI""";Burundi;17;"AT""";Autriche;10/12/1999 04:27;01:36.0;5813;27410.518
679;DBN Bank;266 Green Bay Rd.;41;"CM""";Cameroun;40;"KH""";Cambodge;27/08/1980 13:28;48:16.0;34060;73728.72
680;Bako Delicatessen;1270 Linden Ave.;5;"DE""";Allemagne;17;"AT""";Autriche;17/05/1986 08:47;00:00.0;43655;7862.081
681;Crossroads Construction, Inc.;2024 St.Johns Ave.;27;"BM""";Bermudes;17;"AT""";Autriche;19/11/1987 22:40;53:20.0;24560;1480.4492
682;Mac Computer Warehouse;1858 Balsam Way;1;"AF""";Afghanistan;17;"AT""";Autriche;28/03/2005 20:40;40:00.0;17088;86790.94
683;Smith Communications Inc.;2267 Anderson Lane;7;"AO""";Angola;48;"KM""";Comores;13/11/2006 06:40;41:36.0;56316;51177.938
684;Keep Cool Air Conditioner Repa;857 Woodbine Rd;20;"BS""";Bahamas;35;"BN""";Brunei;29/08/1978 09:28;01:36.0;53757;25776.707
685;Venturi Discount Drugs;1126 Hillcrest Ave;14;"AM""";Arm?nie;16;"AU""";Australie;22/04/1992 00:47;14:56.0;85600;79056.99
686;Doerner's Awnings and Canopies;671 Blackstone Ave.;12;"SA""";Arabie saoudite;18;"AZ""";Azerba?djan;10/11/1992 20:28;14:56.0;47560;35024.926
687;Highland Lanes;1750 Lily Court;32;"BA""";Bosnie-Herz?govine;38;"BI""";Burundi;28/11/1982 10:28;20:00.0;26480;8586.194
688;Air France;600 Central Ave;50;"KP""";Cor?e du Nord;41;"CM""";Cameroun;06/03/2000 04:55;40:00.0;12210;23808.377
689;Hibop Heating and Air Conditio;368 Woodland Rd.;27;"BM""";Bermudes;5;"DE""";Allemagne;10/10/1997 17:13;48:16.0;92983;68273.56
690;Gordon & Son Brockerage Ltd.;3062 Lindenwood Ln.;42;"CA""";Canada;27;"BM""";Bermudes;20/11/1977 07:47;06:40.0;66069;59268.125
691;Nirabi Auto Service;872 Virginia Rd.;3;"AL""";Albanie;1;"AF""";Afghanistan;10/09/2006 15:53;33:20.0;14308;1520.2004
692;Cotton Thumb Ltd.;135 Lakewood place;14;"AM""";Arm?nie;7;"AO""";Angola;17/07/1993 10:07;53:20.0;30226;25740.838
693;Doerner's Awnings and Canopies;1715 Chicago Ave.;50;"KP""";Cor?e du Nord;20;"BS""";Bahamas;06/02/1992 18:13;20:00.0;29550;54577.82
694;janice Mann Accounting Service;1220 Heather Lane;38;"BI""";Burundi;14;"AM""";Arm?nie;13/05/2005 07:55;00:00.0;89728;78720.85
695;Quad City Cleaning;1920 Sunnyside Ave.;3;"AL""";Albanie;12;"SA""";Arabie saoudite;30/10/2000 02:53;00:00.0;84890;21273.205
696;Terrinni & Son Auto and Truck;2479 Woodridge Drive;46;"CY""";Chypre;32;"BA""";Bosnie-Herz?govine;06/08/2007 03:28;13:20.0;5552;8228.627
697;Futoons Cartoons Emporium;456 Groverland Ave.;5;"DE""";Allemagne;50;"KP""";Cor?e du Nord;18/09/2003 07:42;33:20.0;39595;60338.74
698;Car Suite Cleaners;969 Saxony Drive;37;"BF""";Burkina Faso;27;"BM""";Bermudes;01/01/1993 03:47;28:16.0;99816;70100.734
699;Air India;334 Lynn Terrace;18;"AZ""";Azerba?djan;42;"CA""";Canada;09/04/1994 15:00;00:00.0;55980;97768.97
700;Garfield Appliance Service;175 beech St.;5;"DE""";Allemagne;3;"AL""";Albanie;25/05/2000 18:07;20:00.0;8085;45050.66
701;Ebert Music Center;839 Burton Ave;48;"KM""";Comores;14;"AM""";Arm?nie;27/10/1974 10:00;14:56.0;14839;74616.4
702;PGS Associates;1101 Deerfield Place;5;"DE""";Allemagne;50;"KP""";Cor?e du Nord;23/02/2006 09:07;01:36.0;76640;51330.97
703;Hi-Land Art & Frame;614 green bay Rd.;3;"AL""";Albanie;38;"BI""";Burundi;20/03/1980 11:33;28:16.0;37460;37362.246
704;American Deli Workers Union;1287 Glencoe Ave.;18;"AZ""";Azerba?djan;3;"AL""";Albanie;21/10/2005 14:07;00:00.0;37764;67390.375
705;Truck-X Muffler Repair;1077 Court Ave.;9;"AQ""";Antarctique;46;"CY""";Chypre;15/12/1990 11:20;13:20.0;51976;3752.7083
706;North West Gas Co.;872 Virginia Rd.;7;"AO""";Angola;5;"DE""";Allemagne;02/07/2004 08:07;48:16.0;55680;2170.1936
707;Schmidt Denists;2505 Allison ct.;42;"CA""";Canada;37;"BF""";Burkina Faso;12/11/1971 13:20;20:00.0;38209;31150.113
708;Dapper's Antiques;812 North Ave.;24;"PW""";Belau;18;"AZ""";Azerba?djan;18/12/2004 14:15;46:40.0;60604;7328.3765
709;Pete's Auto Repair;1715 Chicago Ave.;28;"BT""";Bhoutan;5;"DE""";Allemagne;08/06/2002 13:27;33:20.0;97800;77089.81
710;Cosmo Skin Care Center;445 Park Ave.;41;"CM""";Cameroun;48;"KM""";Comores;01/10/2001 07:02;20:00.0;79940;44800.707
711;Facelift Kitchen and Bath;807 Old Trail Rd.;8;"AI""";Anguilla;5;"DE""";Allemagne;15/09/1999 13:53;34:56.0;53904;85104.125
712;Esmarda Chemical Manufacturers;241 Callan Rd.;43;"CV""";Cap-Vert;3;"AL""";Albanie;15/05/2005 15:28;06:40.0;52872;57113.605
713;Got It All Electronics Supply;886 Yale Lane;29;"BY""";Bi?lorussie;18;"AZ""";Azerba?djan;02/03/1993 19:20;14:56.0;83981;45976.188
714;Resnick DDS;1155 Ridgewood Drive;20;"BS""";Bahamas;9;"AQ""";Antarctique;09/07/2000 00:47;20:00.0;96400;28684.96
715;MedicServe Medical Supply;844 Spruce St.;7;"AO""";Angola;7;"AO""";Angola;19/08/1971 06:22;53:20.0;62240;58504.32
716;Lee Stairworks and Carpentry,;4763 Blackhawk Rd.;41;"CM""";Cameroun;42;"CA""";Canada;13/06/2000 13:40;46:40.0;48891;88630.9
717;Acme Chemical Supply;854 Woodbine;7;"AO""";Angola;24;"PW""";Belau;24/12/1990 08:28;06:40.0;32850;56503.22
718;Glenwood Credit Union;3901 Chester Ave. Apt. 3C;12;"SA""";Arabie saoudite;28;"BT""";Bhoutan;01/03/2002 16:27;41:36.0;99839;83518.08
719;Myles Building Consultants;445 Park Ave.;1;"AF""";Afghanistan;41;"CM""";Cameroun;17/08/1993 23:42;41:36.0;16249;17714.42
720;Chicagoland Cleaners;3160 Summit Ave.;46;"CY""";Chypre;8;"AI""";Anguilla;27/08/1983 03:40;46:40.0;42050;58692.277
721;Garfield Appliance Service;225 Jeffrys Place;18;"AZ""";Azerba?djan;43;"CV""";Cap-Vert;05/08/1983 20:33;20:00.0;29210;2080.1714
722;Highland Woods City Hall;511 Hill;42;"CA""";Canada;29;"BY""";Bi?lorussie;19/03/1971 10:42;01:36.0;71341;50750.027
723;Ampro Office Team Ltd.;218 Oakridge Ave.;17;"AT""";Autriche;20;"BS""";Bahamas;20/03/1992 02:53;20:00.0;41360;87468.766
724;Glassman & Stone;3478 Bryn Mawr St.;45;"CN""";Chine;7;"AO""";Angola;11/11/2002 18:27;14:56.0;96450;57340.406
725;Air Guatamala;669 Kikaid;47;"CO""";Colombie;41;"CM""";Cameroun;23/02/1974 04:55;06:40.0;70558;21832.355
726;Got It All Electronics Supply;2644 Princeton Ln.;44;"CL""";Chili;7;"AO""";Angola;25/05/1975 15:27;40:00.0;75452;40425.06
727;Brand Y Creative Services;581 Hill St. Apt. 234;29;"BY""";Bi?lorussie;12;"SA""";Arabie saoudite;08/12/2000 18:55;26:40.0;65680;99566.195
728;Got It All Electronics Supply;899 Harvard Ct;37;"BF""";Burkina Faso;1;"AF""";Afghanistan;06/11/2000 09:08;40:00.0;86744;69204.93
729;Childress Child Day Care;899 Harvard Ct;19;"BJ""";B?nin;46;"CY""";Chypre;26/01/1977 11:48;33:20.0;17750;9742.306
730;Crossroads Construction, Inc.;433 Burton Ave.;24;"PW""";Belau;18;"AZ""";Azerba?djan;04/08/2003 04:22;46:40.0;40904;79370.484
731;Lennox Air Pollution Control;629 Kincaid Ave.;44;"CL""";Chili;42;"CA""";Canada;04/10/1986 17:28;20:00.0;23196;33384.78
732;Percy Photography;628 Orwenstensia;21;"BH""";Bahre?n;17;"AT""";Autriche;08/01/2006 09:35;41:36.0;97600;81686.445
733;Esmarda Chemical Manufacturers;629 Kincaid Ave.;37;"BF""";Burkina Faso;45;"CN""";Chine;09/06/1978 18:07;26:40.0;19686;79061.55
734;Elm Place Business Supplies;1547 Vine;38;"BI""";Burundi;47;"CO""";Colombie;17/03/1980 16:53;34:56.0;32947;1224.0153
735;Gordon & Son Brockerage Ltd.;1915 Lewis Ln.  Apt 13;37;"BF""";Burkina Faso;44;"CL""";Chili;31/08/2000 09:15;20:00.0;37368;29265.287
736;Dean Barnett Furniture Repair;12 Craven Way;34;"BR""";Br?sil;29;"BY""";Bi?lorussie;21/11/2003 01:35;54:56.0;83966;53017.008
737;Froggy's Gourmet Catering;4467 Sheridan Rd.;25;"BE""";Belgique;37;"BF""";Burkina Faso;22/01/2002 22:40;33:20.0;2280;58550.598
738;Meonits & Mogogni Inc.;43078 Kennedy Dr.;47;"CO""";Colombie;19;"BJ""";B?nin;19/09/1999 01:13;28:16.0;87038;64640.375
739;Auto Interior Carpeting Compan;224  Highwood Ave.;10;"AG""";Antigua-et-Barbuda;24;"PW""";Belau;10/06/1975 11:15;54:56.0;90339;45848.76
740;Gordon & Son Brockerage Ltd.;654 Walnut Rd.;44;"CL""";Chili;44;"CL""";Chili;09/11/2001 13:33;28:16.0;11660;30594.08
741;Hibbard Road Suppliers;45 South Deer Creek Drive;35;"BN""";Brunei;21;"BH""";Bahre?n;21/12/1982 06:27;06:40.0;1345;96159.055
742;Keyth Contracting and Repair;1658 Second St.;13;"AR""";Argentine;37;"BF""";Burkina Faso;08/02/2001 06:13;48:16.0;63077;26862.197
743;Salt & Pepper Catering Service;201-C Frontage Rd.;33;"BW""";Botswana;38;"BI""";Burundi;16/08/2006 07:15;46:40.0;47750;92324.555
744;Metro Appliance Service;456 Groverland Ave.;17;"AT""";Autriche;37;"BF""";Burkina Faso;01/01/1970 07:35;33:20.0;60164;73264.336
745;Air India;334 Lynn Terrace;10;"AG""";Antigua-et-Barbuda;34;"BR""";Br?sil;23/09/2001 13:40;34:56.0;2176;2331.2769
746;Trapezoid Studios;511 Maple Ave.  Apt. 1B;38;"BI""";Burundi;25;"BE""";Belgique;28/09/2002 09:00;54:56.0;5968;53604.47
747;Kapp Camera and Video;218 Oakridge Ave.;23;"BB""";Barbade;47;"CO""";Colombie;07/05/2004 04:20;48:16.0;78420;35656.465
748;Innman Paint and Glass;574 Chicago Ave.;16;"AU""";Australie;10;"AG""";Antigua-et-Barbuda;11/12/1978 04:53;20:00.0;52510;48240.83
749;Hoffman Printing Center;21 Lakeview Terrace #2312;19;"BJ""";B?nin;44;"CL""";Chili;11/06/2000 06:35;28:16.0;29851;86342.414
750;Bill's Dive Shop;201-C Frontage Rd.;9;"AQ""";Antarctique;35;"BN""";Brunei;08/01/1990 12:00;20:00.0;96258;48108.34
751;Smith Communications Inc.;1535 Knollwood Drive;32;"BA""";Bosnie-Herz?govine;13;"AR""";Argentine;14/09/2001 21:40;00:00.0;56690;37750.4
753;Hoffman Printing Center;2267 Anderson Lane;32;"BA""";Bosnie-Herz?govine;17;"AT""";Autriche;13/03/2004 04:27;46:40.0;37446;31826.31
754;Hoffman Printing Center;45 South Deer Creek Drive;7;"AO""";Angola;10;"AG""";Antigua-et-Barbuda;20/03/2004 10:42;28:16.0;54000;96640.18
755;Pivot Point College;2922 Twin Oaks Drive;18;"AZ""";Azerba?djan;38;"BI""";Burundi;08/05/2000 11:40;08:16.0;96624;73885.664
756;Green Shoes Corp.;1875 Roger Williams Ave.;10;"AG""";Antigua-et-Barbuda;23;"BB""";Barbade;16/05/2001 01:27;33:20.0;6724;35795.734
757;Highland Heights Gift Shop;2479 Woodridge Drive;26;"BZ""";Belize;16;"AU""";Australie;13/04/2002 04:08;06:40.0;57049;61528.344
758;janice Mann Accounting Service;1245 Eastwood;35;"BN""";Brunei;19;"BJ""";B?nin;30/12/2000 15:47;48:16.0;44776;38624.543
759;Bee Line Publishing;2870 Skokie Rd.;3;"AL""";Albanie;9;"AQ""";Antarctique;29/06/1993 14:20;40:00.0;78515;38901.566
760;Highland Lanes;614 green bay Rd.;31;"BO""";Bolivie;32;"BA""";Bosnie-Herz?govine;15/09/1971 17:27;08:16.0;37220;87143.63
761;Foy Aviation;210 Cresant Rd.;46;"CY""";Chypre;8;"AI""";Anguilla;15/11/2005 08:13;46:40.0;29308;45308.918
762;Smith & Wesson Militia;3478 Bryn Mawr St.;37;"BF""";Burkina Faso;32;"BA""";Bosnie-Herz?govine;10/08/2006 05:53;33:20.0;49805;65638.17
763;Nina's Snow Plowing;1450 Harding Ave.;11;"AN""";Antilles n?erlandaises;7;"AO""";Angola;02/02/2000 11:33;41:36.0;85928;34120.5
764;K L Consulting;1 Twin Oaks Place;34;"BR""";Br?sil;18;"AZ""";Azerba?djan;11/03/1996 06:55;06:40.0;44200;93018.39
765;Froggy's Gourmet Catering;3059 Priscilla Court;37;"BF""";Burkina Faso;10;"AG""";Antigua-et-Barbuda;07/02/1983 21:07;41:36.0;83702;31103.334
766;Kermit the Pet Shop;2112 Ravine Drive;30;"MM""";Birmanie;26;"BZ""";Belize;01/10/1971 02:08;00:00.0;44032;56143.434
767;Vecot Inc.;600 Central Ave.;34;"BR""";Br?sil;35;"BN""";Brunei;14/05/1987 22:48;48:16.0;44072;55125.766
768;Schnitzer Denist College;726 White Oaks Ave.;9;"AQ""";Antarctique;3;"AL""";Albanie;06/03/2003 19:22;13:20.0;74237;36192.004
769;Metro Appliance Service;669 Kikaid;1;"AF""";Afghanistan;31;"BO""";Bolivie;21/11/2004 23:22;01:36.0;20116;35625.46
770;Michael Montgomery Hair Saloon;433 Burton Ave.;29;"BY""";Bi?lorussie;46;"CY""";Chypre;09/03/1971 00:42;46:40.0;17615;19776.428
771;Mail Boxes Et. Al.;456 Groverland Ave.;14;"AM""";Arm?nie;37;"BF""";Burkina Faso;04/11/2001 18:53;48:16.0;64740;73966.24
772;Metro Appliance Service;654 Walnut Rd.;46;"CY""";Chypre;11;"AN""";Antilles n?erlandaises;03/07/1982 07:55;13:20.0;67120;94895.67
773;Tub's Furniture Store;115 Pleasent Ave.;18;"AZ""";Azerba?djan;34;"BR""";Br?sil;23/07/1990 03:27;08:16.0;29414;34208.816
774;Kermit the Pet Shop;1077 Court Ave.;14;"AM""";Arm?nie;37;"BF""";Burkina Faso;09/09/1982 07:13;21:36.0;38670;60784.895
775;Keyth Contracting and Repair;1777 balsamic Ave.;43;"CV""";Cap-Vert;30;"MM""";Birmanie;04/11/2006 02:55;28:16.0;60773;76654.75
776;Gourmet the Frog;1777 balsamic Ave.;9;"AQ""";Antarctique;34;"BR""";Br?sil;13/07/1970 15:28;33:20.0;39202;80130.75
777;Cotton Thumb Ltd.;1752 Clinton Ave.;26;"BZ""";Belize;9;"AQ""";Antarctique;24/12/1994 00:02;26:40.0;56075;89728.38
778;Pasifico Inc.;1535 Knollwood Drive;2;"ZA""";Afrique du Sud;1;"AF""";Afghanistan;09/03/1982 13:08;46:40.0;26576;39375.695
779;Futoons Cartoons Emporium;1912 Old Briar Lane #2;16;"AU""";Australie;29;"BY""";Bi?lorussie;11/12/2002 00:42;41:36.0;94604;8483.102
780;Vecot Inc.;1715 Chicago Ave.;25;"BE""";Belgique;14;"AM""";Arm?nie;04/06/1971 17:13;26:40.0;57834;16119.045
781;Morgan Construction Co;969 Saxony Drive;21;"BH""";Bahre?n;46;"CY""";Chypre;05/12/2001 01:35;33:20.0;48281;63360.74
782;Air Mexico;1704 Ridgelee Rd;15;"AW""";Aruba;18;"AZ""";Azerba?djan;12/05/1977 16:47;46:40.0;56070;68062.266
783;Hibbard Road Suppliers;2267 Anderson Lane;38;"BI""";Burundi;14;"AM""";Arm?nie;21/02/1998 22:27;46:40.0;57832;35899.35
784;Chicagoland Cleaners;1337 Cavell Ave.;18;"AZ""";Azerba?djan;43;"CV""";Cap-Vert;11/02/1970 04:53;08:16.0;56232;58634.9
785;Cradle the Call;1270 Linden Ave.;10;"AG""";Antigua-et-Barbuda;9;"AQ""";Antarctique;20/09/1980 20:48;40:00.0;93201;88072.05
786;Moveit Motercycle Service;2220 Grant Blvd.;3;"AL""";Albanie;26;"BZ""";Belize;17/03/1998 02:00;21:36.0;47567;29273.516
787;Highland Lanes;865 Old Tall Tree Lane;5;"DE""";Allemagne;2;"ZA""";Afrique du Sud;18/10/2005 14:33;33:20.0;89737;60880.055
788;DBN Bank;1 Twin Oaks Place;25;"BE""";Belgique;16;"AU""";Australie;28/12/2000 03:33;41:36.0;44470;83104.734
789;Futoons Cartoons Emporium;1486 Old Deerfield Rd.;5;"DE""";Allemagne;25;"BE""";Belgique;07/05/1990 07:00;41:36.0;53428;2055.3848
790;Crosstracks Car Wash;1185 County line Rd.;20;"BS""";Bahamas;21;"BH""";Bahre?n;29/09/1982 16:07;08:16.0;15327;81015.36
791;Chicagoland Cleaners;1860 Parkside Ln.;17;"AT""";Autriche;15;"AW""";Aruba;13/06/2002 23:15;34:56.0;8936;19300.566
792;Myles Building Consultants;3100 Trailer Way;28;"BT""";Bhoutan;38;"BI""";Burundi;27/10/2004 05:40;21:36.0;8204;22628.008
793;Maintence Services of Maine;1185 County line Rd.;30;"MM""";Birmanie;18;"AZ""";Azerba?djan;06/08/1974 23:27;34:56.0;27467;84080.125
794;Cutter Lawn Mower Repair;1019 Deerfield Rd.;28;"BT""";Bhoutan;10;"AG""";Antigua-et-Barbuda;21/07/2006 01:27;46:40.0;60775;10856.792
795;Cradle the Call;139 Bay Colony Dr.;47;"CO""";Colombie;3;"AL""";Albanie;26/09/1972 13:53;08:16.0;55718;14549.078
796;Energy Source Diet Centers;465 Stratford Rd.;40;"KH""";Cambodge;5;"DE""";Allemagne;10/05/1996 12:22;26:40.0;70000;50812.316
797;Froggy's Gourmet Catering;1770 first St.;48;"KM""";Comores;25;"BE""";Belgique;13/01/2006 20:53;34:56.0;71783;74674.51
798;Innman Paint and Glass;456 Groverland Ave.;23;"BB""";Barbade;5;"DE""";Allemagne;15/02/1970 10:55;40:00.0;95404;47020.53
799;K L Consulting;839 Burton Ave;11;"AN""";Antilles n?erlandaises;20;"BS""";Bahamas;18/05/1983 11:00;33:20.0;68313;61522.543
800;Arthur M. Feildberg Galleries;4467 Sheridan Rd.;44;"CL""";Chili;17;"AT""";Autriche;12/05/1971 02:33;33:20.0;54748;41576.008
801;Nyman Interior Design;2644 Princeton Ln.;41;"CM""";Cameroun;28;"BT""";Bhoutan;10/02/1985 16:13;53:20.0;74070;52994.246
802;Doll House Rock;899 Harvard Ct;20;"BS""";Bahamas;30;"MM""";Birmanie;30/12/2004 04:02;33:20.0;79394;45970.77
803;Lambert & Locke Legal Services;673 Calais Drive;16;"AU""";Australie;28;"BT""";Bhoutan;30/07/1996 12:48;26:40.0;23291;48032.18
804;Kosmo Consulting;35 Glenlake Dr.;36;"BG""";Bulgarie;47;"CO""";Colombie;21/03/1970 09:33;54:56.0;27772;36696.49
805;Myers Chocolates and Confectio;1658 Second St.;17;"AT""";Autriche;40;"KH""";Cambodge;10/11/2001 18:15;20:00.0;2728;49760.434
806;Terrinni & Son Auto and Truck;1658 Second St.;47;"CO""";Colombie;48;"KM""";Comores;20/08/1971 02:33;06:40.0;64818;80314.97
807;Elle Hypnosis and Therapy Cent;1954 First St.;38;"BI""";Burundi;23;"BB""";Barbade;27/12/1985 02:53;08:16.0;41532;16660.883
808;Pasifico Inc.;43078 Kennedy Dr.;9;"AQ""";Antarctique;11;"AN""";Antilles n?erlandaises;22/05/1971 03:28;14:56.0;79210;54052.953
809;Griffith Paving and Sealcoatin;368 Woodland Rd.;27;"BM""";Bermudes;44;"CL""";Chili;19/08/2001 10:20;48:16.0;74357;40662.09
810;American Apartments;2224 Sherman Rd.;43;"CV""";Cap-Vert;41;"CM""";Cameroun;25/06/1978 13:55;06:40.0;29365;11964.192
811;Glenn Oaks Office Supplies;115 Judson Rd.;4;"DZ""";Alg?rie;20;"BS""";Bahamas;23/07/1993 21:40;26:40.0;10260;43720.72
812;Dean Grant Buick and Crysler;812 North Ave.;24;"PW""";Belau;16;"AU""";Australie;03/02/2001 22:42;33:20.0;95550;44771.23
813;Glassman & Stone;4763 Blackhawk Rd.;34;"BR""";Br?sil;36;"BG""";Bulgarie;15/11/1982 16:55;08:16.0;91110;19780.203
814;Kapp Camera and Video;844 Spruce St.;20;"BS""";Bahamas;17;"AT""";Autriche;27/03/1993 10:15;06:40.0;13059;79792.0
815;Dapper's Antiques;45 South Deer Creek Drive;46;"CY""";Chypre;47;"CO""";Colombie;29/03/2000 17:33;06:40.0;26580;74533.336
816;Smith Communications Inc.;310 Walker Ave.;26;"BZ""";Belize;38;"BI""";Burundi;13/09/2006 11:00;41:36.0;66166;22100.322
817;Acme Chemical Supply;1547 Knolwood Rd.;18;"AZ""";Azerba?djan;9;"AQ""";Antarctique;28/07/1990 02:08;00:00.0;61488;13440.33
818;Highland Woods City Hall;917 Fairview Ave.  Apt. 982;23;"BB""";Barbade;27;"BM""";Bermudes;09/04/2006 13:27;08:16.0;34526;30722.393
819;Mail Boxes Et. Al.;1155 Ridgewood Drive;3;"AL""";Albanie;43;"CV""";Cap-Vert;15/10/2004 01:27;13:20.0;45360;9980.122
820;Toggle & Myerson Ltd;3148 cottonwood Ct.;32;"BA""";Bosnie-Herz?govine;4;"DZ""";Alg?rie;07/01/2003 22:28;53:20.0;49757;81720.7
821;Quad City Cleaning;5518 Madison St.;26;"BZ""";Belize;24;"PW""";Belau;11/10/1987 06:08;26:40.0;78582;2180.3809
822;Funnyface Amusement Games;22 Clay rd.;23;"BB""";Barbade;34;"BR""";Br?sil;11/12/1971 19:22;00:00.0;35277;84416.27
823;Nel Video Productions;839 Burton Ave;8;"AI""";Anguilla;20;"BS""";Bahamas;07/02/1990 14:13;26:40.0;39904;1422.756
824;Woodworks Co.;628 Orwenstensia;33;"BW""";Botswana;46;"CY""";Chypre;26/04/2003 15:28;08:16.0;14461;51475.355
825;janice Mann Accounting Service;629 Kincaid Ave.;50;"KP""";Cor?e du Nord;26;"BZ""";Belize;10/09/1983 01:00;13:20.0;18008;80607.97
826;Glassman & Stone;3062 Lindenwood Ln.;17;"AT""";Autriche;18;"AZ""";Azerba?djan;05/05/1990 18:08;06:40.0;79230;16068.957
827;Highland Lanes;266 Green Bay Rd.;27;"BM""";Bermudes;23;"BB""";Barbade;05/04/1978 12:28;46:40.0;51428;21106.125
828;Dependable Plumbing and Sewer;669 Kikaid;21;"BH""";Bahre?n;3;"AL""";Albanie;15/06/1992 17:55;20:00.0;15272;44135.312
829;Pete's Auto Repair;1287 Glencoe Ave.;40;"KH""";Cambodge;32;"BA""";Bosnie-Herz?govine;10/09/2000 03:00;21:36.0;7688;86180.64
830;Deer Lake Inn;367Bluebird Terr.;40;"KH""";Cambodge;26;"BZ""";Belize;27/03/1971 05:33;08:16.0;20164;81980.01
831;Sigman and Freud Psychiatry;54 Lakeview Terrace;19;"BJ""";B?nin;23;"BB""";Barbade;20/11/2003 22:28;06:40.0;69962;73805.08
832;Hibbard Road Suppliers;12 Fort Sheriden Ave.;25;"BE""";Belgique;8;"AI""";Anguilla;29/06/1987 02:08;53:20.0;34228;37770.92
833;Woodworks Co.;3150 Skokie Valley Rd.;48;"KM""";Comores;33;"BW""";Botswana;11/10/2000 17:40;33:20.0;99574;63570.844
834;Cradle the Call;1714 Clifton Rd.;33;"BW""";Botswana;50;"KP""";Cor?e du Nord;27/08/1982 13:40;46:40.0;55700;85730.25
835;Resnick DDS;433 Burton Ave.;10;"AG""";Antigua-et-Barbuda;17;"AT""";Autriche;30/12/2000 18:42;00:00.0;24937;7270.924
836;Masterlands Cleaning;367Bluebird Terr.;24;"PW""";Belau;27;"BM""";Bermudes;05/07/2000 16:08;48:16.0;88996;48270.836
837;Truck-X Muffler Repair;2112 Ravine Drive;12;"SA""";Arabie saoudite;21;"BH""";Bahre?n;13/05/1994 12:08;13:20.0;28636;76035.87
838;BBQ Smith's Tex Mex;3487 Green Bay Rd.;32;"BA""";Bosnie-Herz?govine;40;"KH""";Cambodge;01/03/1990 21:35;53:20.0;8384;31265.871
839;Griffith Paving and Sealcoatin;2024 St.Johns Ave.;46;"CY""";Chypre;40;"KH""";Cambodge;06/02/1986 07:47;06:40.0;58029;61320.293
840;Flinn Mosquito and Pest Contro;1337 Cavell Ave.;6;"AD""";Andorre;19;"BJ""";B?nin;18/05/1985 02:22;46:40.0;90728;22510.328
841;Terrinni & Son Auto and Truck;115 Judson Rd.;33;"BW""";Botswana;25;"BE""";Belgique;26/10/1980 09:20;20:00.0;97800;23390.432
842;Myles Building Consultants;632 Florence Dr.;10;"AG""";Antigua-et-Barbuda;48;"KM""";Comores;03/12/1987 03:20;54:56.0;99240;794.2875
843;Loyal Order of Buffalo;844 Spruce St.;10;"AG""";Antigua-et-Barbuda;33;"BW""";Botswana;13/01/2005 18:53;08:16.0;94013;40800.64
844;Libra & Sons;788 Tennyson Ave.;32;"BA""";Bosnie-Herz?govine;10;"AG""";Antigua-et-Barbuda;05/07/1989 01:00;08:16.0;82696;30336.436
845;Salt & Pepper Catering Service;456 Groverland Ave.;48;"KM""";Comores;24;"PW""";Belau;09/05/2000 06:47;20:00.0;19637;69868.69
846;Camp Oconomowoc;965 Marion Place Apt. 65C;39;"CI""";C?te d'Ivoire;12;"SA""";Arabie saoudite;28/10/1974 21:22;20:00.0;15536;48142.273
847;Jay's Cabinet Company;632 Roger Williams;40;"KH""";Cambodge;32;"BA""";Bosnie-Herz?govine;03/11/2000 02:28;53:20.0;83552;8760.937
848;Mergenthaler Inc.;1482 Concorde Circle;19;"BJ""";B?nin;46;"CY""";Chypre;26/04/2002 08:35;53:20.0;24904;87553.766
849;Acturial Enterprises Ltd.;512 Hill;24;"PW""";Belau;6;"AD""";Andorre;26/01/1980 09:35;21:36.0;58690;71394.17
850;Highland Lanes;1287 Glencoe Ave.;43;"CV""";Cap-Vert;33;"BW""";Botswana;29/04/1972 01:47;53:20.0;6918;66432.85
851;Vecot Inc.;1077 Court Ave.;43;"CV""";Cap-Vert;10;"AG""";Antigua-et-Barbuda;15/09/2005 17:00;00:00.0;35625;65624.52
852;Percy Photography;231 Sheriden Rd.;44;"CL""";Chili;10;"AG""";Antigua-et-Barbuda;16/05/1972 22:33;13:20.0;92741;46384.332
853;Gordon & Son Brockerage Ltd.;5518 Madison St.;32;"BA""";Bosnie-Herz?govine;32;"BA""";Bosnie-Herz?govine;19/03/2003 18:53;46:40.0;22975;19059.688
854;Glenwood Credit Union;218 Oakridge Ave.;36;"BG""";Bulgarie;48;"KM""";Comores;19/08/1998 05:13;26:40.0;56368;20000.947
855;Griffith Paving and Sealcoatin;1245 Eastwood;42;"CA""";Canada;39;"CI""";C?te d'Ivoire;24/08/2003 05:40;48:16.0;64931;45387.797
856;P K M Packaging Supply;12 Craven Way;30;"MM""";Birmanie;40;"KH""";Cambodge;22/01/2007 21:07;53:20.0;32476;54091.414
857;Trapezoid Studios;1270 Linden Ave.;34;"BR""";Br?sil;19;"BJ""";B?nin;26/09/1990 06:35;21:36.0;39378;13420.049
858;Froggy's Gourmet Catering;1831 Beverly Place #9D;4;"DZ""";Alg?rie;24;"PW""";Belau;26/08/1989 03:00;41:36.0;91144;71552.31
859;Dependable Plumbing and Sewer;1550 Ridge Rd.;25;"BE""";Belgique;43;"CV""";Cap-Vert;29/09/1987 16:22;13:20.0;46727;42789.63
860;Lickmen Restoration;1235 Easton Rd.;40;"KH""";Cambodge;43;"CV""";Cap-Vert;15/07/2006 06:33;01:36.0;86162;40432.977
861;Acturial Enterprises Ltd.;3148 cottonwood Ct.;18;"AZ""";Azerba?djan;44;"CL""";Chili;20/05/2002 05:02;41:36.0;89872;78996.914
862;Rythmics Ltd.;857 Woodbine Rd;30;"MM""";Birmanie;32;"BA""";Bosnie-Herz?govine;30/12/1972 10:40;33:20.0;49362;19374.018
863;Acturial Enterprises Ltd.;1482 Concorde Circle;48;"KM""";Comores;36;"BG""";Bulgarie;03/12/1983 19:22;21:36.0;94659;72430.98
864;Crosstracks Car Wash;218 Oakridge Ave.;39;"CI""";C?te d'Ivoire;42;"CA""";Canada;08/08/1972 14:08;53:20.0;20175;61270.72
865;Meonits & Mogogni Inc.;616 Cobblestone Cir.;17;"AT""";Autriche;30;"MM""";Birmanie;13/05/1993 22:08;06:40.0;36241;41287.273
866;Foy Aviation;2220 Grant Blvd.;50;"KP""";Cor?e du Nord;34;"BR""";Br?sil;30/06/1993 18:07;00:00.0;8957;72744.21
867;Ebert Music Center;12 Broadview Lane;29;"BY""";Bi?lorussie;4;"DZ""";Alg?rie;09/05/1989 15:28;20:00.0;18124;45494.746
868;janice Mann Accounting Service;1660 Park Ave.;9;"AQ""";Antarctique;25;"BE""";Belgique;01/12/1994 16:40;48:16.0;91239;55789.05
869;Johnson, Erico & Co CPA's;2922 Twin Oaks Drive;40;"KH""";Cambodge;40;"KH""";Cambodge;31/03/1997 09:20;26:40.0;88764;19483.791
870;Corbins, Rodriguez, & Savocchi;115 Pleasent Ave.;18;"AZ""";Azerba?djan;18;"AZ""";Azerba?djan;12/05/2002 11:40;46:40.0;37910;75681.7
871;Nina's Snow Plowing;3385 University Ave.;20;"BS""";Bahamas;30;"MM""";Birmanie;02/09/2000 14:07;53:20.0;36777;98360.14
872;Darcy Frame and Matting Servic;1101 Deerfield Place;47;"CO""";Colombie;48;"KM""";Comores;21/03/1970 00:28;46:40.0;7200;95831.03
873;Marks, Marks, and Kaplan Ltd.;1949 Cloverdale Rd.;9;"AQ""";Antarctique;39;"CI""";C?te d'Ivoire;18/09/1982 02:20;06:40.0;68262;73070.97
874;Air India;511 Hill;38;"BI""";Burundi;17;"AT""";Autriche;18/11/2001 20:42;08:16.0;80920;34448.465
875;Nitelites Party Rental;1660 Park Ave.;34;"BR""";Br?sil;50;"KP""";Cor?e du Nord;28/08/2004 08:48;21:36.0;77860;44814.95
876;Dean Barnett Furniture Repair;616 Cobblestone Cir.;9;"AQ""";Antarctique;29;"BY""";Bi?lorussie;05/03/2003 21:33;54:56.0;24426;70844.055
877;Air France;1019 Deerfield Rd.;1;"AF""";Afghanistan;9;"AQ""";Antarctique;10/08/1983 22:47;06:40.0;47569;2340.9705
878;Metro Appliance Service;929 Brittany Ave.;16;"AU""";Australie;40;"KH""";Cambodge;26/04/2004 11:35;26:40.0;95055;7488.4834
879;Got It All Electronics Supply;2870 Skokie Rd.;13;"AR""";Argentine;18;"AZ""";Azerba?djan;16/04/1987 09:27;53:20.0;50120;58100.27
880;Nitelites Party Rental;2505 Allison ct.;23;"BB""";Barbade;20;"BS""";Bahamas;09/08/2004 20:22;13:20.0;49690;69584.95
881;Glenn Oaks Office Supplies;965 Marion Place Apt. 65C;37;"BF""";Burkina Faso;47;"CO""";Colombie;25/06/1998 19:40;53:20.0;68752;50006.88
882;George Lee Antiques;872 Virginia Rd.;15;"AW""";Aruba;9;"AQ""";Antarctique;04/03/1989 15:08;26:40.0;54310;29576.996
883;Lutz Soft Cloth Car Wash;1704 Ridgelee Rd;47;"CO""";Colombie;38;"BI""";Burundi;13/05/2004 17:55;21:36.0;57924;4505.0396
884;Lee Stairworks and Carpentry,;1875 Roger Williams Ave.;19;"BJ""";B?nin;34;"BR""";Br?sil;27/04/2004 22:07;14:56.0;40584;85920.61
885;Darcy Frame and Matting Servic;1619 Judson Ave. Apt #34B;17;"AT""";Autriche;9;"AQ""";Antarctique;15/01/1986 19:07;54:56.0;45848;92335.32
886;Masterlands Cleaning;3062 Lindenwood Ln.;44;"CL""";Chili;1;"AF""";Afghanistan;02/07/2006 01:27;40:00.0;99926;11635.114
887;Pac Builders;425 Lake Ave.;36;"BG""";Bulgarie;16;"AU""";Australie;12/09/2006 07:13;13:20.0;74238;20316.68
888;Crosstracks Car Wash;302-A Crestwood Village Rd.;38;"BI""";Burundi;13;"AR""";Argentine;15/06/2004 12:47;53:20.0;58140;86207.445
889;Doll House Rock;788 Tennyson Ave.;44;"CL""";Chili;23;"BB""";Barbade;18/11/1974 09:47;01:36.0;5039;46602.06
890;Corbins, Rodriguez, & Savocchi;632 Florence Dr.;11;"AN""";Antilles n?erlandaises;37;"BF""";Burkina Faso;29/07/2006 16:07;40:00.0;60564;89016.58
891;DBN Bank;1920 Sunnyside Ave.;1;"AF""";Afghanistan;15;"AW""";Aruba;22/06/1971 09:28;01:36.0;58312;62567.375
892;Funnyface Amusement Games;201-C Frontage Rd.;6;"AD""";Andorre;47;"CO""";Colombie;30/01/1986 09:07;26:40.0;43550;80442.69
893;DBN Bank;1875 Roger Williams Ave.;14;"AM""";Arm?nie;19;"BJ""";B?nin;16/06/2000 22:33;21:36.0;71225;52291.57
894;Keyth Contracting and Repair;1660 Park Ave.;49;"CG""";Congo;17;"AT""";Autriche;13/02/1985 07:22;06:40.0;32905;53616.074
895;Myers Chocolates and Confectio;1975 elmwood Circle;14;"AM""";Arm?nie;44;"CL""";Chili;11/01/1993 13:47;33:20.0;38616;92166.484
896;North West Gas Co.;1486 Old Deerfield Rd.;18;"AZ""";Azerba?djan;36;"BG""";Bulgarie;09/03/1993 06:53;41:36.0;34830;44478.457
897;Glenn Oaks Office Supplies;1701 W. Mellody Rd.;39;"CI""";C?te d'Ivoire;38;"BI""";Burundi;03/07/1978 08:47;08:16.0;86455;3092.0398
898;Hibop Heating and Air Conditio;201-C Frontage Rd.;18;"AZ""";Azerba?djan;44;"CL""";Chili;07/04/2004 04:27;46:40.0;14110;67432.75
899;Kapp Camera and Video;242 Ashland Ave.;29;"BY""";Bi?lorussie;11;"AN""";Antilles n?erlandaises;05/02/2003 20:55;26:40.0;95384;25472.846
900;Metro Appliance Service;1450 Harding Ave.;49;"CG""";Congo;1;"AF""";Afghanistan;28/11/1989 12:40;01:36.0;56200;32800.844
901;Hibop Heating and Air Conditio;225 Jeffrys Place;8;"AI""";Anguilla;6;"AD""";Andorre;15/07/1970 04:20;20:00.0;87938;73260.81
902;John G. Hartling Ltd.;12 Craven Way;38;"BI""";Burundi;14;"AM""";Arm?nie;26/07/1970 09:02;26:40.0;13400;20250.227
903;Hardee Woodwork Ltd.;1550 Ridge Rd.;14;"AM""";Arm?nie;49;"CG""";Congo;01/03/2002 16:27;54:56.0;8510;60728.31
904;AAA Daniels Antiques;14836 W. River Oaks Dr.;37;"BF""";Burkina Faso;14;"AM""";Arm?nie;14/03/1970 10:53;08:16.0;56656;9370.574
905;Dapper's Antiques;2510 Crain;7;"AO""";Angola;18;"AZ""";Azerba?djan;22/09/1990 19:15;13:20.0;37824;12254.193
906;Camp Stuff;42 Valley Rd.;8;"AI""";Anguilla;39;"CI""";C?te d'Ivoire;01/09/1990 04:33;46:40.0;30388;46496.266
907;Pac Builders;2267 Anderson Lane;23;"BB""";Barbade;18;"AZ""";Azerba?djan;14/06/1994 14:20;26:40.0;94848;18350.043
908;Corbins, Rodriguez, & Savocchi;1660 Park Ave.;41;"CM""";Cameroun;29;"BY""";Bi?lorussie;24/04/2001 22:47;06:40.0;49456;25884.36
909;Elm Place Business Supplies;969 Saxony Drive;2;"ZA""";Afrique du Sud;49;"CG""";Congo;10/11/2004 15:20;28:16.0;47800;88792.49
910;Parkway Auto Body;1860 Parkside Ln.;16;"AU""";Australie;8;"AI""";Anguilla;16/09/2002 02:20;13:20.0;82567;4740.6772
911;Esmarda Chemical Manufacturers;77 Blackhawk Rd;22;"BD""";Bangladesh;38;"BI""";Burundi;26/07/2003 10:20;33:20.0;34364;81275.195
912;Lake Shore Publishing;1233 Arbor Rd.;10;"AG""";Antigua-et-Barbuda;14;"AM""";Arm?nie;27/12/2001 21:33;01:36.0;55208;82534.17
913;Pivot Point College;1233 Arbor Rd.;7;"AO""";Angola;37;"BF""";Burkina Faso;31/05/1972 23:40;20:00.0;25204;24775.166
914;Myers Chocolates and Confectio;12 Fort Sheriden Ave.;32;"BA""";Bosnie-Herz?govine;7;"AO""";Angola;20/05/1980 00:35;53:20.0;67710;2664.1384
916;Elm Place Business Supplies;2632 Prarie Ln.;46;"CY""";Chypre;23;"BB""";Barbade;30/09/1987 20:08;26:40.0;11488;51108.723
917;Air Indonesia;857 Woodbine Rd;25;"BE""";Belgique;41;"CM""";Cameroun;18/07/2000 12:08;41:36.0;67861;87076.945
918;Woodworks Co.;12 Craven Way;23;"BB""";Barbade;2;"ZA""";Afrique du Sud;12/07/2003 03:55;00:00.0;24268;14006.695
919;Myers Chocolates and Confectio;899 Harvard Ct;24;"PW""";Belau;16;"AU""";Australie;30/06/1986 15:55;20:00.0;58564;18108.387
920;Michael Montgomery Hair Saloon;726 White Oaks Ave.;38;"BI""";Burundi;22;"BD""";Bangladesh;17/02/2001 01:20;46:40.0;38714;48724.438
921;Funnyface Amusement Games;746 Judson Place;14;"AM""";Arm?nie;10;"AG""";Antigua-et-Barbuda;15/06/1993 17:00;13:20.0;80439;81468.21
922;Hart Corporation;854 Woodbine;12;"SA""";Arabie saoudite;7;"AO""";Angola;28/07/2000 03:27;53:20.0;17456;96249.055
923;Esmarda Chemical Manufacturers;1101 Deerfield Place;27;"BM""";Bermudes;32;"BA""";Bosnie-Herz?govine;20/06/1996 09:40;33:20.0;60675;44318.47
924;Dapper's Antiques;367Bluebird Terr.;7;"AO""";Angola;48;"KM""";Comores;14/01/1970 01:08;41:36.0;45364;95364.53
925;Griffith Paving and Sealcoatin;1126 Hillcrest Ave;10;"AG""";Antigua-et-Barbuda;46;"CY""";Chypre;06/05/1985 21:40;48:16.0;2818;16325.752
926;Got It All Electronics Supply;1949 Cloverdale Rd.;50;"KP""";Cor?e du Nord;25;"BE""";Belgique;13/09/2000 02:48;54:56.0;84625;92000.48
927;Palmer Golf Supplies;224  Highwood Ave.;47;"CO""";Colombie;23;"BB""";Barbade;02/06/2004 05:53;54:56.0;98650;18441.861
928;North Shore Appliance Service;616 Cobblestone Cir.;29;"BY""";Bi?lorussie;24;"PW""";Belau;09/08/1977 08:33;28:16.0;9690;2439.0884
929;Cradle the Call;886 Yale Lane;47;"CO""";Colombie;38;"BI""";Burundi;23/10/1975 13:40;33:20.0;4208;70460.01
930;Hart Corporation;1575 Oakwood Ave.;29;"BY""";Bi?lorussie;14;"AM""";Arm?nie;26/08/2000 08:20;41:36.0;8854;77159.2
931;Glenn Oaks Office Supplies;218 Oakridge Ave.;25;"BE""";Belgique;12;"SA""";Arabie saoudite;06/10/1975 12:35;53:20.0;65892;54192.723
932;Palmer Golf Supplies;1714 Clifton Rd.;47;"CO""";Colombie;27;"BM""";Bermudes;15/05/2007 23:15;14:56.0;90358;61985.484
933;Marks, Marks, and Kaplan Ltd.;1954 First St.;30;"MM""";Birmanie;7;"AO""";Angola;29/10/2006 09:08;54:56.0;53880;52320.1
934;North Park Lighting Galleries;917 Fairview Ave.  Apt. 982;47;"CO""";Colombie;10;"AG""";Antigua-et-Barbuda;07/09/1998 21:27;41:36.0;65844;4285.5024
935;Brand Y Creative Services;5518 Madison St.;49;"CG""";Congo;50;"KP""";Cor?e du Nord;29/07/1971 02:47;01:36.0;12770;75949.1
936;Percy Photography;1101 Deerfield Place;28;"BT""";Bhoutan;47;"CO""";Colombie;12/02/1983 01:07;26:40.0;55909;51354.434
937;Pete's Auto Repair;1715 Chicago Ave.;13;"AR""";Argentine;29;"BY""";Bi?lorussie;22/10/1992 05:15;46:40.0;13000;91520.59
938;John G. Hartling Ltd.;368 Woodland Rd.;5;"DE""";Allemagne;47;"CO""";Colombie;28/08/2006 13:15;34:56.0;48242;38800.97
939;Tub's Furniture Store;21 Lakeview Terrace #2312;20;"BS""";Bahamas;29;"BY""";Bi?lorussie;11/02/1985 08:53;21:36.0;77767;74330.555
940;Ampro Office Team Ltd.;872 Virginia Rd.;20;"BS""";Bahamas;25;"BE""";Belgique;06/11/2006 08:00;46:40.0;76237;61780.09
941;Griffith Paving and Sealcoatin;2148 Eastview Dr.;35;"BN""";Brunei;47;"CO""";Colombie;23/05/1980 04:20;54:56.0;40122;78600.64
942;Shaggy's Grooming Services;77 Blackhawk Rd;49;"CG""";Congo;30;"MM""";Birmanie;01/12/2005 04:02;06:40.0;79787;9017.559
943;Nitelites Party Rental;511 Hill;13;"AR""";Argentine;47;"CO""";Colombie;29/03/1970 12:00;20:00.0;2230;40311.66
944;Mac Computer Warehouse;1912 Old Briar Lane #2;24;"PW""";Belau;49;"CG""";Congo;02/12/2005 00:13;21:36.0;5568;67408.414
945;Crossroads Construction, Inc.;2644 Princeton Ln.;18;"AZ""";Azerba?djan;28;"BT""";Bhoutan;05/08/1980 22:47;40:00.0;11250;21080.826
946;Masterlands Cleaning;115 Judson Rd.;15;"AW""";Aruba;13;"AR""";Argentine;09/11/2000 22:42;40:00.0;63109;10488.583
947;Myers Chocolates and Confectio;812 North Ave.;25;"BE""";Belgique;5;"DE""";Allemagne;16/04/2006 18:35;34:56.0;7346;88910.59
948;Kermit the Pet Shop;872 Virginia Rd.;43;"CV""";Cap-Vert;20;"BS""";Bahamas;20/11/1996 03:20;00:00.0;73640;93596.836
950;Futoons Cartoons Emporium;10 Marquette Rd.;17;"AT""";Autriche;35;"BN""";Brunei;15/03/1971 23:22;06:40.0;37374;49147.984
951;Hibop Heating and Air Conditio;210 Cresant Rd.;45;"CN""";Chine;49;"CG""";Congo;11/04/2005 07:13;14:56.0;36781;384.4294
952;MedicServe Medical Supply;1234 Devonshire Court;29;"BY""";Bi?lorussie;13;"AR""";Argentine;31/05/2005 20:22;40:00.0;14322;70210.03
953;Camp Oconomowoc;812 North Ave.;17;"AT""";Autriche;24;"PW""";Belau;06/04/1992 23:40;46:40.0;85436;14384.886
954;Kosmo Consulting;225 Jeffrys Place;39;"CI""";C?te d'Ivoire;18;"AZ""";Azerba?djan;29/01/1978 22:13;06:40.0;79068;29793.914
955;Nirabi Auto Service;581 Hill St. Apt. 234;33;"BW""";Botswana;15;"AW""";Aruba;14/09/1987 07:40;06:40.0;77316;68396.56
956;Salt & Pepper Catering Service;334 Lynn Terrace;30;"MM""";Birmanie;25;"BE""";Belgique;12/07/1978 15:00;41:36.0;1517;14438.823
957;Air France;865 Old Tall Tree Lane;17;"AT""";Autriche;43;"CV""";Cap-Vert;06/03/2007 07:48;14:56.0;44673;38660.2
958;Lambert & Locke Legal Services;10 Marquette Rd.;25;"BE""";Belgique;20;"BS""";Bahamas;20/03/2000 06:40;40:00.0;25790;78606.53
959;Esmarda Chemical Manufacturers;1859 Green Bay Rd.;35;"BN""";Brunei;17;"AT""";Autriche;28/07/1980 03:40;53:20.0;53134;40244.613
960;Glenwood Credit Union;406 Trinity Ct.;50;"KP""";Cor?e du Nord;45;"CN""";Chine;07/02/1993 15:47;14:56.0;83474;90724.7
961;janice Mann Accounting Service;872 Virginia Rd.;6;"AD""";Andorre;29;"BY""";Bi?lorussie;01/03/1989 12:53;40:00.0;59250;92728.97
962;Camp Oconomowoc;115 Pleasent Ave.;3;"AL""";Albanie;17;"AT""";Autriche;03/02/2005 14:53;06:40.0;32208;87874.69
963;Doll House Rock;120 high St.;10;"AG""";Antigua-et-Barbuda;39;"CI""";C?te d'Ivoire;04/08/2004 21:40;33:20.0;89240;58418.617
964;Hibop Heating and Air Conditio;929 Brittany Ave.;28;"BT""";Bhoutan;33;"BW""";Botswana;22/07/1980 08:47;54:56.0;42491;82788.234
965;Mail Boxes Et. Al.;115 Pleasent Ave.;42;"CA""";Canada;30;"MM""";Birmanie;10/08/2002 18:20;26:40.0;83585;88600.57
966;Smith Communications Inc.;872 Virginia Rd.;29;"BY""";Bi?lorussie;17;"AT""";Autriche;24/07/1975 19:53;08:16.0;20896;93288.17
967;Rythmics Ltd.;1155 Ridgewood Drive;2;"ZA""";Afrique du Sud;25;"BE""";Belgique;20/04/1986 16:53;53:20.0;84432;1457.9056
968;Hi-Land Art & Frame;12 Craven Way;37;"BF""";Burkina Faso;35;"BN""";Brunei;29/09/1998 21:13;26:40.0;94600;67608.945
969;American Deli Workers Union;807 Old Trail Rd.;36;"BG""";Bulgarie;50;"KP""";Cor?e du Nord;24/05/1993 17:13;33:20.0;9656;58752.836
970;Shaggy's Grooming Services;201-C Frontage Rd.;40;"KH""";Cambodge;6;"AD""";Andorre;17/02/1996 23:33;13:20.0;66174;19242.686
971;Glenn Oaks Office Supplies;1954 First St.;20;"BS""";Bahamas;3;"AL""";Albanie;11/11/2003 19:22;20:00.0;95743;98164.25
972;Schnitzer Denist College;218 Oakridge Ave.;5;"DE""";Allemagne;10;"AG""";Antigua-et-Barbuda;05/11/2000 19:07;08:16.0;95940;98785.04
973;Doll House Rock;1547 Knolwood Rd.;28;"BT""";Bhoutan;28;"BT""";Bhoutan;29/05/1987 16:20;40:00.0;5027;52865.316
974;Mac Computer Warehouse;4763 Blackhawk Rd.;18;"AZ""";Azerba?djan;42;"CA""";Canada;27/06/2005 11:15;53:20.0;9565;3150.467
975;Bill's Dive Shop;2148 Eastview Dr.;8;"AI""";Anguilla;29;"BY""";Bi?lorussie;18/11/2006 00:15;08:16.0;89260;70170.23
976;Pac Builders;865 Old Tall Tree Lane;44;"CL""";Chili;2;"ZA""";Afrique du Sud;27/11/2000 09:48;48:16.0;23032;35490.812
977;Marks, Marks, and Kaplan Ltd.;1770 first St.;14;"AM""";Arm?nie;37;"BF""";Burkina Faso;10/10/1972 02:08;54:56.0;19321;29044.938
978;PGS Associates;21 Lakeview Terrace #2312;48;"KM""";Comores;36;"BG""";Bulgarie;10/08/1994 15:02;13:20.0;55840;62945.332
979;Parties Galore Golf Course;12 Skokie Valley Rd.;22;"BD""";Bangladesh;40;"KH""";Cambodge;26/11/1978 20:27;48:16.0;33900;65468.863
980;Nirabi Auto Service;844 Spruce St.;35;"BN""";Brunei;20;"BS""";Bahamas;01/10/1990 17:53;40:00.0;93407;46076.57
981;Lake Shore Beaches;1633 McGovern place;12;"SA""";Arabie saoudite;5;"DE""";Allemagne;10/08/2006 12:22;46:40.0;45923;84464.17
982;Chicagoland Cleaners;1220 Heather Lane;44;"CL""";Chili;28;"BT""";Bhoutan;12/07/1975 02:20;26:40.0;97784;14124.009
983;Ampro Office Team Ltd.;1185 County line Rd.;45;"CN""";Chine;18;"AZ""";Azerba?djan;10/02/2001 10:13;54:56.0;32236;97580.38
984;Pac Builders;785 Highland place;14;"AM""";Arm?nie;8;"AI""";Anguilla;15/02/1977 13:07;26:40.0;74912;13168.199
985;Highland Lanes;1920 Sunnyside Ave.;48;"KM""";Comores;44;"CL""";Chili;27/05/1970 04:35;54:56.0;43284;73888.81
986;Lidhal design Corp.;465 Stratford Rd.;47;"CO""";Colombie;14;"AM""";Arm?nie;16/12/1972 04:15;33:20.0;92320;50040.887
987;Keyth Contracting and Repair;1831 Beverly Place #9D;30;"MM""";Birmanie;48;"KM""";Comores;27/01/2006 22:13;54:56.0;93169;40400.91
988;Perimeter Security Consultants;1077 Court Ave.;20;"BS""";Bahamas;22;"BD""";Bangladesh;11/05/2001 10:20;08:16.0;43736;25648.002
989;Block Boats and Lures;1975 elmwood Circle;17;"AT""";Autriche;35;"BN""";Brunei;08/10/1990 16:33;54:56.0;43420;37293.723
990;Griffith Paving and Sealcoatin;669 Kikaid;2;"ZA""";Afrique du Sud;12;"SA""";Arabie saoudite;16/10/2004 19:40;26:40.0;81600;35889.137
991;Lickmen Restoration;1575 Oakwood Ave.;23;"BB""";Barbade;44;"CL""";Chili;17/07/2000 00:47;26:40.0;69136;99328.55
992;Lidhal design Corp.;12 Walker Ave.;6;"AD""";Andorre;45;"CN""";Chine;22/02/1994 23:33;20:00.0;24220;86288.83
993;Elle Hypnosis and Therapy Cent;244 Briar Ln;45;"CN""";Chine;14;"AM""";Arm?nie;26/10/2001 06:07;00:00.0;81324;10625.67
994;Johnson, Erico & Co CPA's;3181 Barkwood Ct.;8;"AI""";Anguilla;48;"KM""";Comores;17/01/1993 19:47;08:16.0;38356;89073.48
995;Energy Source Diet Centers;231 Sheriden Rd.;7;"AO""";Angola;47;"CO""";Colombie;22/06/1987 12:33;06:40.0;27488;77022.445
996;Pete's Auto Repair;654 Walnut Rd.;20;"BS""";Bahamas;30;"MM""";Birmanie;01/12/1972 03:08;2006-02-29 06:41:36.000;27126;24953.906
997;Air Barbados;886 Yale Lane;31;"BO""";Bolivie;20;"BS""";Bahamas;03/04/1974 05:47;34:56.0;18770;78094.945
998;Eva Galler Galleries Inc.;618 Sheriden rd.;35;"BN""";Brunei;17;"AT""";Autriche;01/05/1987 01:28;08:16.0;84426;55336.13
999;Lickmen Restoration;1875 Roger Williams Ave.;9;"AQ""";Antarctique;2;"ZA""";Afrique du Sud;17/11/2005 22:42;06:40.0;90728;42004.848
1000;AAA Daniels Antiques;1957 Huntington Ave.;41;"CM""";Cameroun;23;"BB""";Barbade;22/10/1980 11:53;46:40.0;6863;49532.258
1001;Marcy Elaine Bakery;1233 Arbor Rd.;28;"BT""";Bhoutan;6;"AD""";Andorre;24/08/1986 01:28;20:00.0;7125;7771.371
1002;Hi-Land Art & Frame;310 Walker Ave.;18;"AZ""";Azerba?djan;45;"CN""";Chine;27/08/2001 12:47;13:20.0;32764;89183.96
1003;Kermit the Pet Shop;1858 Balsam Way;3;"AL""";Albanie;8;"AI""";Anguilla;23/08/1992 09:53;26:40.0;92284;99142.55
1004;Air France;1858 Balsam Way;49;"CG""";Congo;7;"AO""";Angola;03/01/2003 16:27;28:16.0;60470;61105.016
1005;Palmer Golf Supplies;244 Briar Ln;2;"ZA""";Afrique du Sud;20;"BS""";Bahamas;18/11/1990 20:27;28:16.0;53216;30651.398
1006;Highland Woods City Hall;59 Cordon Terr.;21;"BH""";Bahre?n;31;"BO""";Bolivie;25/06/2007 11:28;53:20.0;83600;82904.73
1007;Smith & Wesson Militia;54 Lakeview Terrace;13;"AR""";Argentine;35;"BN""";Brunei;02/04/2004 04:15;28:16.0;48297;86516.92
1008;New Dehli Auto Exchange;1770 first St.;36;"BG""";Bulgarie;9;"AQ""";Antarctique;07/06/1980 22:07;14:56.0;40673;96458.695
1009;Lennox Air Pollution Control;1658 Second St.;13;"AR""";Argentine;41;"CM""";Cameroun;13/12/2002 00:27;00:00.0;83968;57950.9
1010;Nirabi Auto Service;1287 Glencoe Ave.;22;"BD""";Bangladesh;28;"BT""";Bhoutan;16/09/2005 20:47;28:16.0;76092;17368.84
1011;Park District Of America;1750 Lily Court;24;"PW""";Belau;18;"AZ""";Azerba?djan;20/02/2003 03:20;46:40.0;30448;73097.11
1012;Sigman and Freud Psychiatry;302-A Crestwood Village Rd.;48;"KM""";Comores;3;"AL""";Albanie;07/09/1994 09:42;46:40.0;25635;61646.387
1013;janice Mann Accounting Service;2045 St. johns Ave.;10;"AG""";Antigua-et-Barbuda;49;"CG""";Congo;05/07/2000 06:20;08:16.0;43240;31046.006
1014;Mergenthaler Inc.;355 Golf Rd.;20;"BS""";Bahamas;2;"ZA""";Afrique du Sud;03/07/1985 09:28;40:00.0;19186;66238.95
1015;Morton Roofing and Siding;512 Hill;7;"AO""";Angola;21;"BH""";Bahre?n;09/02/2005 00:42;13:20.0;16825;68302.64
1016;Auto Interior Carpeting Compan;433 Burton Ave.;31;"BO""";Bolivie;13;"AR""";Argentine;09/07/1986 22:08;20:00.0;36308;89002.52
1017;Bako Delicatessen;14836 W. River Oaks Dr.;22;"BD""";Bangladesh;36;"BG""";Bulgarie;15/01/1997 20:27;34:56.0;23008;78948.44
1019;Air India;14836 W. River Oaks Dr.;44;"CL""";Chili;22;"BD""";Bangladesh;01/02/1970 13:35;21:36.0;45115;83391.234
1020;Facelift Kitchen and Bath;746 Judson Place;44;"CL""";Chili;24;"PW""";Belau;02/03/2002 20:13;08:16.0;88440;10501.265
1021;Pasifico Inc.;965 Marion Place Apt. 65C;20;"BS""";Bahamas;48;"KM""";Comores;31/07/1980 03:53;28:16.0;83140;70012.74
1022;Air Barbados;812 North Ave.;34;"BR""";Br?sil;10;"AG""";Antigua-et-Barbuda;24/07/2001 19:40;26:40.0;83037;63762.613
1023;Keep Cool Air Conditioner Repa;770 Exmoor Rd.;11;"AN""";Antilles n?erlandaises;20;"BS""";Bahamas;01/11/2005 22:00;20:00.0;69472;86784.15
1024;Shaggy's Grooming Services;1155 Ridgewood Drive;10;"AG""";Antigua-et-Barbuda;7;"AO""";Angola;11/05/1986 13:53;40:00.0;48204;61590.3
1025;Morton Roofing and Siding;1701 W. Mellody Rd.;36;"BG""";Bulgarie;31;"BO""";Bolivie;29/05/1987 16:20;40:00.0;33864;63685.02
1026;Hibop Heating and Air Conditio;456 Grossman Ln.;14;"AM""";Arm?nie;22;"BD""";Bangladesh;15/07/2005 00:07;28:16.0;54170;73588.36
1027;Lidhal design Corp.;38976 Forest View Rd.;49;"CG""";Congo;6;"AD""";Andorre;18/01/2002 07:33;46:40.0;52020;21154.752
1028;MedicServe Medical Supply;42 Valley Rd.;17;"AT""";Autriche;44;"CL""";Chili;03/09/2006 08:08;20:00.0;55356;61960.24
1029;Mergenthaler Inc.;2870 Skokie Rd.;50;"KP""";Cor?e du Nord;44;"CL""";Chili;15/02/2002 20:55;40:00.0;35299;47572.574
1030;Gordon & Son Brockerage Ltd.;21 Lakeview Terrace #2312;31;"BO""";Bolivie;20;"BS""";Bahamas;13/01/1997 03:48;41:36.0;80860;72436.24
1031;Portugal, Liddy, & Son Ltd.;2678 Sheridan Rd.;31;"BO""";Bolivie;34;"BR""";Br?sil;19/08/2000 21:55;48:16.0;40300;27709.984
1032;Camp Oconomowoc;970 Vilas Circle;18;"AZ""";Azerba?djan;11;"AN""";Antilles n?erlandaises;06/01/1986 12:53;54:56.0;90608;92744.33
1033;Parkway Auto Body;3062 Lindenwood Ln.;50;"KP""";Cor?e du Nord;10;"AG""";Antigua-et-Barbuda;03/10/2003 08:48;40:00.0;89238;4896.949
1034;Moveit Motercycle Service;242 Ashland Ave.;9;"AQ""";Antarctique;36;"BG""";Bulgarie;24/01/2000 07:47;08:16.0;64515;42080.875
1035;Caranisco Homes;1486 Old Deerfield Rd.;6;"AD""";Andorre;14;"AM""";Arm?nie;23/08/1982 06:08;53:20.0;96826;67505.08
1036;Vanity Town;662 Lyons Circle;39;"CI""";C?te d'Ivoire;49;"CG""";Congo;17/11/2006 17:47;40:00.0;14728;39258.8
1037;Darcy Frame and Matting Servic;3181 Barkwood Ct.;20;"BS""";Bahamas;17;"AT""";Autriche;26/11/1993 07:47;06:40.0;14496;81728.164
1038;Acturial Enterprises Ltd.;22 Clay rd.;2;"ZA""";Afrique du Sud;50;"KP""";Cor?e du Nord;30/12/2004 13:07;53:20.0;91175;63212.867
1039;Arthur M. Feildberg Galleries;1860 Parkside Ln.;16;"AU""";Australie;31;"BO""";Bolivie;26/04/1994 23:40;08:16.0;67878;17205.646
1040;Hart Corporation;1770 first St.;6;"AD""";Andorre;31;"BO""";Bolivie;02/01/1977 13:33;48:16.0;63940;62325.387
1041;Schnitzer Denist College;2644 Princeton Ln.;41;"CM""";Cameroun;18;"AZ""";Azerba?djan;30/09/2004 19:02;06:40.0;92790;38147.785
1042;Marcy Elaine Bakery;12 Craven Way;20;"BS""";Bahamas;50;"KP""";Cor?e du Nord;21/06/1970 08:07;13:20.0;95931;49030.395
1043;MedicServe Medical Supply;1679 McCraren;40;"KH""";Cambodge;9;"AQ""";Antarctique;29/01/2000 01:35;46:40.0;88007;2600.8484
1044;Sigman and Freud Psychiatry;1915 Lewis Ln.  Apt 13;9;"AQ""";Antarctique;6;"AD""";Andorre;08/10/1972 03:40;00:00.0;87558;55540.906
1045;Lickmen Restoration;1235 Easton Rd.;27;"BM""";Bermudes;39;"CI""";C?te d'Ivoire;04/09/1972 14:07;21:36.0;89108;86956.3
1046;Highland Heights Gift Shop;218 Oakridge Ave.;32;"BA""";Bosnie-Herz?govine;20;"BS""";Bahamas;23/03/2002 16:13;20:00.0;52456;4458.611
1047;Cradle the Call;1486 Oakwood;21;"BH""";Bahre?n;2;"ZA""";Afrique du Sud;13/05/2005 17:00;01:36.0;87812;84138.72
1048;Childress Child Day Care;1337 Cavell Ave.;13;"AR""";Argentine;16;"AU""";Australie;11/02/1986 17:35;48:16.0;24291;28440.58
1049;Salt & Pepper Catering Service;574 Chicago Ave.;7;"AO""";Angola;6;"AD""";Andorre;05/01/2001 10:00;00:00.0;82520;91096.25
1050;Kosmo Consulting;1436 Waverly Rd.;25;"BE""";Belgique;41;"CM""";Cameroun;31/08/2006 09:28;26:40.0;27640;78240.3
1051;Smith & Wesson Militia;600 Central Ave;5;"DE""";Allemagne;20;"BS""";Bahamas;17/12/2000 17:33;33:20.0;26432;41842.645
1052;Innman Paint and Glass;2024 St.Johns Ave.;37;"BF""";Burkina Faso;40;"KH""";Cambodge;13/08/2001 04:20;40:00.0;21141;58560.562
1053;Energy Source Diet Centers;310 Walker Ave.;34;"BR""";Br?sil;9;"AQ""";Antarctique;11/06/2000 06:07;54:56.0;73770;57572.508
1054;Brand Y Creative Services;12 Skokie Valley Rd.;37;"BF""";Burkina Faso;27;"BM""";Bermudes;15/04/1994 09:53;14:56.0;36180;26792.59
1055;Nyman Interior Design;3059 Priscilla Court;21;"BH""";Bahre?n;32;"BA""";Bosnie-Herz?govine;21/01/1993 14:42;08:16.0;34602;27154.371
1056;Nirabi Auto Service;302-A Crestwood Village Rd.;46;"CY""";Chypre;21;"BH""";Bahre?n;31/12/1997 20:27;20:00.0;82284;51620.473
1057;Nitelites Party Rental;42 Valley Rd.;49;"CG""";Congo;13;"AR""";Argentine;08/04/2006 04:35;26:40.0;1397;13715.202
1058;Lutz Soft Cloth Car Wash;1619 Judson Ave. Apt #34B;44;"CL""";Chili;7;"AO""";Angola;27/08/1972 02:35;21:36.0;65365;50261.43
1059;Dean Grant Buick and Crysler;1715 Chicago Ave.;9;"AQ""";Antarctique;25;"BE""";Belgique;24/08/2002 15:40;54:56.0;80040;2336.0825
1060;Air Mexico;1714 Clifton Rd.;37;"BF""";Burkina Faso;5;"DE""";Allemagne;04/04/2001 21:28;13:20.0;60416;44632.645
1061;Venturi Discount Drugs;1185 County line Rd.;12;"SA""";Arabie saoudite;37;"BF""";Burkina Faso;15/04/2000 23:47;26:40.0;98544;88559.75
1062;Quad City Cleaning;581 Hill St. Apt. 234;25;"BE""";Belgique;34;"BR""";Br?sil;21/11/2006 12:42;13:20.0;4478;11684.425
1063;Cotton Thumb Ltd.;3100 Trailer Way;18;"AZ""";Azerba?djan;37;"BF""";Burkina Faso;18/05/2006 10:47;01:36.0;14590;95168.45
1064;Innman Paint and Glass;937 Judson Ave.;17;"AT""";Autriche;21;"BH""";Bahre?n;26/02/2001 19:35;20:00.0;72214;21912.615
1065;Rythmics Ltd.;1270 Linden Ave.;50;"KP""";Cor?e du Nord;46;"CY""";Chypre;30/11/2005 09:20;40:00.0;44494;5600.613
1066;American Deli Workers Union;1660 Park Ave.;41;"CM""";Cameroun;49;"CG""";Congo;02/01/1970 03:47;14:56.0;36441;2859.3745
1067;Green Shoes Corp.;1831 Beverly Place #9D;30;"MM""";Birmanie;44;"CL""";Chili;15/06/1986 23:53;53:20.0;60080;79792.27
1068;Mergenthaler Inc.;3160 Summit Ave.;41;"CM""";Cameroun;9;"AQ""";Antarctique;19/07/1987 03:27;28:16.0;64672;33392.56
1069;Lake Shore Publishing;12 Skokie Valley Rd.;7;"AO""";Angola;37;"BF""";Burkina Faso;05/12/1977 20:00;14:56.0;7650;15700.739
1070;Deer Lake Inn;1575 Oakwood Ave.;4;"DZ""";Alg?rie;12;"SA""";Arabie saoudite;05/01/1978 05:48;13:20.0;55188;83249.53
1071;Air Barbados;115 Pleasent Ave.;22;"BD""";Bangladesh;25;"BE""";Belgique;04/12/1992 00:02;20:00.0;63020;65272.766
1072;Woodworks Co.;218 Oakridge Ave.;9;"AQ""";Antarctique;18;"AZ""";Azerba?djan;01/09/1986 13:00;06:40.0;79765;53888.2
1073;Air India;1704 Ridgelee Rd;26;"BZ""";Belize;17;"AT""";Autriche;20/01/1978 16:00;20:00.0;6904;41880.43
1074;Glenn Oaks Office Supplies;43078 Kennedy Dr.;25;"BE""";Belgique;50;"KP""";Cor?e du Nord;05/04/1992 08:47;20:00.0;62900;7104.1567
1075;Michael Montgomery Hair Saloon;224  Highwood Ave.;30;"MM""";Birmanie;41;"CM""";Cameroun;01/11/1983 02:00;46:40.0;74540;62720.688
1076;Camp Oconomowoc;3150 Skokie Valley Rd.;3;"AL""";Albanie;30;"MM""";Birmanie;08/08/1996 19:02;00:00.0;8093;75841.3
1077;Pete's Auto Repair;1234 Devonshire Court;14;"AM""";Arm?nie;41;"CM""";Cameroun;11/11/2005 00:02;41:36.0;79900;98760.86
1078;North Park Lighting Galleries;201-C Frontage Rd.;14;"AM""";Arm?nie;7;"AO""";Angola;17/10/1992 23:13;13:20.0;83328;59508.273
1079;Venturi Discount Drugs;465 Stratford Rd.;35;"BN""";Brunei;4;"DZ""";Alg?rie;27/11/2003 21:08;21:36.0;56608;11072.889
1080;Toggle & Myerson Ltd;969 Saxony Drive;4;"DZ""";Alg?rie;22;"BD""";Bangladesh;02/07/1993 09:00;33:20.0;78066;1652.5625
1081;janice Mann Accounting Service;3901 Chester Ave. Apt. 3C;37;"BF""";Burkina Faso;9;"AQ""";Antarctique;20/03/2002 15:47;13:20.0;55875;94960.125
1082;Hilco Auto Body;2936 Arlington Ave.;5;"DE""";Allemagne;26;"BZ""";Belize;23/01/2000 08:15;13:20.0;88484;51785.816
1083;Hi-Land Art & Frame;21 Lakeview Terrace #2312;1;"AF""";Afghanistan;25;"BE""";Belgique;23/04/1975 15:47;40:00.0;52422;36869.56
1084;MedicServe Medical Supply;662 Lyons Circle;33;"BW""";Botswana;30;"MM""";Birmanie;27/06/1985 07:00;53:20.0;66305;36368.86
1085;Camp Oconomowoc;1337 Cavell Ave.;50;"KP""";Cor?e du Nord;3;"AL""";Albanie;16/03/1975 11:07;33:20.0;13852;92844.05
1086;Car Suite Cleaners;139 Bay Colony Dr.;14;"AM""";Arm?nie;14;"AM""";Arm?nie;01/04/1972 07:07;06:40.0;63520;97689.09
1087;Quad City Cleaning;10 Marquette Rd.;9;"AQ""";Antarctique;14;"AM""";Arm?nie;24/11/1978 03:48;26:40.0;61836;72452.47
1088;Childress Child Day Care;2936 Arlington Ave.;37;"BF""";Burkina Faso;35;"BN""";Brunei;01/01/1980 07:33;46:40.0;36736;51964.094
1089;Maintence Services of Maine;1750 Lily Court;11;"AN""";Antilles n?erlandaises;4;"DZ""";Alg?rie;14/01/2005 01:48;00:00.0;24277;85420.87
1090;Highland Heights Gift Shop;899 Harvard Ct;13;"AR""";Argentine;37;"BF""";Burkina Faso;28/03/1978 02:27;00:00.0;51328;24023.123
1091;Loyal Order of Buffalo;4763 Blackhawk Rd.;39;"CI""";C?te d'Ivoire;5;"DE""";Allemagne;02/09/1994 11:00;06:40.0;72732;6660.35
1092;Masterlands Cleaning;632 Florence Dr.;19;"BJ""";B?nin;1;"AF""";Afghanistan;05/01/1989 10:40;06:40.0;35972;55124.83
1093;Mail Boxes Et. Al.;1715 Chicago Ave.;43;"CV""";Cap-Vert;33;"BW""";Botswana;20/07/1985 10:33;13:20.0;20987;91820.336
1094;Keyth Contracting and Repair;1954 First St.;49;"CG""";Congo;50;"KP""";Cor?e du Nord;13/03/2000 12:40;14:56.0;5440;39296.44
1095;Terrinni & Son Auto and Truck;1619 Judson Ave. Apt #34B;39;"CI""";C?te d'Ivoire;14;"AM""";Arm?nie;24/08/2006 18:47;34:56.0;65904;48046.54
1096;Bako Delicatessen;3148 cottonwood Ct.;31;"BO""";Bolivie;9;"AQ""";Antarctique;21/04/2006 03:13;53:20.0;81834;5601.7573
1097;PGS Associates;225 Jeffrys Place;14;"AM""";Arm?nie;37;"BF""";Burkina Faso;03/07/2000 05:53;34:56.0;50360;95888.9
1098;Corbins, Rodriguez, & Savocchi;807 Old Trail Rd.;23;"BB""";Barbade;11;"AN""";Antilles n?erlandaises;11/08/1971 13:00;41:36.0;73420;15918.962
1099;Mergenthaler Inc.;244 Briar Ln;12;"SA""";Arabie saoudite;13;"AR""";Argentine;08/04/2000 14:20;06:40.0;16060;76080.94
1100;Green Bay Travel Services;1482 Concorde Circle;37;"BF""";Burkina Faso;39;"CI""";C?te d'Ivoire;21/01/1978 10:42;06:40.0;34375;74969.55
1101;Yale Remins Temp Agency;135 Lakewood place;8;"AI""";Anguilla;19;"BJ""";B?nin;09/04/1982 00:27;26:40.0;21286;87369.23
1102;Dean Grant Buick and Crysler;1658 Second St.;46;"CY""";Chypre;43;"CV""";Cap-Vert;25/10/1970 10:53;00:00.0;18822;723.008
1103;Pivot Point College;1920 Sunnyside Ave.;18;"AZ""";Azerba?djan;49;"CG""";Congo;28/07/2003 17:53;06:40.0;97524;51232.82
1104;Hoffman Printing Center;43078 Kennedy Dr.;1;"AF""";Afghanistan;39;"CI""";C?te d'Ivoire;14/05/1992 00:33;13:20.0;68660;17817.63
1105;Glenn Oaks Office Supplies;1245 Eastwood;14;"AM""";Arm?nie;31;"BO""";Bolivie;25/01/2001 05:20;13:20.0;17220;55455.36
1106;Lickmen Restoration;839 Burton Ave;21;"BH""";Bahre?n;14;"AM""";Arm?nie;19/03/2004 16:00;40:00.0;27310;88454.0
1107;Green Shoes Corp.;12 Fort Sheriden Ave.;22;"BD""";Bangladesh;23;"BB""";Barbade;03/04/2005 06:28;48:16.0;48804;29520.805
1108;Esmarda Chemical Manufacturers;12 Craven Way;25;"BE""";Belgique;12;"SA""";Arabie saoudite;16/08/2004 11:27;20:00.0;9938;72375.58
1109;Mail Boxes Et. Al.;1770 first St.;25;"BE""";Belgique;37;"BF""";Burkina Faso;28/08/2006 18:20;21:36.0;54256;9880.488
1110;Myles Building Consultants;669 Kikaid;37;"BF""";Burkina Faso;8;"AI""";Anguilla;14/10/2000 15:40;13:20.0;26921;19016.756
1111;Camp Oconomowoc;1875 Roger Williams Ave.;8;"AI""";Anguilla;46;"CY""";Chypre;20/02/1971 01:07;08:16.0;58016;90401.0
1112;Bee Line Publishing;1619 Judson Ave. Apt #34B;10;"AG""";Antigua-et-Barbuda;18;"AZ""";Azerba?djan;21/09/2007 19:40;54:56.0;82516;50161.68
1113;Innman Paint and Glass;770 Exmoor Rd.;36;"BG""";Bulgarie;1;"AF""";Afghanistan;10/10/2001 19:55;20:00.0;43780;91152.59
1114;Ampro Office Team Ltd.;581 Hill St. Apt. 234;17;"AT""";Autriche;14;"AM""";Arm?nie;11/04/1982 08:00;28:16.0;49844;99499.63
1115;Transformation Enterprises;3478 Bryn Mawr St.;21;"BH""";Bahre?n;21;"BH""";Bahre?n;06/09/1977 21:55;26:40.0;7667;31058.363
1116;Salt & Pepper Catering Service;430 Oakland Drive;39;"CI""";C?te d'Ivoire;22;"BD""";Bangladesh;01/06/1970 04:47;53:20.0;75040;21508.928
1117;Bee Line Publishing;1750 Lily Court;46;"CY""";Chypre;25;"BE""";Belgique;25/02/2000 01:33;00:00.0;84070;84017.96
1118;Myles Building Consultants;550 Sheridan;44;"CL""";Chili;25;"BE""";Belgique;06/04/2001 10:20;28:16.0;89805;70672.6
1119;Hilco Auto Body;616 Cobblestone Cir.;31;"BO""";Bolivie;37;"BF""";Burkina Faso;11/08/1994 18:48;20:00.0;52208;62170.53
1120;Bernhardt Ltd.;456 Grossman Ln.;48;"KM""";Comores;8;"AI""";Anguilla;11/09/2005 13:40;06:40.0;69906;84053.61
1121;Cotton Thumb Ltd.;3150 Skokie Valley Rd.;32;"BA""";Bosnie-Herz?govine;10;"AG""";Antigua-et-Barbuda;19/08/1985 20:22;13:20.0;67905;26120.521
1122;American Deli Workers Union;1486 Oakwood;30;"MM""";Birmanie;36;"BG""";Bulgarie;28/04/2001 10:07;53:20.0;20548;34310.77
1123;Mergenthaler Inc.;673 Calais Drive;34;"BR""";Br?sil;17;"AT""";Autriche;08/04/2006 17:15;28:16.0;44546;34850.777
1124;Air Indonesia;1233 Arbor Rd.;28;"BT""";Bhoutan;21;"BH""";Bahre?n;06/12/1985 23:33;53:20.0;64912;28956.402
1125;Auto Interior Carpeting Compan;654 Walnut Rd.;26;"BZ""";Belize;39;"CI""";C?te d'Ivoire;13/10/2002 11:55;46:40.0;33884;6887.4814
1126;Green Bay Travel Services;865 Old Tall Tree Lane;40;"KH""";Cambodge;46;"CY""";Chypre;25/02/1989 08:53;40:00.0;5133;89158.35
1127;janice Mann Accounting Service;2600 Winsor Mall;4;"DZ""";Alg?rie;44;"CL""";Chili;07/11/1980 06:42;46:40.0;20975;3170.4583
1128;Peterson Roberts Carpentry;244 Briar Ln;15;"AW""";Aruba;31;"BO""";Bolivie;15/06/2000 03:00;06:40.0;58602;93062.5
1129;New Dehli Auto Exchange;45 South Deer Creek Drive;8;"AI""";Anguilla;48;"KM""";Comores;03/05/2000 09:27;01:36.0;45755;57100.3
1130;Kosmo Consulting;45 South Deer Creek Drive;15;"AW""";Aruba;32;"BA""";Bosnie-Herz?govine;13/05/1985 03:40;00:00.0;12623;6472.3584
1131;Doerner's Awnings and Canopies;310 Walker Ave.;3;"AL""";Albanie;30;"MM""";Birmanie;28/05/2001 23:27;33:20.0;60765;51172.95
1132;Michael Montgomery Hair Saloon;334 Lynn Terrace;33;"BW""";Botswana;34;"BR""";Br?sil;09/11/2004 02:28;06:40.0;6646;89040.57
1133;Parties Galore Golf Course;2032 Northbrook Ct.;41;"CM""";Cameroun;28;"BT""";Bhoutan;06/07/2004 12:07;41:36.0;12744;93265.61
1134;Air Mexico;600 Central Ave.;28;"BT""";Bhoutan;26;"BZ""";Belize;25/06/1987 14:48;01:36.0;58474;4917.9546
1135;Parties Galore Golf Course;1752 Clinton Ave.;5;"DE""";Allemagne;40;"KH""";Cambodge;26/10/1974 14:48;13:20.0;69530;71255.8
1136;Marcy Elaine Bakery;886 Yale Lane;27;"BM""";Bermudes;4;"DZ""";Alg?rie;18/01/1980 16:13;53:20.0;79305;85270.26
1137;Acturial Enterprises Ltd.;929 Brittany Ave.;31;"BO""";Bolivie;15;"AW""";Aruba;22/10/1992 14:20;06:40.0;88392;64198.863
1138;Metro Appliance Service;4467 Sheridan Rd.;22;"BD""";Bangladesh;8;"AI""";Anguilla;31/07/1975 01:53;34:56.0;72267;70464.74
1139;Glenwood Credit Union;12 Skokie Valley Rd.;9;"AQ""";Antarctique;15;"AW""";Aruba;29/12/2003 06:15;13:20.0;46720;67280.74
1140;Bako Delicatessen;2112 Ravine Drive;16;"AU""";Australie;3;"AL""";Albanie;04/11/1990 06:27;20:00.0;94961;84250.26
1141;Esmarda Chemical Manufacturers;1245 Eastwood;45;"CN""";Chine;33;"BW""";Botswana;17/04/2000 01:20;14:56.0;71255;65028.74
1142;North West Gas Co.;812 North Ave.;6;"AD""";Andorre;41;"CM""";Cameroun;25/10/2005 03:08;28:16.0;80231;24790.385
1143;Schmidt Denists;242 Ashland Ave.;33;"BW""";Botswana;28;"BT""";Bhoutan;11/02/2005 00:40;41:36.0;80244;2924.9348
1144;Doerner's Awnings and Canopies;1875 Roger Williams Ave.;12;"SA""";Arabie saoudite;5;"DE""";Allemagne;23/09/1986 23:53;46:40.0;93609;54117.027
1145;Cotton Thumb Ltd.;5518 Madison St.;45;"CN""";Chine;27;"BM""";Bermudes;03/05/1977 18:08;26:40.0;77527;99644.45
1146;Hibop Heating and Air Conditio;505 N. Frances St.;30;"MM""";Birmanie;31;"BO""";Bolivie;30/12/2001 21:47;46:40.0;98291;39940.23
1147;Nyman Interior Design;844 Spruce St.;4;"DZ""";Alg?rie;22;"BD""";Bangladesh;01/09/1971 20:07;48:16.0;25505;87920.98
1148;Vecot Inc.;1770 first St.;16;"AU""";Australie;9;"AQ""";Antarctique;17/05/1980 09:27;40:00.0;14356;43800.37
1149;Kosmo Consulting;139 Bay Colony Dr.;45;"CN""";Chine;16;"AU""";Australie;13/08/2006 21:13;53:20.0;5184;22124.143
1150;Gordon & Son Brockerage Ltd.;220 Vine Ave.;13;"AR""";Argentine;45;"CN""";Chine;19/05/1977 23:02;28:16.0;76346;3136.291
1151;Froggy's Gourmet Catering;1234 Devonshire Court;6;"AD""";Andorre;6;"AD""";Andorre;05/12/1989 02:15;34:56.0;2800;74948.47
1152;janice Mann Accounting Service;115 Pleasent Ave.;20;"BS""";Bahamas;33;"BW""";Botswana;19/02/1974 10:00;40:00.0;58481;69086.4
1153;Air France;3148 cottonwood Ct.;45;"CN""";Chine;12;"SA""";Arabie saoudite;21/02/2001 00:42;06:40.0;96558;71326.72
1154;Myers Chocolates and Confectio;1715 Chicago Ave.;32;"BA""";Bosnie-Herz?govine;45;"CN""";Chine;29/04/1983 02:22;00:00.0;96911;32390.168
1155;Hibop Heating and Air Conditio;857 Woodbine Rd;46;"CY""";Chypre;30;"MM""";Birmanie;16/10/2007 21:42;46:40.0;77262;34752.57
1156;Ebert Music Center;917 Fairview Ave.  Apt. 982;14;"AM""";Arm?nie;4;"DZ""";Alg?rie;27/02/1982 03:08;21:36.0;71164;76616.86
1157;Hardee Woodwork Ltd.;1535 Knollwood Drive;13;"AR""";Argentine;16;"AU""";Australie;05/03/1993 02:53;26:40.0;81560;83942.195
1158;Johnson, Erico & Co CPA's;220 Vine Ave.;27;"BM""";Bermudes;45;"CN""";Chine;14/05/1972 03:53;01:36.0;6086;87612.96
1159;Chands CPA;1077 Court Ave.;22;"BD""";Bangladesh;13;"AR""";Argentine;30/03/2001 10:40;34:56.0;52256;96944.77
1160;Got It All Electronics Supply;600 Central Ave.;48;"KM""";Comores;6;"AD""";Andorre;09/10/1985 18:35;46:40.0;99805;76982.19
1161;Got It All Electronics Supply;1954 First St.;30;"MM""";Birmanie;20;"BS""";Bahamas;02/09/1978 17:00;46:40.0;23132;79760.234
1162;Resnick DDS;2220 Grant Blvd.;39;"CI""";C?te d'Ivoire;45;"CN""";Chine;26/09/2002 01:27;14:56.0;63320;25996.44
1163;Jay's Cabinet Company;1101 Deerfield Place;29;"BY""";Bi?lorussie;32;"BA""";Bosnie-Herz?govine;16/03/2004 20:02;46:40.0;77539;95124.836
1164;Bako Delicatessen;1482 Concorde Circle;12;"SA""";Arabie saoudite;46;"CY""";Chypre;09/08/1993 13:40;06:40.0;38071;20908.855
1165;Morgan Construction Co;42 Valley Rd.;36;"BG""";Bulgarie;14;"AM""";Arm?nie;22/07/1999 00:33;53:20.0;80382;78800.51
1166;Bill's Dive Shop;770 Exmoor Rd.;45;"CN""";Chine;13;"AR""";Argentine;28/09/2003 02:07;01:36.0;89806;4838.5576
1167;Jay's Cabinet Company;445 Park Ave.;7;"AO""";Angola;27;"BM""";Bermudes;17/03/1975 03:47;48:16.0;86340;60000.438
1168;Truck-X Muffler Repair;1949 Cloverdale Rd.;38;"BI""";Burundi;22;"BD""";Bangladesh;03/07/1990 11:13;34:56.0;89328;26378.043
1169;Sigman and Freud Psychiatry;3059 Priscilla Court;4;"DZ""";Alg?rie;48;"KM""";Comores;29/10/2004 12:13;08:16.0;8480;45393.46
1170;Bill's Dive Shop;965 Marion Place Apt. 65C;18;"AZ""";Azerba?djan;30;"MM""";Birmanie;14/07/1980 13:55;28:16.0;72472;60169.78
1171;Hart Corporation;1920 Sunnyside Ave.;41;"CM""";Cameroun;39;"CI""";C?te d'Ivoire;22/07/2003 19:53;26:40.0;37520;27808.6
1172;Yale Remins Temp Agency;12 Walker Ave.;41;"CM""";Cameroun;29;"BY""";Bi?lorussie;10/03/1987 18:40;53:20.0;54513;43930.85
1173;Nyman Interior Design;445 Park Ave.;37;"BF""";Burkina Faso;12;"SA""";Arabie saoudite;13/07/2000 18:35;21:36.0;72608;86576.555
1174;Jay's Cabinet Company;671 Blackstone Ave.;49;"CG""";Congo;36;"BG""";Bulgarie;30/01/2000 16:53;53:20.0;91358;60628.34
1175;Kapp Camera and Video;1220 Heather Lane;50;"KP""";Cor?e du Nord;45;"CN""";Chine;11/06/2000 08:48;20:00.0;24490;46336.96
1176;Green Bay Travel Services;673 Calais Drive;11;"AN""";Antilles n?erlandaises;7;"AO""";Angola;16/03/1994 14:15;40:00.0;23000;53382.008
1177;DBN Bank;4763 Blackhawk Rd.;50;"KP""";Cor?e du Nord;38;"BI""";Burundi;15/10/2000 19:27;54:56.0;22154;71600.36
1178;Loyal Order of Buffalo;726 White Oaks Ave.;41;"CM""";Cameroun;4;"DZ""";Alg?rie;08/10/1972 03:40;33:20.0;71708;59993.984
1179;Morgan Construction Co;2220 Grant Blvd.;45;"CN""";Chine;18;"AZ""";Azerba?djan;12/01/2004 00:28;26:40.0;74483;6128.751
1180;K L Consulting;1715 Chicago Ave.;25;"BE""";Belgique;41;"CM""";Cameroun;18/06/1996 20:48;06:40.0;89075;77166.055
1181;Air Guatamala;1957 Huntington Ave.;26;"BZ""";Belize;41;"CM""";Cameroun;08/11/1989 11:22;13:20.0;54352;44440.992
1182;Darcy Frame and Matting Servic;2479 Woodridge Drive;35;"BN""";Brunei;37;"BF""";Burkina Faso;07/09/2000 05:13;06:40.0;59934;56394.957
1183;Griffith Paving and Sealcoatin;1220 Heather Lane;16;"AU""";Australie;49;"CG""";Congo;08/07/1994 21:40;08:16.0;6838;17946.322
1184;Dean Barnett Furniture Repair;38976 Forest View Rd.;45;"CN""";Chine;50;"KP""";Cor?e du Nord;04/04/1978 08:42;28:16.0;55643;45235.46
1185;Froggy's Gourmet Catering;1077 Court Ave.;23;"BB""";Barbade;11;"AN""";Antilles n?erlandaises;31/10/1990 08:00;40:00.0;57167;60291.65
1186;George Lee Antiques;2024 St.Johns Ave.;14;"AM""";Arm?nie;50;"KP""";Cor?e du Nord;20/08/2000 21:02;06:40.0;6403;19888.863
1187;Quad City Cleaning;511 Hill;1;"AF""";Afghanistan;41;"CM""";Cameroun;06/02/1983 06:13;13:20.0;21260;4230.3105
1188;Bernhardt Ltd.;4467 Sheridan Rd.;30;"MM""";Birmanie;45;"CN""";Chine;08/12/1982 12:53;33:20.0;46270;80.2887
1189;Jay's Cabinet Company;1770 first St.;43;"CV""";Cap-Vert;25;"BE""";Belgique;20/03/2004 07:22;40:00.0;38250;60750.426
1190;Office Pro Supply Co.;1795 Lake Cook Rd.;4;"DZ""";Alg?rie;26;"BZ""";Belize;25/10/1975 10:07;28:16.0;12990;74688.04
1191;Johnson, Erico & Co CPA's;770 Exmoor Rd.;43;"CV""";Cap-Vert;35;"BN""";Brunei;10/10/2005 03:02;41:36.0;96120;66819.016
1192;Dapper's Antiques;1679 McCraren;28;"BT""";Bhoutan;16;"AU""";Australie;02/03/1975 21:22;34:56.0;29938;38574.664
1193;John G. Hartling Ltd.;3181 Barkwood Ct.;48;"KM""";Comores;45;"CN""";Chine;12/08/1978 00:48;14:56.0;29872;70898.85
1194;Hardee Woodwork Ltd.;899 Harvard Ct;40;"KH""";Cambodge;23;"BB""";Barbade;01/02/2005 18:27;20:00.0;90520;23825.7
1195;Camp Oconomowoc;3478 Bryn Mawr St.;28;"BT""";Bhoutan;14;"AM""";Arm?nie;10/01/1970 22:53;46:40.0;56228;76672.984
1196;Marcy Elaine Bakery;220 Vine Ave.;48;"KM""";Comores;1;"AF""";Afghanistan;24/04/2003 07:55;53:20.0;87910;69110.73
1197;Hibbard Road Suppliers;1858 Balsam Way;27;"BM""";Bermudes;30;"MM""";Birmanie;23/03/1992 05:08;00:00.0;78916;59638.816
1198;Air Indonesia;245 Oakridge Ave.;8;"AI""";Anguilla;43;"CV""";Cap-Vert;17/02/2000 10:13;01:36.0;35398;11035.307
1199;Green Bay Travel Services;865 Old Tall Tree Lane;38;"BI""";Burundi;4;"DZ""";Alg?rie;31/03/1985 14:28;53:20.0;47550;39742.34
1200;Johnson, Erico & Co CPA's;1235 Easton Rd.;48;"KM""";Comores;43;"CV""";Cap-Vert;15/01/1980 16:00;40:00.0;86410;6704.148
1201;Caranisco Homes;45 South Deer Creek Drive;5;"DE""";Allemagne;28;"BT""";Bhoutan;07/08/1977 01:00;34:56.0;1888;24044.158
1202;Facelift Kitchen and Bath;231 Sheriden Rd.;15;"AW""";Aruba;48;"KM""";Comores;28/11/2005 08:42;53:20.0;10770;85920.69
1203;Chands CPA;2644 Princeton Ln.;28;"BT""";Bhoutan;40;"KH""";Cambodge;25/06/1989 18:47;33:20.0;19800;53401.02
1204;Pasifico Inc.;600 Central Ave;14;"AM""";Arm?nie;28;"BT""";Bhoutan;30/12/1990 12:27;13:20.0;32020;60626.43
1205;Vanity Town;2936 Arlington Ave.;39;"CI""";C?te d'Ivoire;48;"KM""";Comores;27/06/1982 13:02;21:36.0;11014;1451.6656
1206;MedicServe Medical Supply;3344 Beachwood Ln.;39;"CI""";C?te d'Ivoire;27;"BM""";Bermudes;14/05/1975 12:47;13:20.0;27489;96512.266
1207;Hi-Land Art & Frame;3181 Barkwood Ct.;22;"BD""";Bangladesh;8;"AI""";Anguilla;23/01/2000 00:40;28:16.0;71580;50900.957
1208;Woodworks Co.;43078 Kennedy Dr.;33;"BW""";Botswana;38;"BI""";Burundi;14/09/1989 08:07;13:20.0;8855;88264.664
1209;Griffith Paving and Sealcoatin;872 Virginia Rd.;6;"AD""";Andorre;48;"KM""";Comores;04/05/1977 14:20;20:00.0;19116;21613.451
1210;Air France;632 Roger Williams;21;"BH""";Bahre?n;5;"DE""";Allemagne;07/06/2000 16:20;21:36.0;51616;54379.355
1211;Happ Aluminum Siding Co.;872 Virginia Rd.;32;"BA""";Bosnie-Herz?govine;15;"AW""";Aruba;04/11/1987 21:33;34:56.0;70112;24066.78
1212;Gourmet the Frog;201-C Frontage Rd.;44;"CL""";Chili;28;"BT""";Bhoutan;10/04/2005 03:27;00:00.0;4792;20320.768
1213;Foy Aviation;632 Florence Dr.;30;"MM""";Birmanie;14;"AM""";Arm?nie;11/05/2007 17:13;41:36.0;73720;41515.64
1214;Camp Stuff;54 Lakeview Terrace;46;"CY""";Chypre;39;"CI""";C?te d'Ivoire;19/09/1990 17:00;08:16.0;82562;86019.45
1215;Ebert Music Center;2220 Grant Blvd.;35;"BN""";Brunei;39;"CI""";C?te d'Ivoire;07/11/2000 12:27;08:16.0;45332;65612.07
1216;Ebert Music Center;2220 Grant Blvd.;37;"BF""";Burkina Faso;22;"BD""";Bangladesh;18/02/1970 22:15;26:40.0;19070;20440.42
1217;Hart Corporation;2922 Twin Oaks Drive;12;"SA""";Arabie saoudite;33;"BW""";Botswana;26/10/2000 16:33;06:40.0;96690;22496.482
1218;Marcy Elaine Bakery;2510 Crain;26;"BZ""";Belize;6;"AD""";Andorre;01/07/1982 09:27;48:16.0;48432;99967.12
1219;John G. Hartling Ltd.;750 Homewood Ave.;25;"BE""";Belgique;21;"BH""";Bahre?n;04/09/2005 03:13;21:36.0;96448;16164.032
1220;Schmidt Denists;1839 McCraren Rd.;42;"CA""";Canada;32;"BA""";Bosnie-Herz?govine;16/08/2000 03:00;28:16.0;81109;47732.48
1221;Maintence Services of Maine;2148 Eastview Dr.;24;"PW""";Belau;44;"CL""";Chili;24/02/1983 18:40;46:40.0;29754;74996.17
1222;Kermit the Pet Shop;3150 Skokie Valley Rd.;16;"AU""";Australie;30;"MM""";Birmanie;18/04/1972 15:47;33:20.0;36508;60920.688
1223;Meonits & Mogogni Inc.;1155 Ridgewood Drive;1;"AF""";Afghanistan;46;"CY""";Chypre;14/12/2006 08:40;21:36.0;44576;28172.8
1224;Flinn Mosquito and Pest Contro;550 Sheridan;14;"AM""";Arm?nie;35;"BN""";Brunei;07/10/1993 14:20;14:56.0;24370;11700.244
1225;P K M Packaging Supply;54 Lakeview Terrace;50;"KP""";Cor?e du Nord;37;"BF""";Burkina Faso;10/09/2003 05:15;46:40.0;56960;25098.86
1226;Maintence Services of Maine;770 Exmoor Rd.;21;"BH""";Bahre?n;12;"SA""";Arabie saoudite;14/01/1993 16:02;28:16.0;95952;85795.73
1227;Salt & Pepper Catering Service;872 Virginia Rd.;7;"AO""";Angola;26;"BZ""";Belize;12/06/2004 15:53;13:20.0;54340;82965.14
1228;Michael Montgomery Hair Saloon;42 Valley Rd.;37;"BF""";Burkina Faso;25;"BE""";Belgique;19/10/1975 15:13;13:20.0;87304;32050.13
1229;Glenwood Credit Union;465 Stratford Rd.;42;"CA""";Canada;42;"CA""";Canada;06/03/1972 03:20;54:56.0;20980;86791.59
1230;Corbins, Rodriguez, & Savocchi;1770 first St.;8;"AI""";Anguilla;24;"PW""";Belau;19/03/2001 15:35;28:16.0;53233;43487.926
1231;Metro Appliance Service;917 Fairview Ave.  Apt. 982;35;"BN""";Brunei;16;"AU""";Australie;24/01/1986 05:08;26:40.0;63605;52362.586
1232;Masterlands Cleaning;42 Valley Rd.;18;"AZ""";Azerba?djan;1;"AF""";Afghanistan;01/10/1997 11:00;48:16.0;40688;75350.086
1233;Johnson, Erico & Co CPA's;456 Grossman Ln.;41;"CM""";Cameroun;14;"AM""";Arm?nie;17/08/1978 12:07;13:20.0;65116;62186.062
1234;Dean Barnett Furniture Repair;445 Park Ave.;20;"BS""";Bahamas;50;"KP""";Cor?e du Nord;17/08/1992 15:00;28:16.0;83396;57352.617
1235;Kermit the Pet Shop;2267 Anderson Lane;14;"AM""";Arm?nie;21;"BH""";Bahre?n;10/09/1982 18:35;48:16.0;28566;32484.994
1236;Derbin Contracting Services;750 Homewood Ave.;47;"CO""";Colombie;7;"AO""";Angola;06/12/2005 15:20;26:40.0;53218;29920.3
1237;janice Mann Accounting Service;313 Grove Ave.;14;"AM""";Arm?nie;37;"BF""";Burkina Faso;23/03/1983 20:40;34:56.0;37728;77802.375
1238;Trapezoid Studios;3150 Skokie Valley Rd.;15;"AW""";Aruba;42;"CA""";Canada;02/12/2006 18:53;46:40.0;62205;47584.41
1239;Park District Of America;2870 Skokie Rd.;8;"AI""";Anguilla;8;"AI""";Anguilla;15/03/1993 20:28;33:20.0;92644;33699.023
1240;Palmer Golf Supplies;2112 Ravine Drive;35;"BN""";Brunei;35;"BN""";Brunei;05/12/1974 07:20;06:40.0;40415;58799.67
1241;Myles Building Consultants;886 Yale Lane;45;"CN""";Chine;18;"AZ""";Azerba?djan;01/02/1970 06:00;21:36.0;4200;98976.734
1242;North West Gas Co.;511 Hill;20;"BS""";Bahamas;41;"CM""";Cameroun;16/03/1982 04:13;33:20.0;3320;41500.617
1243;P K M Packaging Supply;2032 Northbrook Ct.;30;"MM""";Birmanie;20;"BS""";Bahamas;18/12/2006 18:42;33:20.0;33008;46397.305
1244;Metro Appliance Service;35 Glenlake Dr.;40;"KH""";Cambodge;14;"AM""";Arm?nie;05/11/1994 01:47;00:00.0;47995;43086.734
1245;Air Mexico;1126 Hillcrest Ave;39;"CI""";C?te d'Ivoire;47;"CO""";Colombie;07/05/1972 23:55;20:00.0;22656;9586.414
1246;Lutz Soft Cloth Car Wash;201-C Frontage Rd.;37;"BF""";Burkina Faso;14;"AM""";Arm?nie;31/05/2000 13:00;40:00.0;31322;59849.41
1247;Facelift Kitchen and Bath;1701 W. Mellody Rd.;24;"PW""";Belau;15;"AW""";Aruba;29/05/1986 06:08;01:36.0;78708;24680.934
1248;Lutz Soft Cloth Car Wash;671 Blackstone Ave.;19;"BJ""";B?nin;8;"AI""";Anguilla;08/04/1994 11:13;46:40.0;76960;56065.047
1249;Ernie's Foriegn Car Service;1619 Judson Ave. Apt #34B;33;"BW""";Botswana;35;"BN""";Brunei;19/02/1994 23:20;08:16.0;84809;30240.805
1250;Brand Y Creative Services;1882 St. Johns;21;"BH""";Bahre?n;45;"CN""";Chine;26/04/1987 10:22;46:40.0;17736;16896.117
1251;North Shore Appliance Service;865 Old Tall Tree Lane;5;"DE""";Allemagne;20;"BS""";Bahamas;22/12/1994 12:40;41:36.0;60444;12981.709
1252;Rythmics Ltd.;2024 St.Johns Ave.;22;"BD""";Bangladesh;30;"MM""";Birmanie;10/08/2005 10:48;26:40.0;85760;27242.656
1253;Air Indonesia;12 Broadview Lane;19;"BJ""";B?nin;40;"KH""";Cambodge;15/04/2000 12:28;34:56.0;6288;11847.373
1254;Kermit the Pet Shop;854 Woodbine;30;"MM""";Birmanie;39;"CI""";C?te d'Ivoire;18/11/1993 22:00;14:56.0;62928;3392.333
1255;Camp Stuff;310 Walker Ave.;11;"AN""";Antilles n?erlandaises;37;"BF""";Burkina Faso;16/03/1975 18:42;13:20.0;81960;96786.664
1256;Yale Remins Temp Agency;1858 Balsam Way;27;"BM""";Bermudes;24;"PW""";Belau;23/11/2000 12:27;53:20.0;5650;21560.328
1257;New Dehli Auto Exchange;2267 Anderson Lane;8;"AI""";Anguilla;19;"BJ""";B?nin;17/06/1970 00:35;33:20.0;30580;60163.766
1258;Nina's Snow Plowing;45 South Deer Creek Drive;24;"PW""";Belau;33;"BW""";Botswana;25/04/2005 04:33;06:40.0;55860;39180.605
1259;Air Mexico;456 Groverland Ave.;6;"AD""";Andorre;21;"BH""";Bahre?n;01/11/1994 03:20;34:56.0;40416;19494.777
1260;Chicagoland Cleaners;917 Fairview Ave.  Apt. 982;5;"DE""";Allemagne;5;"DE""";Allemagne;21/02/2000 02:27;28:16.0;32500;68702.04
1261;Office Pro Supply Co.;1633 McGovern place;1;"AF""";Afghanistan;22;"BD""";Bangladesh;02/06/2007 17:00;46:40.0;32588;4304.3984
1262;New Dehli Auto Exchange;1436 Waverly Rd.;40;"KH""";Cambodge;19;"BJ""";B?nin;20/10/2002 19:40;21:36.0;60152;63276.92
1263;Mergenthaler Inc.;2045 St. johns Ave.;14;"AM""";Arm?nie;30;"MM""";Birmanie;26/03/1997 18:13;26:40.0;3740;48282.594
1264;Futoons Cartoons Emporium;3150 Skokie Valley Rd.;30;"MM""";Birmanie;11;"AN""";Antilles n?erlandaises;15/05/1993 01:55;20:00.0;73489;74205.18
1265;Park District Of America;2224 Sherman Rd.;10;"AG""";Antigua-et-Barbuda;27;"BM""";Bermudes;08/06/1974 06:07;20:00.0;86795;20440.652
1266;Corbins, Rodriguez, & Savocchi;574 Chicago Ave.;38;"BI""";Burundi;8;"AI""";Anguilla;21/07/1986 21:00;53:20.0;92114;81000.14
1267;Energy Source Diet Centers;3100 Trailer Way;1;"AF""";Afghanistan;24;"PW""";Belau;02/11/2002 12:13;41:36.0;15968;67320.04
1268;DBN Bank;445 Park Ave.;24;"PW""";Belau;6;"AD""";Andorre;03/06/1978 14:08;40:00.0;43834;14725.345
1269;Schmidt Denists;1009 marvel Way;5;"DE""";Allemagne;5;"DE""";Allemagne;30/09/1986 11:27;33:20.0;87440;37044.586
1270;Marcy Elaine Bakery;4467 Sheridan Rd.;13;"AR""";Argentine;1;"AF""";Afghanistan;03/07/1980 20:20;21:36.0;97025;32628.29
1271;Pasifico Inc.;1575 Oakwood Ave.;12;"SA""";Arabie saoudite;40;"KH""";Cambodge;21/04/2006 19:53;40:00.0;57516;46366.246
1272;Peterson Roberts Carpentry;581 Hill St. Apt. 234;42;"CA""";Canada;14;"AM""";Arm?nie;04/04/2001 13:53;46:40.0;61020;7080.813
1273;K L Consulting;12 Craven Way;22;"BD""";Bangladesh;30;"MM""";Birmanie;30/11/1983 00:27;33:20.0;14200;34399.637
1274;Chands CPA;1065 Hillcrest Circle;30;"MM""";Birmanie;10;"AG""";Antigua-et-Barbuda;31/08/2000 07:02;14:56.0;19660;84368.375
1275;Kapp Camera and Video;1752 Clinton Ave.;28;"BT""";Bhoutan;38;"BI""";Burundi;14/01/2004 20:27;21:36.0;27917;58740.67
1276;Hibbard Road Suppliers;139 Bay Colony Dr.;3;"AL""";Albanie;1;"AF""";Afghanistan;25/08/2001 15:13;13:20.0;76358;91465.39
1277;MedicServe Medical Supply;511 Maple Ave.  Apt. 1B;44;"CL""";Chili;24;"PW""";Belau;11/10/2000 15:27;54:56.0;91946;58208.754
1278;Mac Computer Warehouse;1450 Harding Ave.;18;"AZ""";Azerba?djan;5;"DE""";Allemagne;22/08/1987 20:47;06:40.0;94033;77296.62
1279;Marks, Marks, and Kaplan Ltd.;1337 Cavell Ave.;2;"ZA""";Afrique du Sud;13;"AR""";Argentine;11/08/1982 16:22;53:20.0;74114;98404.69
1280;Cotton Thumb Ltd.;4763 Blackhawk Rd.;16;"AU""";Australie;12;"SA""";Arabie saoudite;13/11/1971 17:07;21:36.0;26333;97280.15
1281;Pivot Point College;512 Hill;22;"BD""";Bangladesh;42;"CA""";Canada;30/11/1977 08:42;20:00.0;71911;14188.117
1282;Pac Builders;4763 Blackhawk Rd.;11;"AN""";Antilles n?erlandaises;22;"BD""";Bangladesh;03/08/1970 03:53;53:20.0;8705;65213.234
1283;Garfield Appliance Service;770 Exmoor Rd.;29;"BY""";Bi?lorussie;30;"MM""";Birmanie;16/12/2006 11:08;40:00.0;97564;70413.89
1284;Keyth Contracting and Repair;899 Harvard Ct;29;"BY""";Bi?lorussie;28;"BT""";Bhoutan;30/04/2003 05:55;20:00.0;72354;2051.233
1285;Dapper's Antiques;1436 Waverly Rd.;28;"BT""";Bhoutan;3;"AL""";Albanie;16/02/2001 02:00;40:00.0;81520;7860.222
1286;Shaggy's Grooming Services;1575 Oakwood Ave.;18;"AZ""";Azerba?djan;44;"CL""";Chili;08/07/2005 18:07;08:16.0;88375;55262.37
1287;Quad City Cleaning;1954 First St.;6;"AD""";Andorre;18;"AZ""";Azerba?djan;04/07/1982 11:42;08:16.0;37520;30230.873
1288;Car Suite Cleaners;14836 W. River Oaks Dr.;20;"BS""";Bahamas;2;"ZA""";Afrique du Sud;29/03/2001 06:53;00:00.0;19000;56356.137
1289;Pete's Auto Repair;2479 Woodridge Drive;50;"KP""";Cor?e du Nord;16;"AU""";Australie;23/08/1994 17:40;20:00.0;16036;43134.67
1290;Derbin Contracting Services;886 Yale Lane;6;"AD""";Andorre;22;"BD""";Bangladesh;26/10/2004 18:33;06:40.0;11658;92774.53
1291;Schnitzer Denist College;511 Hill;32;"BA""";Bosnie-Herz?govine;11;"AN""";Antilles n?erlandaises;29/03/1978 06:13;00:00.0;25504;80236.51
1292;Ampro Office Team Ltd.;2505 Allison ct.;28;"BT""";Bhoutan;29;"BY""";Bi?lorussie;07/02/2006 06:55;46:40.0;14862;75264.14
1293;AAA Daniels Antiques;785 Highland place;49;"CG""";Congo;29;"BY""";Bi?lorussie;28/12/1986 13:20;54:56.0;66408;74608.36
1294;Myles Building Consultants;4522 N. Greenview Apt. 1B;21;"BH""";Bahre?n;28;"BT""";Bhoutan;20/06/2005 21:40;20:00.0;33832;82760.84
1295;Doll House Rock;445 Park Ave.;8;"AI""";Anguilla;18;"AZ""";Azerba?djan;01/01/2000 17:33;54:56.0;37318;6566.2383
1296;Michael Montgomery Hair Saloon;1444 Chantilly Ln.;40;"KH""";Cambodge;6;"AD""";Andorre;24/07/2007 09:55;26:40.0;2624;89210.05
1297;Schmidt Denists;425 Lake Ave.;43;"CV""";Cap-Vert;20;"BS""";Bahamas;05/02/1974 12:40;41:36.0;19623;72976.26
1298;New Dehli Auto Exchange;872 Virginia Rd.;29;"BY""";Bi?lorussie;50;"KP""";Cor?e du Nord;30/03/1978 17:35;33:20.0;5288;61740.59
1299;Cradle the Call;12 Broadview Lane;9;"AQ""";Antarctique;6;"AD""";Andorre;26/01/1980 18:40;28:16.0;28891;76201.125
1300;Derbin Contracting Services;654 Walnut Rd.;9;"AQ""";Antarctique;32;"BA""";Bosnie-Herz?govine;18/09/1994 04:47;26:40.0;40721;42239.594
1301;Gilbert Co.;35 Glenlake Dr.;46;"CY""";Chypre;28;"BT""";Bhoutan;19/09/1992 11:53;14:56.0;59040;44816.004
1302;Hi-Land Art & Frame;632 Florence Dr.;19;"BJ""";B?nin;49;"CG""";Congo;17/03/1989 01:07;33:20.0;68060;27486.574
1303;Darcy Frame and Matting Servic;1777 balsamic Ave.;46;"CY""";Chypre;21;"BH""";Bahre?n;25/10/1974 20:07;00:00.0;94904;74465.32
1304;Funnyface Amusement Games;632 Roger Williams;38;"BI""";Burundi;8;"AI""";Anguilla;01/02/1980 04:28;40:00.0;1039;26592.271
1305;Marks, Marks, and Kaplan Ltd.;3487 Green Bay Rd.;16;"AU""";Australie;40;"KH""";Cambodge;17/10/1974 17:40;08:16.0;15144;50702.723
1306;Pac Builders;2922 Twin Oaks Drive;12;"SA""";Arabie saoudite;43;"CV""";Cap-Vert;26/07/2006 12:22;08:16.0;45479;72908.71
1307;North West Gas Co.;886 Yale Lane;14;"AM""";Arm?nie;29;"BY""";Bi?lorussie;25/11/2006 15:08;13:20.0;93235;46777.598
1308;Doerner's Awnings and Canopies;1575 Oakwood Ave.;45;"CN""";Chine;9;"AQ""";Antarctique;28/04/1986 09:13;00:00.0;69828;58776.33
1309;Salt & Pepper Catering Service;1234 Devonshire Court;46;"CY""";Chypre;9;"AQ""";Antarctique;11/05/1992 05:53;40:00.0;34784;53504.727
1310;Lickmen Restoration;746 Judson Place;26;"BZ""";Belize;46;"CY""";Chypre;16/08/2000 05:27;46:40.0;9620;49650.223
1311;Elm Place Business Supplies;3901 Chester Ave. Apt. 3C;32;"BA""";Bosnie-Herz?govine;19;"BJ""";B?nin;28/11/2001 12:00;41:36.0;80320;4088.3613
1312;Eva Galler Galleries Inc.;54 Lakeview Terrace;39;"CI""";C?te d'Ivoire;46;"CY""";Chypre;04/11/1980 23:08;46:40.0;32030;1396.7604
1313;Myles Building Consultants;2148 Eastview Dr.;21;"BH""";Bahre?n;38;"BI""";Burundi;28/02/1985 17:33;34:56.0;66432;41345.09
1314;AAA Daniels Antiques;1337 Cavell Ave.;37;"BF""";Burkina Faso;16;"AU""";Australie;19/12/2001 14:40;46:40.0;94734;73520.6
1315;Hibop Heating and Air Conditio;1287 Glencoe Ave.;43;"CV""";Cap-Vert;12;"SA""";Arabie saoudite;14/01/2002 11:08;46:40.0;9116;76973.46
1316;Got It All Electronics Supply;313 Grove Ave.;20;"BS""";Bahamas;14;"AM""";Arm?nie;11/08/1977 07:02;21:36.0;31008;76912.23
1317;Vanity Town;654 Walnut Rd.;19;"BJ""";B?nin;45;"CN""";Chine;27/07/2001 00:07;06:40.0;45944;23665.463
1318;Bako Delicatessen;201-C Frontage Rd.;25;"BE""";Belgique;46;"CY""";Chypre;06/02/1974 05:20;46:40.0;23760;74270.03
1319;Froggy's Gourmet Catering;210 Cresant Rd.;18;"AZ""";Azerba?djan;26;"BZ""";Belize;01/07/1972 18:33;48:16.0;97320;49650.785
1320;John G. Hartling Ltd.;512 Hill;29;"BY""";Bi?lorussie;32;"BA""";Bosnie-Herz?govine;13/09/2003 19:42;41:36.0;59130;10247.248
1321;Got It All Electronics Supply;1795 Lake Cook Rd.;34;"BR""";Br?sil;39;"CI""";C?te d'Ivoire;12/05/1980 07:13;26:40.0;94200;46210.223
1322;Griffith Paving and Sealcoatin;671 Blackstone Ave.;36;"BG""";Bulgarie;21;"BH""";Bahre?n;16/02/1980 14:40;33:20.0;49879;64979.137
1323;Glassman & Stone;852 Sumac Rd.;45;"CN""";Chine;37;"BF""";Burkina Faso;17/02/2000 00:40;20:00.0;81548;71896.945
1324;North Shore Appliance Service;445 Park Ave.;9;"AQ""";Antarctique;43;"CV""";Cap-Vert;22/06/1974 20:07;28:16.0;62062;80422.11
1325;Darcy Frame and Matting Servic;969 Saxony Drive;14;"AM""";Arm?nie;20;"BS""";Bahamas;04/07/2001 13:13;54:56.0;5342;6804.8916
1327;New Dehli Auto Exchange;865 Old Tall Tree Lane;29;"BY""";Bi?lorussie;25;"BE""";Belgique;21/07/1971 17:00;33:20.0;64088;25396.545
1328;Lambert & Locke Legal Services;929 Brittany Ave.;48;"KM""";Comores;18;"AZ""";Azerba?djan;09/04/2001 10:40;21:36.0;37258;40238.69
1329;Chicagoland Cleaners;120 high St.;43;"CV""";Cap-Vert;29;"BY""";Bi?lorussie;09/05/2001 07:13;48:16.0;72508;98578.25
1330;Caranisco Homes;3150 Skokie Valley Rd.;7;"AO""";Angola;34;"BR""";Br?sil;02/09/1983 06:08;53:20.0;59564;30091.918
1331;Masterlands Cleaning;1155 Ridgewood Drive;1;"AF""";Afghanistan;36;"BG""";Bulgarie;06/08/2002 05:02;53:20.0;35279;84884.85
1332;American Apartments;1550 Ridge Rd.;31;"BO""";Bolivie;45;"CN""";Chine;19/09/2003 14:35;08:16.0;2238;25608.082
1333;Office Pro Supply Co.;3148 cottonwood Ct.;44;"CL""";Chili;9;"AQ""";Antarctique;24/12/1985 08:13;40:00.0;27603;117.289
1334;Elle Hypnosis and Therapy Cent;406 Trinity Ct.;19;"BJ""";B?nin;14;"AM""";Arm?nie;31/01/1996 14:53;53:20.0;18215;62755.844
1335;Rythmics Ltd.;1750 Lily Court;11;"AN""";Antilles n?erlandaises;9;"AQ""";Antarctique;04/06/1993 21:55;34:56.0;84586;22312.945
1336;Keyth Contracting and Repair;1220 Heather Lane;38;"BI""";Burundi;29;"BY""";Bi?lorussie;30/12/1971 07:48;13:20.0;47672;57300.4
1337;Maintence Services of Maine;632 Roger Williams;21;"BH""";Bahre?n;48;"KM""";Comores;29/08/2003 15:28;08:16.0;18955;1096.1582
1338;Camp Oconomowoc;632 Roger Williams;43;"CV""";Cap-Vert;43;"CV""";Cap-Vert;17/10/1978 20:20;33:20.0;55248;70252.21
1339;Nirabi Auto Service;12 Craven Way;30;"MM""";Birmanie;7;"AO""";Angola;14/03/1975 20:13;26:40.0;70730;31142.01
1340;Nina's Snow Plowing;899 Harvard Ct;35;"BN""";Brunei;1;"AF""";Afghanistan;13/07/1975 17:13;53:20.0;61974;88620.13
1341;Arthur M. Feildberg Galleries;2678 Sheridan Rd.;20;"BS""";Bahamas;31;"BO""";Bolivie;23/05/1986 03:40;53:20.0;48835;19494.525
1342;Nyman Interior Design;43078 Kennedy Dr.;4;"DZ""";Alg?rie;44;"CL""";Chili;20/02/1985 06:02;00:00.0;50340;90094.08
1343;Facelift Kitchen and Bath;673 Calais Drive;20;"BS""";Bahamas;19;"BJ""";B?nin;16/01/1982 11:08;26:40.0;81205;43750.793
1344;Woodworks Co.;1019 Deerfield Rd.;44;"CL""";Chili;11;"AN""";Antilles n?erlandaises;02/06/1994 04:22;20:00.0;80742;6392.2183
1345;Glenn Oaks Office Supplies;643 De Temple Rd.;36;"BG""";Bulgarie;38;"BI""";Burundi;29/01/1983 22:28;33:20.0;64535;19170.791
1346;Hibbard Road Suppliers;12 Broadview Lane;24;"PW""";Belau;21;"BH""";Bahre?n;22/07/2004 00:20;13:20.0;76400;63520.164
1347;Pete's Auto Repair;4259 W. Lake Ave.;48;"KM""";Comores;43;"CV""";Cap-Vert;03/11/1989 12:40;53:20.0;41202;58424.625
1348;Hoffman Printing Center;313 Grove Ave.;2;"ZA""";Afrique du Sud;30;"MM""";Birmanie;16/03/1977 02:28;13:20.0;42613;77794.8
1349;janice Mann Accounting Service;175 beech St.;41;"CM""";Cameroun;35;"BN""";Brunei;24/05/1990 15:40;53:20.0;51776;25120.482
1350;Office Pro Supply Co.;1957 Huntington Ave.;26;"BZ""";Belize;20;"BS""";Bahamas;28/04/1994 11:02;06:40.0;35952;75245.92
1351;Block Boats and Lures;2644 Princeton Ln.;30;"MM""";Birmanie;4;"DZ""";Alg?rie;12/04/1970 09:20;54:56.0;40188;57130.43
1352;Rythmics Ltd.;550 Sheridan;38;"BI""";Burundi;20;"BS""";Bahamas;01/06/1993 19:40;53:20.0;84118;47792.434
1353;Corbins, Rodriguez, & Savocchi;2870 Skokie Rd.;10;"AG""";Antigua-et-Barbuda;44;"CL""";Chili;15/05/2001 09:42;46:40.0;65939;82478.37
1354;Pac Builders;750 Homewood Ave.;11;"AN""";Antilles n?erlandaises;36;"BG""";Bulgarie;17/09/1980 09:28;28:16.0;14380;76616.96
1355;Cosmo Skin Care Center;2678 Sheridan Rd.;9;"AQ""";Antarctique;24;"PW""";Belau;09/05/2005 13:40;21:36.0;20704;27036.244
1356;Salt & Pepper Catering Service;929 Brittany Ave.;29;"BY""";Bi?lorussie;48;"KM""";Comores;25/09/1972 01:02;13:20.0;8127;85958.805
1357;Elle Hypnosis and Therapy Cent;2632 Prarie Ln.;18;"AZ""";Azerba?djan;2;"ZA""";Afrique du Sud;11/01/1977 10:42;40:00.0;76902;98080.85
1358;Portugal, Liddy, & Son Ltd.;654 Walnut Rd.;26;"BZ""";Belize;41;"CM""";Cameroun;02/07/2000 02:07;20:00.0;98460;30410.936
1359;Truck-X Muffler Repair;917 Fairview Ave.  Apt. 982;3;"AL""";Albanie;26;"BZ""";Belize;19/11/2000 02:13;00:00.0;37444;10104.441
1360;Deer Lake Inn;266 Green Bay Rd.;25;"BE""";Belgique;30;"MM""";Birmanie;04/10/2001 10:47;46:40.0;47616;73694.87
1361;Chands CPA;12 Fort Sheriden Ave.;41;"CM""";Cameroun;38;"BI""";Burundi;01/03/2001 12:13;14:56.0;35478;20526.49
1362;Yale Remins Temp Agency;210 Cresant Rd.;40;"KH""";Cambodge;10;"AG""";Antigua-et-Barbuda;14/11/1977 12:53;28:16.0;73194;87450.805
1363;Happ Aluminum Siding Co.;1575 Oakwood Ave.;49;"CG""";Congo;11;"AN""";Antilles n?erlandaises;31/05/1985 05:00;34:56.0;40086;52784.953
1364;AA Advertising;511 Maple Ave.  Apt. 1B;11;"AN""";Antilles n?erlandaises;9;"AQ""";Antarctique;03/01/2006 13:35;40:00.0;82208;63579.484
1365;Mac Computer Warehouse;231 Sheriden Rd.;29;"BY""";Bi?lorussie;29;"BY""";Bi?lorussie;26/07/1983 21:40;06:40.0;27985;61966.266
1366;Marks, Marks, and Kaplan Ltd.;224  Highwood Ave.;40;"KH""";Cambodge;18;"AZ""";Azerba?djan;19/07/2000 11:15;53:20.0;2925;8515.497
1367;Metro Appliance Service;12 Fort Sheriden Ave.;11;"AN""";Antilles n?erlandaises;26;"BZ""";Belize;14/06/1975 07:40;01:36.0;66373;18863.516
1368;Ampro Office Team Ltd.;1715 Chicago Ave.;7;"AO""";Angola;3;"AL""";Albanie;06/12/1970 19:33;08:16.0;30211;60300.574
1369;AAA Daniels Antiques;115 Judson Rd.;30;"MM""";Birmanie;25;"BE""";Belgique;14/06/1996 14:47;33:20.0;36536;91575.41
1370;Portugal, Liddy, & Son Ltd.;512 Hill;4;"DZ""";Alg?rie;41;"CM""";Cameroun;24/10/2001 10:35;40:00.0;8279;62565.17
1371;Crossroads Construction, Inc.;12 Broadview Lane;1;"AF""";Afghanistan;40;"KH""";Cambodge;19/01/1974 11:35;40:00.0;18222;17394.545
1372;Bernhardt Ltd.;244 Briar Ln;42;"CA""";Canada;49;"CG""";Congo;29/04/2003 08:07;40:00.0;85232;31628.854
1373;Morgan Construction Co;746 Judson Place;6;"AD""";Andorre;11;"AN""";Antilles n?erlandaises;02/02/1972 06:27;00:00.0;52600;59300.14
1374;Crosstracks Car Wash;3478 Bryn Mawr St.;10;"AG""";Antigua-et-Barbuda;29;"BY""";Bi?lorussie;18/12/1977 13:33;06:40.0;75608;24376.916
1375;Arthur M. Feildberg Galleries;21 Lakeview Terrace #2312;18;"AZ""";Azerba?djan;40;"KH""";Cambodge;26/06/1986 00:48;20:00.0;19544;62060.355
1376;Salt & Pepper Catering Service;1235 Easton Rd.;28;"BT""";Bhoutan;11;"AN""";Antilles n?erlandaises;23/03/2000 01:20;33:20.0;41960;90008.74
1377;Acturial Enterprises Ltd.;865 Old Tall Tree Lane;30;"MM""";Birmanie;7;"AO""";Angola;24/01/1982 13:35;21:36.0;8723;73732.72
1378;Innman Paint and Glass;669 Kikaid;13;"AR""";Argentine;30;"MM""";Birmanie;26/05/2006 13:13;33:20.0;66776;72518.04
1379;Cotton Thumb Ltd.;1233 Arbor Rd.;12;"SA""";Arabie saoudite;4;"DZ""";Alg?rie;23/12/2005 12:53;48:16.0;97587;884.8778
1380;Mail Boxes Et. Al.;12 Broadview Lane;42;"CA""";Canada;1;"AF""";Afghanistan;28/04/2006 01:53;26:40.0;84084;74716.27
1381;Dean Barnett Furniture Repair;1155 Ridgewood Drive;11;"AN""";Antilles n?erlandaises;42;"CA""";Canada;05/02/1982 23:33;20:00.0;8285;16372.878
1382;Dapper's Antiques;3062 Lindenwood Ln.;44;"CL""";Chili;6;"AD""";Andorre;12/10/1987 02:20;41:36.0;35054;57382.195
1383;Truck-X Muffler Repair;2936 Arlington Ave.;46;"CY""";Chypre;10;"AG""";Antigua-et-Barbuda;06/10/1999 09:53;08:16.0;10202;69610.984
1384;K L Consulting;1882 St. Johns;38;"BI""";Burundi;18;"AZ""";Azerba?djan;01/11/2003 18:27;54:56.0;17376;32548.62
1385;Palmer Golf Supplies;1701 W. Mellody Rd.;21;"BH""";Bahre?n;28;"BT""";Bhoutan;27/07/1989 00:47;13:20.0;88184;96800.516
1386;Glenn Oaks Office Supplies;750 Homewood Ave.;20;"BS""";Bahamas;30;"MM""";Birmanie;31/07/2004 14:08;08:16.0;37232;93731.68
1387;Sigman and Freud Psychiatry;367Bluebird Terr.;48;"KM""";Comores;13;"AR""";Argentine;03/10/1986 13:42;34:56.0;52177;28770.094
1388;Ernie's Foriegn Car Service;2024 St.Johns Ave.;35;"BN""";Brunei;12;"SA""";Arabie saoudite;08/01/1993 02:27;33:20.0;39252;33520.656
1389;Esmarda Chemical Manufacturers;2600 Winsor Mall;29;"BY""";Bi?lorussie;42;"CA""";Canada;30/04/2003 05:55;46:40.0;24774;11320.417
1390;Gordon & Son Brockerage Ltd.;433 Burton Ave.;18;"AZ""";Azerba?djan;11;"AN""";Antilles n?erlandaises;27/04/1975 20:47;13:20.0;90591;42842.07
1391;Derbin Contracting Services;1860 Parkside Ln.;8;"AI""";Anguilla;44;"CL""";Chili;18/07/1994 03:53;46:40.0;22310;82822.15
1392;Cosmo Skin Care Center;750 Homewood Ave.;40;"KH""";Cambodge;46;"CY""";Chypre;30/01/1990 19:22;53:20.0;55360;10080.657
1393;Got It All Electronics Supply;4467 Sheridan Rd.;9;"AQ""";Antarctique;38;"BI""";Burundi;09/07/1998 17:00;06:40.0;76986;95394.25
1394;Hibbard Road Suppliers;1831 Beverly Place #9D;48;"KM""";Comores;21;"BH""";Bahre?n;12/06/1990 15:13;26:40.0;26523;61471.742
1395;Lake Shore Beaches;1915 Lewis Ln.  Apt 13;49;"CG""";Congo;20;"BS""";Bahamas;06/05/1997 07:27;08:16.0;56970;23176.83
1396;Libra & Sons;225 Jeffrys Place;15;"AW""";Aruba;48;"KM""";Comores;06/03/1996 15:48;34:56.0;35712;73904.21
1397;Schnitzer Denist College;3901 Chester Ave. Apt. 3C;20;"BS""";Bahamas;35;"BN""";Brunei;22/01/1971 21:22;14:56.0;12044;88953.07
1398;Car Suite Cleaners;4259 W. Lake Ave.;4;"DZ""";Alg?rie;29;"BY""";Bi?lorussie;17/12/1992 02:40;28:16.0;46710;42700.72
1399;Jay's Cabinet Company;839 Burton Ave;20;"BS""";Bahamas;18;"AZ""";Azerba?djan;21/06/1999 22:20;33:20.0;2370;64486.113
1400;George Lee Antiques;3100 Trailer Way;48;"KM""";Comores;8;"AI""";Anguilla;13/11/1980 01:35;14:56.0;26840;49662.75
1401;Hi-Land Art & Frame;2024 St.Johns Ave.;9;"AQ""";Antarctique;40;"KH""";Cambodge;20/02/1974 02:40;53:20.0;63873;70542.625
1402;Mac Computer Warehouse;2045 St. johns Ave.;4;"DZ""";Alg?rie;9;"AQ""";Antarctique;27/01/1977 15:35;53:20.0;73062;88079.3
1403;Auto Interior Carpeting Compan;1679 McCraren;5;"DE""";Allemagne;48;"KM""";Comores;26/05/1978 04:07;53:20.0;71812;45100.875
1404;Vanity Town;2479 Woodridge Drive;29;"BY""";Bi?lorussie;49;"CG""";Congo;21/08/2000 01:42;06:40.0;65806;70500.805
1405;BBQ Smith's Tex Mex;1907 S. Prospect Ave.;34;"BR""";Br?sil;15;"AW""";Aruba;21/04/1980 21:20;46:40.0;11362;40676.164
1406;Portugal, Liddy, & Son Ltd.;1920 Sunnyside Ave.;8;"AI""";Anguilla;20;"BS""";Bahamas;07/06/1996 07:02;53:20.0;27420;11926.002
1407;Highland Woods City Hall;1019 Deerfield Rd.;40;"KH""";Cambodge;4;"DZ""";Alg?rie;01/03/1992 05:22;46:40.0;98000;57280.297
1408;Griffith Paving and Sealcoatin;1575 Oakwood Ave.;39;"CI""";C?te d'Ivoire;20;"BS""";Bahamas;22/03/1972 08:13;46:40.0;94866;18640.236
1409;John G. Hartling Ltd.;225 Jeffrys Place;3;"AL""";Albanie;48;"KM""";Comores;03/02/2005 14:53;21:36.0;12236;50961.418
1410;Toggle & Myerson Ltd;1486 Oakwood;4;"DZ""";Alg?rie;9;"AQ""";Antarctique;23/07/1987 09:28;46:40.0;97147;3100.8972
1411;Hoffman Printing Center;1975 elmwood Circle;20;"BS""";Bahamas;4;"DZ""";Alg?rie;28/01/2001 21:08;33:20.0;53208;12008.865
1412;Nina's Snow Plowing;241 Callan Rd.;6;"AD""";Andorre;5;"DE""";Allemagne;14/08/1992 22:22;46:40.0;53862;82499.85
1413;Froggy's Gourmet Catering;1912 Old Briar Lane #2;45;"CN""";Chine;29;"BY""";Bi?lorussie;10/03/2007 22:55;14:56.0;87720;99595.61
1414;Chands CPA;807 Old Trail Rd.;18;"AZ""";Azerba?djan;34;"BR""";Br?sil;07/11/2006 02:42;06:40.0;48222;75505.41
1415;Camp Stuff;368 Woodland Rd.;9;"AQ""";Antarctique;8;"AI""";Anguilla;24/12/2001 13:20;33:20.0;76090;35776.41
1416;Loyal Order of Buffalo;673 Calais Drive;31;"BO""";Bolivie;40;"KH""";Cambodge;12/07/2000 07:13;48:16.0;88410;8850.526
1417;Masterlands Cleaning;1859 Green Bay Rd.;46;"CY""";Chypre;39;"CI""";C?te d'Ivoire;20/12/1994 05:07;46:40.0;93272;95038.95
1418;Schnitzer Denist College;1575 Oakwood Ave.;12;"SA""";Arabie saoudite;3;"AL""";Albanie;06/04/2003 04:33;28:16.0;20550;74809.52
1419;Portugal, Liddy, & Son Ltd.;1185 County line Rd.;7;"AO""";Angola;4;"DZ""";Alg?rie;19/03/1975 11:20;53:20.0;87384;77020.67
1420;Johnson, Erico & Co CPA's;628 Orwenstensia;38;"BI""";Burundi;20;"BS""";Bahamas;15/09/1972 00:07;53:20.0;57919;83730.36
1421;K L Consulting;1954 First St.;30;"MM""";Birmanie;6;"AD""";Andorre;11/03/1970 18:15;14:56.0;85824;79234.1
1422;Lickmen Restoration;1019 Deerfield Rd.;2;"ZA""";Afrique du Sud;45;"CN""";Chine;07/07/2000 21:28;20:00.0;30680;89621.46
1423;Maintence Services of Maine;812 North Ave.;41;"CM""";Cameroun;18;"AZ""";Azerba?djan;15/08/1990 07:00;33:20.0;66750;90489.35
1424;Lickmen Restoration;643 De Temple Rd.;6;"AD""";Andorre;9;"AQ""";Antarctique;20/06/1989 16:33;08:16.0;2640;45388.01
1425;Vecot Inc.;35 Glenlake Dr.;46;"CY""";Chypre;31;"BO""";Bolivie;11/12/2006 03:48;26:40.0;99840;53825.41
1426;Nel Video Productions;1287 Glencoe Ave.;10;"AG""";Antigua-et-Barbuda;46;"CY""";Chypre;20/09/2000 19:27;40:00.0;70572;26202.473
1427;Nel Video Productions;1915 Lewis Ln.  Apt 13;21;"BH""";Bahre?n;12;"SA""";Arabie saoudite;15/03/1971 04:40;28:16.0;57044;93126.54
1428;Office Pro Supply Co.;618 Sheriden rd.;36;"BG""";Bulgarie;7;"AO""";Angola;23/03/1977 10:13;14:56.0;70490;46889.258
1429;Perimeter Security Consultants;12 Broadview Lane;2;"ZA""";Afrique du Sud;38;"BI""";Burundi;07/04/2004 23:08;41:36.0;59670;44985.504
1430;Glassman & Stone;367Bluebird Terr.;36;"BG""";Bulgarie;30;"MM""";Birmanie;19/04/1993 23:53;00:00.0;56792;13304.621
1431;Lake Shore Publishing;807 Old Trail Rd.;40;"KH""";Cambodge;2;"ZA""";Afrique du Sud;17/12/1985 20:40;34:56.0;3314;94605.875
1432;Tub's Furniture Store;1547 Knolwood Rd.;42;"CA""";Canada;41;"CM""";Cameroun;22/05/1970 22:33;33:20.0;2248;57635.73
1433;Hibbard Road Suppliers;43078 Kennedy Dr.;41;"CM""";Cameroun;6;"AD""";Andorre;02/11/1992 18:02;48:16.0;42816;96120.86
1434;Peterson Roberts Carpentry;581 Hill St. Apt. 234;41;"CM""";Cameroun;46;"CY""";Chypre;29/04/2004 01:53;01:36.0;18711;11488.817
1435;Air Mexico;5518 Madison St.;26;"BZ""";Belize;10;"AG""";Antigua-et-Barbuda;08/09/2006 04:20;20:00.0;93655;15516.126
1436;Bako Delicatessen;12 Broadview Lane;50;"KP""";Cor?e du Nord;21;"BH""";Bahre?n;15/03/1977 18:53;34:56.0;53460;15584.427
1437;Camp Stuff;3100 Trailer Way;5;"DE""";Allemagne;36;"BG""";Bulgarie;24/02/1987 10:13;53:20.0;48246;49216.715
1438;K L Consulting;1875 Roger Williams Ave.;9;"AQ""";Antarctique;2;"ZA""";Afrique du Sud;07/03/1975 12:28;28:16.0;92160;99535.016
1439;Lidhal design Corp.;616 Cobblestone Cir.;41;"CM""";Cameroun;36;"BG""";Bulgarie;11/11/2002 07:33;33:20.0;33148;62392.285
1440;Derbin Contracting Services;355 Golf Rd.;9;"AQ""";Antarctique;40;"KH""";Cambodge;05/10/2002 09:28;26:40.0;22320;3440.692
1441;Lidhal design Corp.;785 Highland place;33;"BW""";Botswana;42;"CA""";Canada;05/11/2002 23:33;33:20.0;66390;29679.549
1442;Ampro Office Team Ltd.;629 Kincaid Ave.;44;"CL""";Chili;41;"CM""";Cameroun;04/11/2001 15:47;48:16.0;72430;3663.6072
1443;Myles Building Consultants;1949 Cloverdale Rd.;31;"BO""";Bolivie;41;"CM""";Cameroun;09/12/1987 14:53;46:40.0;17979;21550.615
1444;American Apartments;1619 Judson Ave. Apt #34B;40;"KH""";Cambodge;26;"BZ""";Belize;11/01/1977 19:47;53:20.0;5360;16078.651
1445;Innman Paint and Glass;45 South Deer Creek Drive;46;"CY""";Chypre;50;"KP""";Cor?e du Nord;13/05/1978 18:08;33:20.0;26156;87832.9
1446;Glenn Oaks Office Supplies;1882 St. Johns;14;"AM""";Arm?nie;5;"DE""";Allemagne;04/01/2004 21:33;46:40.0;7784;97800.164
1447;Hibbard Road Suppliers;302-A Crestwood Village Rd.;22;"BD""";Bangladesh;9;"AQ""";Antarctique;07/09/1974 16:33;21:36.0;58960;40165.836
1448;Truck-X Muffler Repair;1949 Cloverdale Rd.;8;"AI""";Anguilla;41;"CM""";Cameroun;02/01/2006 14:42;14:56.0;58496;93646.055
1449;Elle Hypnosis and Therapy Cent;1770 first St.;32;"BA""";Bosnie-Herz?govine;9;"AQ""";Antarctique;13/10/1997 00:47;41:36.0;93087;15940.123
1450;Gourmet the Frog;669 Kikaid;22;"BD""";Bangladesh;33;"BW""";Botswana;29/04/1978 19:48;46:40.0;90588;45030.15
1451;Mail Boxes Et. Al.;1486 Old Deerfield Rd.;47;"CO""";Colombie;44;"CL""";Chili;17/04/1982 02:53;46:40.0;61475;55548.234
1452;Flinn Mosquito and Pest Contro;3148 cottonwood Ct.;11;"AN""";Antilles n?erlandaises;31;"BO""";Bolivie;11/02/2001 18:28;06:40.0;80356;80576.37
1453;Funnyface Amusement Games;433 Burton Ave.;25;"BE""";Belgique;40;"KH""";Cambodge;11/05/1970 19:53;54:56.0;8900;58930.4
1454;Hibbard Road Suppliers;673 Calais Drive;40;"KH""";Cambodge;46;"CY""";Chypre;19/11/1983 03:20;01:36.0;90920;7320.048
1455;Mail Boxes Et. Al.;3385 University Ave.;43;"CV""";Cap-Vert;14;"AM""";Arm?nie;07/03/1989 18:53;06:40.0;9621;54525.516
1456;Maintence Services of Maine;1065 Hillcrest Circle;50;"KP""";Cor?e du Nord;22;"BD""";Bangladesh;06/05/2004 03:53;08:16.0;34752;1640.6581
1457;Portugal, Liddy, & Son Ltd.;1714 Clifton Rd.;50;"KP""";Cor?e du Nord;8;"AI""";Anguilla;25/02/2000 17:33;33:20.0;57212;77037.47
1458;Hibbard Road Suppliers;1715 Chicago Ave.;18;"AZ""";Azerba?djan;32;"BA""";Bosnie-Herz?govine;18/08/1977 14:47;20:00.0;35770;25344.725
1459;Gilbert Co.;244 Briar Ln;25;"BE""";Belgique;22;"BD""";Bangladesh;29/10/1982 01:40;20:00.0;6150;46200.254
1460;Highland Lanes;35 Glenlake Dr.;37;"BF""";Burkina Faso;47;"CO""";Colombie;14/02/1975 16:28;33:20.0;1001;33088.53
1461;Meonits & Mogogni Inc.;1482 Concorde Circle;7;"AO""";Angola;11;"AN""";Antilles n?erlandaises;05/12/1986 00:42;26:40.0;9040;87470.195
1462;Hardee Woodwork Ltd.;1658 Second St.;13;"AR""";Argentine;25;"BE""";Belgique;12/06/1983 11:00;00:00.0;59776;89400.87
1463;Lidhal design Corp.;1954 First St.;15;"AW""";Aruba;40;"KH""";Cambodge;26/03/1974 10:55;40:00.0;5725;4396.028
1464;MedicServe Medical Supply;4763 Blackhawk Rd.;8;"AI""";Anguilla;43;"CV""";Cap-Vert;07/07/1996 09:15;53:20.0;4941;25088.865
1465;Highland Lanes;3344 Beachwood Ln.;27;"BM""";Bermudes;50;"KP""";Cor?e du Nord;24/07/1998 18:07;26:40.0;55910;77748.65
1466;Camp Stuff;1547 Knolwood Rd.;36;"BG""";Bulgarie;50;"KP""";Cor?e du Nord;12/07/1999 18:20;46:40.0;13992;28352.66
1467;AAA Daniels Antiques;886 Yale Lane;40;"KH""";Cambodge;18;"AZ""";Azerba?djan;30/10/2005 03:20;54:56.0;2290;53985.01
1468;Mergenthaler Inc.;241 Callan Rd.;2;"ZA""";Afrique du Sud;25;"BE""";Belgique;06/02/1975 23:07;34:56.0;60700;84276.125
1469;Nitelites Party Rental;574 Chicago Ave.;23;"BB""";Barbade;37;"BF""";Burkina Faso;02/06/1983 19:42;21:36.0;1540;55967.48
1470;Lutz Soft Cloth Car Wash;550 Sheridan;41;"CM""";Cameroun;7;"AO""";Angola;11/10/1974 13:42;06:40.0;5314;42272.402
1471;Myers Chocolates and Confectio;1444 Chantilly Ln.;17;"AT""";Autriche;13;"AR""";Argentine;14/01/2003 18:02;06:40.0;56970;44509.457
1472;Hibop Heating and Air Conditio;1126 Hillcrest Ave;22;"BD""";Bangladesh;15;"AW""";Aruba;22/07/1987 05:42;46:40.0;24991;43849.727
1473;Hibop Heating and Air Conditio;14836 W. River Oaks Dr.;7;"AO""";Angola;8;"AI""";Anguilla;23/10/1982 14:22;33:20.0;83432;59137.816
1474;Smith Communications Inc.;2922 Twin Oaks Drive;47;"CO""";Colombie;27;"BM""";Bermudes;28/06/1971 04:22;40:00.0;66992;42030.27
1475;Gilbert Co.;2224 Sherman Rd.;30;"MM""";Birmanie;36;"BG""";Bulgarie;24/04/2000 00:00;33:20.0;93920;61112.46
1476;Bako Delicatessen;1715 Chicago Ave.;5;"DE""";Allemagne;40;"KH""";Cambodge;18/01/2006 00:53;46:40.0;91920;78472.83
1477;Portugal, Liddy, & Son Ltd.;3478 Bryn Mawr St.;28;"BT""";Bhoutan;2;"ZA""";Afrique du Sud;16/05/1972 02:22;14:56.0;32338;58700.465
1478;Gilbert Co.;456 Grossman Ln.;46;"CY""";Chypre;23;"BB""";Barbade;10/03/1998 03:20;40:00.0;46850;80040.414
1479;Marcy Elaine Bakery;1077 Court Ave.;22;"BD""";Bangladesh;41;"CM""";Cameroun;25/06/1978 23:00;20:00.0;40925;34904.184
1480;Meonits & Mogogni Inc.;45 South Deer Creek Drive;26;"BZ""";Belize;17;"AT""";Autriche;21/09/2002 10:20;20:00.0;78600;72195.45
1481;Nitelites Party Rental;445 Park Ave.;28;"BT""";Bhoutan;22;"BD""";Bangladesh;10/02/1994 17:07;41:36.0;47272;81260.12
1482;MedicServe Medical Supply;201-C Frontage Rd.;50;"KP""";Cor?e du Nord;7;"AO""";Angola;08/05/1993 23:27;00:00.0;31968;66592.18
1483;Nel Video Productions;4467 Sheridan Rd.;11;"AN""";Antilles n?erlandaises;47;"CO""";Colombie;23/03/1993 04:13;21:36.0;60068;52975.574
1484;Meonits & Mogogni Inc.;1126 Hillcrest Ave;6;"AD""";Andorre;30;"MM""";Birmanie;07/02/2002 18:28;14:56.0;30286;30220.527
1485;Gilbert Co.;242 Ashland Ave.;17;"AT""";Autriche;5;"DE""";Allemagne;31/10/1983 14:53;34:56.0;41550;87320.46
1486;Nina's Snow Plowing;2024 St.Johns Ave.;20;"BS""";Bahamas;28;"BT""";Bhoutan;17/10/2000 01:27;46:40.0;91170;23021.094
1487;Venturi Discount Drugs;807 Old Trail Rd.;32;"BA""";Bosnie-Herz?govine;46;"CY""";Chypre;30/04/2002 12:48;20:00.0;99600;62605.363
1488;Camp Oconomowoc;1660 Park Ave.;18;"AZ""";Azerba?djan;22;"BD""";Bangladesh;21/03/2001 23:08;01:36.0;8434;37121.805
1489;Esmarda Chemical Manufacturers;1185 County line Rd.;6;"AD""";Andorre;26;"BZ""";Belize;03/11/1985 00:55;00:00.0;71996;35584.555
1490;Perimeter Security Consultants;1482 Concorde Circle;36;"BG""";Bulgarie;28;"BT""";Bhoutan;13/08/2006 12:08;00:00.0;61528;85920.39
1491;Pac Builders;43078 Kennedy Dr.;38;"BI""";Burundi;50;"KP""";Cor?e du Nord;31/12/1977 23:47;01:36.0;17502;18300.51
1492;Nyman Interior Design;1065 Hillcrest Circle;2;"ZA""";Afrique du Sud;11;"AN""";Antilles n?erlandaises;21/10/1977 17:40;34:56.0;24740;8240.11
1493;Woodworks Co.;1975 elmwood Circle;1;"AF""";Afghanistan;6;"AD""";Andorre;25/11/2000 06:40;13:20.0;79370;33520.69
1494;Highland Lanes;788 Tennyson Ave.;6;"AD""";Andorre;17;"AT""";Autriche;13/11/1975 08:40;53:20.0;66288;84560.64
1495;Air Mexico;225 Jeffrys Place;29;"BY""";Bi?lorussie;20;"BS""";Bahamas;25/07/1989 09:53;28:16.0;85318;89540.42
1496;Bernhardt Ltd.;746 Judson Place;42;"CA""";Canada;32;"BA""";Bosnie-Herz?govine;10/04/1974 21:07;00:00.0;37706;68686.94
1497;Nel Video Productions;1750 Lily Court;42;"CA""";Canada;18;"AZ""";Azerba?djan;27/02/1971 18:28;14:56.0;43037;15145.341
1498;BBQ Smith's Tex Mex;1550 Ridge Rd.;5;"DE""";Allemagne;6;"AD""";Andorre;25/12/1980 13:47;26:40.0;89182;57442.047
1499;Cradle the Call;1155 Ridgewood Drive;29;"BY""";Bi?lorussie;36;"BG""";Bulgarie;19/06/2000 03:40;01:36.0;28386;57980.363
1500;Gourmet the Frog;3385 University Ave.;41;"CM""";Cameroun;38;"BI""";Burundi;13/10/1972 22:33;13:20.0;52072;87499.39
1501;Percy Photography;4259 W. Lake Ave.;49;"CG""";Congo;2;"ZA""";Afrique du Sud;21/03/2006 03:48;06:40.0;16543;81100.8
1502;Salt & Pepper Catering Service;1233 Arbor Rd.;4;"DZ""";Alg?rie;1;"AF""";Afghanistan;02/01/2002 21:22;46:40.0;34651;4424.875
1503;Deer Lake Inn;115 Pleasent Ave.;40;"KH""";Cambodge;6;"AD""";Andorre;30/07/2007 13:53;54:56.0;2139;40240.773
1504;Metro Appliance Service;5518 Madison St.;23;"BB""";Barbade;29;"BY""";Bi?lorussie;28/07/1989 04:33;33:20.0;74524;22604.39
1505;Doll House Rock;1912 Old Briar Lane #2;7;"AO""";Angola;42;"CA""";Canada;02/01/2004 21:35;06:40.0;94116;47751.957
1506;Keyth Contracting and Repair;3148 cottonwood Ct.;21;"BH""";Bahre?n;42;"CA""";Canada;13/03/1994 02:55;40:00.0;78840;42082.35
1507;Camp Stuff;1185 County line Rd.;26;"BZ""";Belize;5;"DE""";Allemagne;21/01/2000 19:20;06:40.0;55854;30346.186
1508;Park District Of America;115 Judson Rd.;10;"AG""";Antigua-et-Barbuda;29;"BY""";Bi?lorussie;12/01/1992 07:07;46:40.0;89980;5406.833
1509;MedicServe Medical Supply;115 Pleasent Ave.;2;"ZA""";Afrique du Sud;41;"CM""";Cameroun;03/07/2007 23:00;26:40.0;33236;85103.164
1510;Glenwood Credit Union;2510 Crain;45;"CN""";Chine;49;"CG""";Congo;08/03/2001 08:28;48:16.0;96800;49091.477
1511;Quad City Cleaning;1660 Park Ave.;41;"CM""";Cameroun;4;"DZ""";Alg?rie;30/04/2007 22:08;46:40.0;36016;31736.38
1512;Bee Line Publishing;4522 N. Greenview Apt. 1B;30;"MM""";Birmanie;40;"KH""";Cambodge;02/04/1994 15:20;40:00.0;32197;78800.164
1513;Highland Woods City Hall;1575 Oak Ave.  Apt. 2C;23;"BB""";Barbade;23;"BB""";Barbade;11/04/2003 23:27;14:56.0;16409;69810.625
1514;Brand Y Creative Services;1770 first St.;27;"BM""";Bermudes;7;"AO""";Angola;25/04/1971 21:40;08:16.0;47571;85096.375
1515;American Apartments;1450 Harding Ave.;46;"CY""";Chypre;21;"BH""";Bahre?n;07/11/1983 04:28;20:00.0;81122;84995.266
1516;Perimeter Security Consultants;1839 McCraren Rd.;22;"BD""";Bangladesh;26;"BZ""";Belize;28/03/2002 18:13;26:40.0;79550;29968.621
1517;Trapezoid Studios;643 De Temple Rd.;28;"BT""";Bhoutan;10;"AG""";Antigua-et-Barbuda;01/01/1992 21:07;13:20.0;81156;83254.81
1518;Smith & Wesson Militia;1875 Roger Williams Ave.;15;"AW""";Aruba;2;"ZA""";Afrique du Sud;27/01/2003 20:40;53:20.0;46535;47521.547
1519;Mac Computer Warehouse;12 Craven Way;45;"CN""";Chine;45;"CN""";Chine;05/07/2006 12:47;53:20.0;28682;99270.33
1520;Car Suite Cleaners;115 Pleasent Ave.;26;"BZ""";Belize;41;"CM""";Cameroun;23/07/1996 14:08;40:00.0;74075;44047.152
1521;Shaggy's Grooming Services;1619 Judson Ave. Apt #34B;1;"AF""";Afghanistan;30;"MM""";Birmanie;27/10/1989 15:00;26:40.0;19562;62384.2
1522;Bernhardt Ltd.;618 Sheriden rd.;8;"AI""";Anguilla;23;"BB""";Barbade;01/01/1994 21:33;46:40.0;83441;60208.555
1523;Garfield Appliance Service;2024 St.Johns Ave.;37;"BF""";Burkina Faso;27;"BM""";Bermudes;04/12/1980 17:47;00:00.0;40290;49200.785
1524;North West Gas Co.;12 Broadview Lane;13;"AR""";Argentine;46;"CY""";Chypre;14/12/2007 02:40;08:16.0;48367;50430.758
1525;Air France;3385 University Ave.;19;"BJ""";B?nin;22;"BD""";Bangladesh;13/02/2001 14:00;14:56.0;61020;24888.121
1526;Parkway Auto Body;1957 Huntington Ave.;33;"BW""";Botswana;28;"BT""";Bhoutan;22/09/1972 17:28;40:00.0;52640;70796.78
1527;Air France;242 Ashland Ave.;17;"AT""";Autriche;15;"AW""";Aruba;09/07/2006 18:48;40:00.0;62080;11084.196
1528;Trapezoid Studios;2112 Ravine Drive;37;"BF""";Burkina Faso;45;"CN""";Chine;02/10/1980 10:35;08:16.0;60980;88004.37
1529;Doll House Rock;2032 Northbrook Ct.;5;"DE""";Allemagne;26;"BZ""";Belize;14/07/1977 04:47;01:36.0;24869;26448.299
1530;Air Indonesia;965 Marion Place Apt. 65C;45;"CN""";Chine;1;"AF""";Afghanistan;05/01/1971 12:42;48:16.0;25353;29200.969
1531;Trapezoid Studios;54 Lakeview Terrace;12;"SA""";Arabie saoudite;8;"AI""";Anguilla;16/09/2001 21:40;21:36.0;19509;18792.613
1532;Darcy Frame and Matting Servic;770 Exmoor Rd.;42;"CA""";Canada;37;"BF""";Burkina Faso;16/06/1978 16:47;26:40.0;41280;22400.531
1533;Lutz Soft Cloth Car Wash;1185 County line Rd.;26;"BZ""";Belize;13;"AR""";Argentine;30/08/2004 13:02;08:16.0;27472;11900.131
1534;Schnitzer Denist College;865 Old Tall Tree Lane;22;"BD""";Bangladesh;19;"BJ""";B?nin;07/09/1989 09:27;20:00.0;9676;28415.814
1535;Highland Heights Gift Shop;669 Kikaid;14;"AM""";Arm?nie;33;"BW""";Botswana;28/02/2004 11:22;53:20.0;73680;45600.805
1536;Lake Shore Beaches;465 Stratford Rd.;2;"ZA""";Afrique du Sud;17;"AT""";Autriche;15/03/2005 15:20;34:56.0;29500;51690.453
1537;Schnitzer Denist College;1235 Easton Rd.;15;"AW""";Aruba;37;"BF""";Burkina Faso;29/05/1994 17:02;34:56.0;71833;61729.05
1538;Lambert & Locke Legal Services;1245 Eastwood;39;"CI""";C?te d'Ivoire;5;"DE""";Allemagne;28/05/2001 19:00;48:16.0;43718;59700.96
1539;Innman Paint and Glass;241 Callan Rd.;40;"KH""";Cambodge;45;"CN""";Chine;13/10/1996 10:47;53:20.0;83586;32071.695
1540;Ebert Music Center;511 Maple Ave.  Apt. 1B;8;"AI""";Anguilla;12;"SA""";Arabie saoudite;15/02/2003 00:02;00:00.0;82990;93878.77
1541;Woodworks Co.;511 Maple Ave.  Apt. 1B;22;"BD""";Bangladesh;42;"CA""";Canada;05/07/2001 07:55;41:36.0;25866;13280.8125
1542;Rythmics Ltd.;456 Groverland Ave.;16;"AU""";Australie;26;"BZ""";Belize;26/12/2000 05:48;13:20.0;68100;34464.043
1543;Vanity Town;218 Oakridge Ave.;39;"CI""";C?te d'Ivoire;22;"BD""";Bangladesh;14/06/1978 20:20;33:20.0;44160;32571.121
1544;Toggle & Myerson Ltd;42 Valley Rd.;41;"CM""";Cameroun;14;"AM""";Arm?nie;08/09/2002 16:47;21:36.0;69253;94724.516
1545;AA Advertising;12 Fort Sheriden Ave.;18;"AZ""";Azerba?djan;2;"ZA""";Afrique du Sud;03/04/2001 17:42;54:56.0;16450;15920.703
1546;Derbin Contracting Services;511 Hill;47;"CO""";Colombie;15;"AW""";Aruba;18/03/2001 20:53;48:16.0;39350;98204.17
1547;Venturi Discount Drugs;231 Sheriden Rd.;13;"AR""";Argentine;39;"CI""";C?te d'Ivoire;28/10/1986 05:07;21:36.0;12569;39000.65
1548;Quad City Cleaning;1245 Eastwood;44;"CL""";Chili;40;"KH""";Cambodge;06/07/1970 16:48;46:40.0;61488;86560.08
1549;Myers Chocolates and Confectio;662 Lyons Circle;13;"AR""";Argentine;8;"AI""";Anguilla;03/05/1985 10:20;48:16.0;2896;19550.584
1550;Lake Shore Publishing;2505 Allison ct.;21;"BH""";Bahre?n;22;"BD""";Bangladesh;25/10/1970 18:28;40:00.0;14256;30362.23
1551;Air Indonesia;1019 Deerfield Rd.;46;"CY""";Chypre;16;"AU""";Australie;01/02/2001 07:33;40:00.0;91288;1536.691
1552;Energy Source Diet Centers;852 Sumac Rd.;14;"AM""";Arm?nie;39;"CI""";C?te d'Ivoire;06/07/2006 01:27;53:20.0;73230;34339.867
1553;George Lee Antiques;1486 Oakwood;50;"KP""";Cor?e du Nord;41;"CM""";Cameroun;19/03/1986 07:07;06:40.0;4854;9820.648
1554;Esmarda Chemical Manufacturers;785 Highland place;38;"BI""";Burundi;18;"AZ""";Azerba?djan;25/02/1970 20:55;14:56.0;37384;19620.889
1555;Hart Corporation;965 Marion Place Apt. 65C;35;"BN""";Brunei;47;"CO""";Colombie;22/08/1989 23:15;40:00.0;87894;80971.17
1556;Nel Video Productions;643 De Temple Rd.;11;"AN""";Antilles n?erlandaises;13;"AR""";Argentine;20/12/1993 15:07;33:20.0;89604;77346.3
1557;Highland Woods City Hall;3487 Green Bay Rd.;42;"CA""";Canada;44;"CL""";Chili;10/04/2004 06:42;54:56.0;88465;6895.604
1558;Eva Galler Galleries Inc.;511 Maple Ave.  Apt. 1B;12;"SA""";Arabie saoudite;13;"AR""";Argentine;07/11/1970 21:07;14:56.0;80692;38912.668
1559;Woodworks Co.;2936 Arlington Ave.;47;"CO""";Colombie;21;"BH""";Bahre?n;02/01/1994 16:15;28:16.0;45664;91520.766
1560;Johnson, Erico & Co CPA's;2870 Skokie Rd.;30;"MM""";Birmanie;46;"CY""";Chypre;13/11/2004 20:55;26:40.0;98036;58080.977
1561;Ampro Office Team Ltd.;1795 Lake Cook Rd.;43;"CV""";Cap-Vert;14;"AM""";Arm?nie;13/07/1985 11:53;53:20.0;49176;31444.504
1562;AA Advertising;2510 Crain;12;"SA""";Arabie saoudite;50;"KP""";Cor?e du Nord;20/06/1990 06:33;40:00.0;67328;27520.955
1563;Moveit Motercycle Service;1245 Eastwood;38;"BI""";Burundi;38;"BI""";Burundi;20/04/2004 14:22;20:00.0;88888;75497.01
1564;Gilbert Co.;872 Virginia Rd.;45;"CN""";Chine;35;"BN""";Brunei;26/01/1985 04:00;41:36.0;32016;54261.97
1565;Vecot Inc.;1287 Glencoe Ave.;7;"AO""";Angola;11;"AN""";Antilles n?erlandaises;21/02/1999 12:27;53:20.0;31651;37650.54
1566;Meonits & Mogogni Inc.;1233 Arbor Rd.;3;"AL""";Albanie;42;"CA""";Canada;26/08/1997 13:53;54:56.0;36276;50812.312
1567;Darcy Frame and Matting Servic;367Bluebird Terr.;5;"DE""";Allemagne;12;"SA""";Arabie saoudite;11/05/2004 10:22;46:40.0;15594;99576.71
1568;Auto Interior Carpeting Compan;746 Judson Place;6;"AD""";Andorre;47;"CO""";Colombie;20/10/2000 03:42;53:20.0;55680;3800.132
1569;Lake Shore Beaches;12 Walker Ave.;15;"AW""";Aruba;30;"MM""";Birmanie;25/02/2001 22:28;33:20.0;57474;30964.225
1570;Bill's Dive Shop;807 Old Trail Rd.;8;"AI""";Anguilla;43;"CV""";Cap-Vert;01/05/1974 01:27;01:36.0;98866;99060.95
1571;Bernhardt Ltd.;1752 Clinton Ave.;3;"AL""";Albanie;12;"SA""";Arabie saoudite;01/06/2002 14:47;33:20.0;87299;23636.299
1572;MedicServe Medical Supply;1860 Parkside Ln.;33;"BW""";Botswana;38;"BI""";Burundi;29/12/2001 15:35;26:40.0;80150;62166.348
1573;Derbin Contracting Services;1486 Old Deerfield Rd.;2;"ZA""";Afrique du Sud;45;"CN""";Chine;22/02/1977 11:47;00:00.0;79016;55972.695
1574;Smith & Wesson Militia;965 Marion Place Apt. 65C;37;"BF""";Burkina Faso;7;"AO""";Angola;01/09/2005 14:47;00:00.0;16004;35164.664
1575;Pasifico Inc.;750 Homewood Ave.;16;"AU""";Australie;3;"AL""";Albanie;15/04/1987 16:47;46:40.0;48071;37284.168
1576;Air Guatamala;3150 Skokie Valley Rd.;43;"CV""";Cap-Vert;5;"DE""";Allemagne;18/02/2001 09:33;33:20.0;62016;61135.742
1577;Air India;673 Calais Drive;39;"CI""";C?te d'Ivoire;6;"AD""";Andorre;09/11/1983 04:27;34:56.0;74318;36635.41
1578;First National Bank of Ottowa;1126 Hillcrest Ave;38;"BI""";Burundi;15;"AW""";Aruba;22/10/1999 14:47;20:00.0;26812;80271.41
1579;Salt & Pepper Catering Service;38976 Forest View Rd.;46;"CY""";Chypre;8;"AI""";Anguilla;13/03/1989 02:40;13:20.0;32400;40068.734
1580;Marcy Elaine Bakery;3059 Priscilla Court;42;"CA""";Canada;3;"AL""";Albanie;04/07/1983 21:53;21:36.0;76768;74453.88
1581;Caranisco Homes;175 beech St.;13;"AR""";Argentine;33;"BW""";Botswana;21/04/1994 21:27;13:20.0;89924;41588.363
1582;Ebert Music Center;628 Orwenstensia;36;"BG""";Bulgarie;2;"ZA""";Afrique du Sud;07/10/1982 09:28;00:00.0;16860;94190.586
1583;Glenn Oaks Office Supplies;175 beech St.;25;"BE""";Belgique;37;"BF""";Burkina Faso;31/10/1978 05:33;01:36.0;97620;1200.6848
1584;Gordon & Son Brockerage Ltd.;2644 Princeton Ln.;33;"BW""";Botswana;16;"AU""";Australie;13/08/1992 11:00;46:40.0;40630;26720.287
1585;Eva Galler Galleries Inc.;1019 Deerfield Rd.;34;"BR""";Br?sil;43;"CV""";Cap-Vert;22/07/2000 17:13;33:20.0;36724;19908.39
1586;Arthur M. Feildberg Galleries;2922 Twin Oaks Drive;11;"AN""";Antilles n?erlandaises;39;"CI""";C?te d'Ivoire;07/08/1993 13:42;06:40.0;77465;87460.23
1587;Morgan Construction Co;770 Exmoor Rd.;6;"AD""";Andorre;38;"BI""";Burundi;16/12/1986 14:28;46:40.0;76000;40962.297
1588;Schmidt Denists;302-A Crestwood Village Rd.;40;"KH""";Cambodge;46;"CY""";Chypre;12/01/1990 16:00;53:20.0;49576;88076.89
1589;K L Consulting;643 De Temple Rd.;23;"BB""";Barbade;42;"CA""";Canada;01/02/2006 12:02;13:20.0;42235;50316.49
1590;Vanity Town;2045 St. johns Ave.;6;"AD""";Andorre;13;"AR""";Argentine;03/04/2001 15:47;01:36.0;99808;23406.053
1591;Cotton Thumb Ltd.;618 Sheriden rd.;24;"PW""";Belau;36;"BG""";Bulgarie;30/11/1974 07:08;34:56.0;38864;80340.11
1592;Salt & Pepper Catering Service;115 Judson Rd.;37;"BF""";Burkina Faso;25;"BE""";Belgique;06/01/1989 03:20;13:20.0;11538;84762.25
1593;Nel Video Productions;511 Maple Ave.  Apt. 1B;6;"AD""";Andorre;33;"BW""";Botswana;21/07/1972 10:47;14:56.0;80511;59850.453
1594;Salt & Pepper Catering Service;2045 St. johns Ave.;18;"AZ""";Azerba?djan;34;"BR""";Br?sil;06/03/1989 04:00;21:36.0;42650;7621.623
1595;North West Gas Co.;1065 Hillcrest Circle;23;"BB""";Barbade;11;"AN""";Antilles n?erlandaises;05/02/1990 06:40;00:00.0;49683;97327.45
1596;Doll House Rock;746 Judson Place;44;"CL""";Chili;6;"AD""";Andorre;01/10/1974 12:47;53:20.0;52960;15164.123
1597;Griffith Paving and Sealcoatin;1799 Rosemary Way;39;"CI""";C?te d'Ivoire;40;"KH""";Cambodge;08/08/1987 06:47;48:16.0;70904;73736.69
1598;Percy Photography;2479 Woodridge Drive;34;"BR""";Br?sil;23;"BB""";Barbade;13/05/2000 00:33;40:00.0;18611;77860.195
1599;Dean Grant Buick and Crysler;445 Park Ave.;9;"AQ""";Antarctique;6;"AD""";Andorre;05/01/1997 01:22;28:16.0;8425;8192.69
1600;Childress Child Day Care;77 Blackhawk Rd;47;"CO""";Colombie;24;"PW""";Belau;07/05/1975 14:07;28:16.0;3412;4764.0576
1601;DBN Bank;614 green bay Rd.;34;"BR""";Br?sil;37;"BF""";Burkina Faso;29/03/2005 07:47;33:20.0;63789;77650.98
1602;AA Advertising;1270 Linden Ave.;39;"CI""";C?te d'Ivoire;6;"AD""";Andorre;20/06/2001 22:33;06:40.0;33908;9480.429
1603;Mail Boxes Et. Al.;1547 Knolwood Rd.;20;"BS""";Bahamas;18;"AZ""";Azerba?djan;03/03/1978 19:07;54:56.0;49224;89807.71
1604;Camp Oconomowoc;1444 Chantilly Ln.;4;"DZ""";Alg?rie;23;"BB""";Barbade;13/10/2005 23:27;46:40.0;34397;61918.35
1605;Glenwood Credit Union;917 Fairview Ave.  Apt. 982;43;"CV""";Cap-Vert;44;"CL""";Chili;31/07/1994 05:02;46:40.0;19037;21925.13
1606;Camp Oconomowoc;872 Virginia Rd.;13;"AR""";Argentine;39;"CI""";C?te d'Ivoire;01/08/1987 08:07;13:20.0;87884;40678.836
1607;Bako Delicatessen;406 Trinity Ct.;28;"BT""";Bhoutan;34;"BR""";Br?sil;12/09/1990 18:20;14:56.0;94906;84608.945
1608;Keep Cool Air Conditioner Repa;1436 Waverly Rd.;43;"CV""";Cap-Vert;9;"AQ""";Antarctique;25/08/1998 00:07;28:16.0;59353;43200.805
1609;Lee Stairworks and Carpentry,;1009 marvel Way;6;"AD""";Andorre;47;"CO""";Colombie;23/01/1980 07:20;26:40.0;79320;82672.15
1610;Acturial Enterprises Ltd.;10 Marquette Rd.;15;"AW""";Aruba;34;"BR""";Br?sil;13/02/1990 09:07;00:00.0;90760;89508.72
1611;Bill's Dive Shop;512 Hill;23;"BB""";Barbade;39;"CI""";C?te d'Ivoire;04/12/1998 19:33;14:56.0;21420;36030.36
1612;Schmidt Denists;671 Blackstone Ave.;27;"BM""";Bermudes;20;"BS""";Bahamas;02/06/2007 07:55;40:00.0;4648;85385.91
1613;Terrinni & Son Auto and Truck;1065 Hillcrest Circle;3;"AL""";Albanie;4;"DZ""";Alg?rie;28/06/2001 18:20;48:16.0;43220;28502.01
1614;Lutz Soft Cloth Car Wash;3478 Bryn Mawr St.;14;"AM""";Arm?nie;43;"CV""";Cap-Vert;12/04/2001 23:55;14:56.0;75200;97551.73
1615;Innman Paint and Glass;2220 Grant Blvd.;3;"AL""";Albanie;13;"AR""";Argentine;23/01/1985 03:47;26:40.0;56176;15938.923
1616;Schnitzer Denist College;2224 Sherman Rd.;31;"BO""";Bolivie;28;"BT""";Bhoutan;16/06/1987 08:35;06:40.0;43890;12067.629
1617;Masterlands Cleaning;22 Clay rd.;48;"KM""";Comores;43;"CV""";Cap-Vert;09/09/2003 13:40;53:20.0;94548;57772.793
1618;Foy Aviation;886 Yale Lane;11;"AN""";Antilles n?erlandaises;6;"AD""";Andorre;06/05/1972 20:08;00:00.0;11960;99740.65
1619;Cradle the Call;511 Hill;21;"BH""";Bahre?n;15;"AW""";Aruba;11/02/1989 19:08;46:40.0;72990;92763.47
1620;Johnson, Erico & Co CPA's;746 Judson Place;43;"CV""";Cap-Vert;23;"BB""";Barbade;04/06/1996 04:47;01:36.0;73846;58130.184
1621;First National Bank of Ottowa;1185 County line Rd.;1;"AF""";Afghanistan;27;"BM""";Bermudes;25/08/2006 14:35;06:40.0;17495;18169.605
1622;Arthur M. Feildberg Galleries;1450 Harding Ave.;43;"CV""";Cap-Vert;3;"AL""";Albanie;11/07/1986 11:00;33:20.0;66692;90992.414
1623;Glassman & Stone;673 Calais Drive;11;"AN""";Antilles n?erlandaises;14;"AM""";Arm?nie;12/10/1996 07:00;33:20.0;40179;95829.83
1624;Keep Cool Air Conditioner Repa;1234 Devonshire Court;2;"ZA""";Afrique du Sud;3;"AL""";Albanie;21/01/1978 10:42;48:16.0;27647;92481.08
1625;Lennox Air Pollution Control;2644 Princeton Ln.;44;"CL""";Chili;31;"BO""";Bolivie;24/08/2005 12:20;20:00.0;16750;41866.027
1626;Air Mexico;872 Virginia Rd.;7;"AO""";Angola;48;"KM""";Comores;19/09/2003 14:35;26:40.0;89902;95673.09
1627;Air Indonesia;654 Walnut Rd.;3;"AL""";Albanie;11;"AN""";Antilles n?erlandaises;16/03/1992 15:33;53:20.0;12356;8944.66
1628;Smith Communications Inc.;139 Bay Colony Dr.;48;"KM""";Comores;21;"BH""";Bahre?n;05/04/1985 14:40;34:56.0;45142;68425.9
1629;Mergenthaler Inc.;2220 Grant Blvd.;20;"BS""";Bahamas;43;"CV""";Cap-Vert;19/06/1980 11:53;20:00.0;85718;72115.75
1630;Nirabi Auto Service;1858 Balsam Way;3;"AL""";Albanie;1;"AF""";Afghanistan;24/01/2006 23:33;33:20.0;99316;21017.773
1631;Got It All Electronics Supply;3160 Summit Ave.;22;"BD""";Bangladesh;43;"CV""";Cap-Vert;23/05/1989 05:13;01:36.0;44352;35020.69
1632;Ernie's Foriegn Car Service;1858 Balsam Way;47;"CO""";Colombie;11;"AN""";Antilles n?erlandaises;06/06/1996 23:27;20:00.0;56839;76344.84
1633;Schnitzer Denist College;1575 Oakwood Ave.;40;"KH""";Cambodge;2;"ZA""";Afrique du Sud;17/02/1970 10:53;00:00.0;71710;68744.234
1634;Kermit the Pet Shop;21 Lakeview Terrace #2312;19;"BJ""";B?nin;44;"CL""";Chili;14/08/1980 12:20;46:40.0;75860;48832.324
1635;Hoffman Printing Center;2032 Northbrook Ct.;34;"BR""";Br?sil;7;"AO""";Angola;01/12/2007 09:07;33:20.0;80352;91818.89
1636;American Apartments;368 Woodland Rd.;7;"AO""";Angola;3;"AL""";Albanie;29/03/1983 15:33;46:40.0;78695;8095.724
1637;Caranisco Homes;1752 Clinton Ave.;8;"AI""";Anguilla;48;"KM""";Comores;02/10/1986 09:55;06:40.0;20314;44792.805
1638;Cosmo Skin Care Center;807 Old Trail Rd.;16;"AU""";Australie;20;"BS""";Bahamas;07/01/2001 20:40;53:20.0;9920;3060.6653
1639;Shaggy's Grooming Services;807 Old Trail Rd.;50;"KP""";Cor?e du Nord;3;"AL""";Albanie;04/11/1992 06:53;20:00.0;89360;74913.32
1640;Bee Line Publishing;1831 Beverly Place #9D;49;"CG""";Congo;22;"BD""";Bangladesh;22/04/1990 17:00;46:40.0;64456;24068.992
1641;Parties Galore Golf Course;872 Virginia Rd.;49;"CG""";Congo;47;"CO""";Colombie;19/11/1980 16:40;01:36.0;51082;47480.867
1642;North Park Lighting Galleries;746 Judson Place;47;"CO""";Colombie;40;"KH""";Cambodge;16/06/1974 16:08;20:00.0;18500;72898.22
1643;North Shore Appliance Service;1750 Lily Court;19;"BJ""";B?nin;19;"BJ""";B?nin;29/04/1994 07:13;48:16.0;43110;28147.922
1644;Transformation Enterprises;1860 Parkside Ln.;4;"DZ""";Alg?rie;34;"BR""";Br?sil;18/02/2003 11:22;46:40.0;65780;48840.08
1645;Vanity Town;1633 McGovern place;50;"KP""";Cor?e du Nord;7;"AO""";Angola;01/08/1993 11:13;48:16.0;17655;67882.35
1646;Nirabi Auto Service;550 Sheridan;23;"BB""";Barbade;8;"AI""";Anguilla;26/08/2004 10:20;54:56.0;77028;3280.3716
1647;Doerner's Awnings and Canopies;1949 Cloverdale Rd.;47;"CO""";Colombie;16;"AU""";Australie;10/08/2006 12:22;06:40.0;65173;33673.93
1648;Toggle & Myerson Ltd;669 Kikaid;21;"BH""";Bahre?n;50;"KP""";Cor?e du Nord;20/05/1992 03:02;26:40.0;79208;33284.285
1649;Bako Delicatessen;1619 Judson Ave. Apt #34B;7;"AO""";Angola;49;"CG""";Congo;15/11/1985 10:53;20:00.0;82639;87018.69
1650;Venturi Discount Drugs;1799 Rosemary Way;23;"BB""";Barbade;49;"CG""";Congo;06/05/1980 12:20;00:00.0;12016;15825.152
1651;Hibop Heating and Air Conditio;669 Kikaid;28;"BT""";Bhoutan;47;"CO""";Colombie;21/09/1985 15:13;20:00.0;94336;53241.465
1652;Meonits & Mogogni Inc.;45 South Deer Creek Drive;16;"AU""";Australie;19;"BJ""";B?nin;12/01/2004 12:53;53:20.0;34714;30691.012
1653;Smith Communications Inc.;1679 McCraren;34;"BR""";Br?sil;4;"DZ""";Alg?rie;22/06/1972 23:27;20:00.0;48876;24112.85
1654;Pasifico Inc.;965 Marion Place Apt. 65C;40;"KH""";Cambodge;50;"KP""";Cor?e du Nord;08/03/1970 06:55;21:36.0;85346;68474.555
1655;John G. Hartling Ltd.;632 Roger Williams;7;"AO""";Angola;23;"BB""";Barbade;15/07/1971 13:02;01:36.0;26100;23972.455
1656;Air Mexico;2632 Prarie Ln.;48;"KM""";Comores;47;"CO""";Colombie;11/05/2001 17:53;00:00.0;15992;67488.98
1657;Brand Y Creative Services;2220 Grant Blvd.;16;"AU""";Australie;21;"BH""";Bahre?n;08/05/2006 18:22;53:20.0;58230;33543.816
1658;Camp Stuff;45 South Deer Creek Drive;6;"AD""";Andorre;7;"AO""";Angola;25/06/2007 20:33;40:00.0;3050;31728.994
1659;Happ Aluminum Siding Co.;899 Harvard Ct;27;"BM""";Bermudes;23;"BB""";Barbade;24/08/1971 17:40;20:00.0;9954;57770.355
1660;Palmer Golf Supplies;854 Woodbine;33;"BW""";Botswana;28;"BT""";Bhoutan;05/08/2000 19:55;00:00.0;58862;11148.015
1661;Innman Paint and Glass;654 Walnut Rd.;38;"BI""";Burundi;16;"AU""";Australie;30/06/1983 14:22;00:00.0;67661;61210.914
1662;Kosmo Consulting;1235 Easton Rd.;45;"CN""";Chine;34;"BR""";Br?sil;06/02/1985 01:07;06:40.0;52948;8731.656
1663;Vecot Inc.;2220 Grant Blvd.;35;"BN""";Brunei;40;"KH""";Cambodge;09/06/1994 12:07;01:36.0;16841;22746.273
1664;Highland Lanes;245 Oakridge Ave.;43;"CV""";Cap-Vert;7;"AO""";Angola;15/08/1983 02:47;48:16.0;89868;85975.555
1665;Pete's Auto Repair;1337 Cavell Ave.;25;"BE""";Belgique;48;"KM""";Comores;06/02/1977 06:53;00:00.0;64274;63413.54
1666;Eva Galler Galleries Inc.;1444 Chantilly Ln.;36;"BG""";Bulgarie;16;"AU""";Australie;02/07/1970 10:47;26:40.0;80319;99175.79
1667;Lickmen Restoration;632 Roger Williams;39;"CI""";C?te d'Ivoire;6;"AD""";Andorre;17/02/1971 08:28;33:20.0;43810;80366.75
1668;Dapper's Antiques;1009 marvel Way;7;"AO""";Angola;27;"BM""";Bermudes;20/06/1985 15:55;53:20.0;28375;42496.656
1669;Maintence Services of Maine;1287 Glencoe Ave.;7;"AO""";Angola;33;"BW""";Botswana;10/11/1994 20:40;13:20.0;96416;46120.742
1670;Johnson, Erico & Co CPA's;3487 Green Bay Rd.;24;"PW""";Belau;38;"BI""";Burundi;08/12/1996 06:42;13:20.0;11211;96255.234
1671;Metro Appliance Service;1660 Park Ave.;41;"CM""";Cameroun;45;"CN""";Chine;01/12/1971 18:27;48:16.0;95686;42128.41
1672;Lickmen Restoration;3901 Chester Ave. Apt. 3C;5;"DE""";Allemagne;35;"BN""";Brunei;27/12/2003 07:47;41:36.0;42763;34130.996
1673;Derbin Contracting Services;628 Orwenstensia;40;"KH""";Cambodge;43;"CV""";Cap-Vert;15/07/2005 16:47;00:00.0;89870;26600.713
1674;Gordon & Son Brockerage Ltd.;1 Twin Oaks Place;23;"BB""";Barbade;25;"BE""";Belgique;08/05/2007 05:53;00:00.0;91282;44160.656
1675;Camp Oconomowoc;1975 elmwood Circle;38;"BI""";Burundi;36;"BG""";Bulgarie;13/06/1986 16:20;54:56.0;12320;22685.08
1676;Facelift Kitchen and Bath;629 Kincaid Ave.;49;"CG""";Congo;39;"CI""";C?te d'Ivoire;28/09/1999 07:27;08:16.0;22984;76516.83
1677;Garfield Appliance Service;581 Hill St. Apt. 234;12;"SA""";Arabie saoudite;7;"AO""";Angola;31/10/2001 03:47;06:40.0;51866;1364.1545
1678;Woodworks Co.;511 Maple Ave.  Apt. 1B;14;"AM""";Arm?nie;7;"AO""";Angola;30/08/2001 20:33;21:36.0;65151;47840.617
1679;Rythmics Ltd.;1715 Chicago Ave.;13;"AR""";Argentine;24;"PW""";Belau;26/01/2001 01:33;00:00.0;99516;31232.47
1680;Dean Barnett Furniture Repair;244 Briar Ln;42;"CA""";Canada;41;"CM""";Cameroun;21/06/1986 02:07;13:20.0;66168;62666.336
1681;Lutz Soft Cloth Car Wash;218 Oakridge Ave.;33;"BW""";Botswana;5;"DE""";Allemagne;21/11/1987 13:33;33:20.0;65521;10828.921
1682;Nirabi Auto Service;770 Exmoor Rd.;32;"BA""";Bosnie-Herz?govine;40;"KH""";Cambodge;03/04/1993 01:20;00:00.0;90040;76270.18
1683;Hart Corporation;854 Woodbine;45;"CN""";Chine;23;"BB""";Barbade;16/01/2000 18:40;20:00.0;82912;95942.68
1684;Glenwood Credit Union;135 Lakewood place;50;"KP""";Cor?e du Nord;38;"BI""";Burundi;11/04/1993 04:47;01:36.0;45570;74812.49
1685;Car Suite Cleaners;3344 Beachwood Ln.;25;"BE""";Belgique;49;"CG""";Congo;05/12/2004 17:22;40:00.0;46411;97653.61
1686;Auto Interior Carpeting Compan;12 Craven Way;20;"BS""";Bahamas;12;"SA""";Arabie saoudite;08/05/1990 10:47;01:36.0;11143;3373.2075
1687;Darcy Frame and Matting Servic;1235 Easton Rd.;9;"AQ""";Antarctique;14;"AM""";Arm?nie;13/09/1996 16:08;54:56.0;97000;40513.625
1688;Esmarda Chemical Manufacturers;3062 Lindenwood Ln.;45;"CN""";Chine;13;"AR""";Argentine;12/10/1985 11:13;13:20.0;68200;55258.477
1689;Cosmo Skin Care Center;662 Lyons Circle;11;"AN""";Antilles n?erlandaises;42;"CA""";Canada;04/02/1990 19:33;28:16.0;70304;74839.14
1690;Parkway Auto Body;750 Homewood Ave.;39;"CI""";C?te d'Ivoire;33;"BW""";Botswana;18/02/2004 10:27;46:40.0;38300;30496.504
1691;Parties Galore Golf Course;1882 St. Johns;32;"BA""";Bosnie-Herz?govine;32;"BA""";Bosnie-Herz?govine;17/06/1986 22:22;34:56.0;17117;70320.57
1692;Glenwood Credit Union;1795 Lake Cook Rd.;3;"AL""";Albanie;45;"CN""";Chine;04/06/1994 21:00;48:16.0;62724;63834.055
1693;Ernie's Foriegn Car Service;1101 Deerfield Place;47;"CO""";Colombie;50;"KP""";Cor?e du Nord;08/11/1982 10:40;40:00.0;79652;65896.79
1694;Air Guatamala;2148 Eastview Dr.;14;"AM""";Arm?nie;25;"BE""";Belgique;29/12/2002 22:13;08:16.0;63104;55657.895
1695;Gordon & Son Brockerage Ltd.;505 N. Frances St.;15;"AW""";Aruba;20;"BS""";Bahamas;09/05/2003 18:07;21:36.0;6900;79539.695
1696;Camp Oconomowoc;406 Trinity Ct.;40;"KH""";Cambodge;9;"AQ""";Antarctique;22/08/2002 08:07;54:56.0;1864;34592.164
1697;Highland Heights Gift Shop;3150 Skokie Valley Rd.;27;"BM""";Bermudes;45;"CN""";Chine;14/10/2002 04:48;26:40.0;15117;33136.48
1698;Highland Woods City Hall;139 Bay Colony Dr.;17;"AT""";Autriche;11;"AN""";Antilles n?erlandaises;10/03/1989 02:27;33:20.0;13234;54304.156
1699;Lambert & Locke Legal Services;917 Fairview Ave.  Apt. 982;18;"AZ""";Azerba?djan;39;"CI""";C?te d'Ivoire;15/01/2000 06:42;33:20.0;22740;62756.016
1700;K L Consulting;1245 Eastwood;46;"CY""";Chypre;32;"BA""";Bosnie-Herz?govine;27/09/1987 17:53;26:40.0;56640;25900.963
1701;Highland Woods City Hall;244 Briar Ln;9;"AQ""";Antarctique;3;"AL""";Albanie;25/11/1975 06:02;26:40.0;30922;19564.14
1702;Hi-Land Art & Frame;1975 elmwood Circle;42;"CA""";Canada;47;"CO""";Colombie;24/08/2007 15:55;20:00.0;29840;26240.045
1703;Air France;302-A Crestwood Village Rd.;14;"AM""";Arm?nie;14;"AM""";Arm?nie;22/03/1992 21:33;00:00.0;51740;68016.086
1704;Bako Delicatessen;770 Exmoor Rd.;42;"CA""";Canada;15;"AW""";Aruba;24/05/2002 12:20;20:00.0;60883;74461.055
1705;Myles Building Consultants;310 Walker Ave.;50;"KP""";Cor?e du Nord;40;"KH""";Cambodge;06/03/1990 12:42;53:20.0;29864;40720.21
1706;Dean Barnett Furniture Repair;445 Park Ave.;35;"BN""";Brunei;27;"BM""";Bermudes;21/11/1987 13:33;26:40.0;27761;7232.697
1707;Hilco Auto Body;550 Sheridan;25;"BE""";Belgique;17;"AT""";Autriche;15/03/2001 20:40;54:56.0;19856;59020.387
1708;American Deli Workers Union;1155 Ridgewood Drive;9;"AQ""";Antarctique;18;"AZ""";Azerba?djan;15/12/1989 12:15;20:00.0;77726;80721.34
1709;Nel Video Productions;1486 Old Deerfield Rd.;29;"BY""";Bi?lorussie;46;"CY""";Chypre;02/03/1993 19:20;46:40.0;29096;49551.934
1710;Peterson Roberts Carpentry;3062 Lindenwood Ln.;10;"AG""";Antigua-et-Barbuda;9;"AQ""";Antarctique;09/05/1983 21:27;41:36.0;64940;32471.477
1711;BBQ Smith's Tex Mex;241 Callan Rd.;26;"BZ""";Belize;42;"CA""";Canada;22/07/2003 23:00;46:40.0;88875;40567.586
1712;Hi-Land Art & Frame;750 Homewood Ave.;28;"BT""";Bhoutan;14;"AM""";Arm?nie;19/12/1983 16:40;41:36.0;39200;92000.58
1713;Toggle & Myerson Ltd;628 Orwenstensia;26;"BZ""";Belize;42;"CA""";Canada;20/07/1996 23:00;13:20.0;36238;47855.465
1714;Mail Boxes Et. Al.;367Bluebird Terr.;13;"AR""";Argentine;50;"KP""";Cor?e du Nord;14/10/1971 04:47;00:00.0;44700;64016.887
1715;American Deli Workers Union;600 Central Ave;22;"BD""";Bangladesh;35;"BN""";Brunei;17/01/2000 13:22;26:40.0;11396;51072.63
1716;Highland Lanes;218 Oakridge Ave.;22;"BD""";Bangladesh;25;"BE""";Belgique;29/08/1974 17:55;53:20.0;53040;4635.14
1717;P K M Packaging Supply;406 Trinity Ct.;36;"BG""";Bulgarie;9;"AQ""";Antarctique;11/01/2001 21:33;34:56.0;93792;61875.465
1718;Dapper's Antiques;2224 Sherman Rd.;20;"BS""";Bahamas;29;"BY""";Bi?lorussie;22/01/2005 04:15;13:20.0;4150;55108.516
1719;Hardee Woodwork Ltd.;844 Spruce St.;38;"BI""";Burundi;10;"AG""";Antigua-et-Barbuda;21/12/1992 17:47;26:40.0;30576;49664.562
1720;Gordon & Son Brockerage Ltd.;2870 Skokie Rd.;18;"AZ""";Azerba?djan;26;"BZ""";Belize;09/11/2003 17:47;21:36.0;21132;82750.914
1721;Maintence Services of Maine;673 Calais Drive;7;"AO""";Angola;28;"BT""";Bhoutan;04/07/1989 04:48;06:40.0;74214;25354.348
1722;Pac Builders;1882 St. Johns;49;"CG""";Congo;26;"BZ""";Belize;08/09/2000 09:00;01:36.0;55200;86344.7
1723;Air Indonesia;654 Walnut Rd.;23;"BB""";Barbade;13;"AR""";Argentine;05/02/1996 06:00;20:00.0;90179;51878.23
1724;Dean Barnett Furniture Repair;3150 Skokie Valley Rd.;4;"DZ""";Alg?rie;22;"BD""";Bangladesh;03/02/1987 14:13;08:16.0;79088;58422.695
1725;Nel Video Productions;244 Briar Ln;50;"KP""";Cor?e du Nord;22;"BD""";Bangladesh;19/07/1986 04:22;00:00.0;79141;20260.69
1726;Palmer Golf Supplies;38976 Forest View Rd.;27;"BM""";Bermudes;36;"BG""";Bulgarie;09/02/2006 06:42;53:20.0;14682;87808.09
1727;Highland Heights Gift Shop;245 Oakridge Ave.;17;"AT""";Autriche;20;"BS""";Bahamas;15/09/1985 11:15;33:20.0;4202;11260.694
1728;Morgan Construction Co;231 Sheriden Rd.;4;"DZ""";Alg?rie;38;"BI""";Burundi;30/04/1982 16:08;28:16.0;18122;33439.273
1729;Futoons Cartoons Emporium;210 Cresant Rd.;3;"AL""";Albanie;18;"AZ""";Azerba?djan;02/09/1980 17:27;46:40.0;32775;37600.21
1730;Portugal, Liddy, & Son Ltd.;899 Harvard Ct;45;"CN""";Chine;7;"AO""";Angola;02/08/1975 17:02;40:00.0;74760;43798.004
1731;Schnitzer Denist College;2632 Prarie Ln.;12;"SA""";Arabie saoudite;49;"CG""";Congo;10/10/1982 13:13;48:16.0;81957;99520.42
1732;Air Guatamala;1065 Hillcrest Circle;3;"AL""";Albanie;23;"BB""";Barbade;21/04/1993 22:22;46:40.0;21204;53586.953
1733;Hart Corporation;4522 N. Greenview Apt. 1B;47;"CO""";Colombie;4;"DZ""";Alg?rie;06/11/1972 19:48;53:20.0;14894;80936.72
1734;DBN Bank;1185 County line Rd.;43;"CV""";Cap-Vert;50;"KP""";Cor?e du Nord;14/03/2000 04:55;40:00.0;66740;99360.234
1735;Lutz Soft Cloth Car Wash;406 Trinity Ct.;42;"CA""";Canada;27;"BM""";Bermudes;09/12/2001 16:42;34:56.0;44416;75688.66
1736;Cutter Lawn Mower Repair;746 Judson Place;29;"BY""";Bi?lorussie;17;"AT""";Autriche;08/02/1982 07:07;14:56.0;73534;15384.046
1737;Lee Stairworks and Carpentry,;574 Chicago Ave.;22;"BD""";Bangladesh;4;"DZ""";Alg?rie;30/08/1974 21:42;40:00.0;25448;47959.348
1738;Libra & Sons;1679 McCraren;19;"BJ""";B?nin;3;"AL""";Albanie;03/05/2002 16:20;54:56.0;76190;29664.666
1739;Garfield Appliance Service;550 Sheridan;6;"AD""";Andorre;45;"CN""";Chine;12/04/1972 20:53;41:36.0;64160;99574.33
1740;Schnitzer Denist College;3385 University Ave.;29;"BY""";Bi?lorussie;12;"SA""";Arabie saoudite;21/09/2000 00:07;41:36.0;78187;28790.309
1741;Myles Building Consultants;210 Cresant Rd.;28;"BT""";Bhoutan;3;"AL""";Albanie;14/07/2006 15:00;01:36.0;95765;8391.64
1742;Acturial Enterprises Ltd.;115 Pleasent Ave.;36;"BG""";Bulgarie;47;"CO""";Colombie;02/09/2002 12:48;13:20.0;98496;87412.914
1743;Chicagoland Cleaners;3487 Green Bay Rd.;1;"AF""";Afghanistan;43;"CV""";Cap-Vert;25/10/2002 18:35;46:40.0;78814;19221.572
1744;Schnitzer Denist College;368 Woodland Rd.;17;"AT""";Autriche;42;"CA""";Canada;20/06/1982 23:27;21:36.0;17923;36447.996
1745;New Dehli Auto Exchange;3478 Bryn Mawr St.;18;"AZ""";Azerba?djan;29;"BY""";Bi?lorussie;09/11/2006 10:15;54:56.0;23296;95040.07
1746;Woodworks Co.;1450 Harding Ave.;32;"BA""";Bosnie-Herz?govine;22;"BD""";Bangladesh;24/08/2001 11:27;21:36.0;33160;75030.48
1747;Morton Roofing and Siding;12 Craven Way;44;"CL""";Chili;19;"BJ""";B?nin;13/08/2004 04:22;28:16.0;25873;19110.775
1748;Funnyface Amusement Games;505 N. Frances St.;42;"CA""";Canada;6;"AD""";Andorre;26/01/1983 11:08;21:36.0;64081;35840.82
1749;janice Mann Accounting Service;1858 Balsam Way;8;"AI""";Anguilla;29;"BY""";Bi?lorussie;24/03/2000 05:07;33:20.0;38779;26160.803
1750;Dependable Plumbing and Sewer;618 Sheriden rd.;46;"CY""";Chypre;28;"BT""";Bhoutan;24/11/1989 16:15;48:16.0;23795;93008.555
1751;North Shore Appliance Service;2045 St. johns Ave.;38;"BI""";Burundi;36;"BG""";Bulgarie;02/06/1975 17:53;53:20.0;8928;75806.2
1752;Brand Y Creative Services;1287 Glencoe Ave.;38;"BI""";Burundi;1;"AF""";Afghanistan;20/03/1977 17:35;20:00.0;71032;76710.51
1753;Green Shoes Corp.;1799 Rosemary Way;9;"AQ""";Antarctique;17;"AT""";Autriche;21/02/1975 15:08;06:40.0;74703;11035.289
1754;Hart Corporation;54 Lakeview Terrace;20;"BS""";Bahamas;18;"AZ""";Azerba?djan;23/11/2006 07:35;21:36.0;40224;6532.35
1755;Funnyface Amusement Games;3148 cottonwood Ct.;37;"BF""";Burkina Faso;32;"BA""";Bosnie-Herz?govine;07/09/2004 11:13;06:40.0;59424;63746.54
1756;Pete's Auto Repair;2224 Sherman Rd.;16;"AU""";Australie;44;"CL""";Chili;01/01/2001 18:13;13:20.0;48536;31425.975
1757;Metro Appliance Service;12 Broadview Lane;14;"AM""";Arm?nie;42;"CA""";Canada;03/02/1994 07:20;20:00.0;88980;11907.406
1758;Hart Corporation;1859 Green Bay Rd.;15;"AW""";Aruba;8;"AI""";Anguilla;30/12/1978 10:00;21:36.0;97304;96534.49
1759;Tub's Furniture Store;245 Oakridge Ave.;46;"CY""";Chypre;46;"CY""";Chypre;02/07/1996 10:33;08:16.0;36380;50016.01
1760;Lake Shore Beaches;244 Briar Ln;14;"AM""";Arm?nie;38;"BI""";Burundi;18/04/1980 17:35;41:36.0;9250;15610.07
1761;Office Pro Supply Co.;42 Valley Rd.;34;"BR""";Br?sil;38;"BI""";Burundi;11/11/1987 20:13;06:40.0;43088;67979.5
1762;Air Mexico;35 Glenlake Dr.;3;"AL""";Albanie;9;"AQ""";Antarctique;19/05/2001 20:20;40:00.0;74850;81068.15
1763;PGS Associates;937 Judson Ave.;20;"BS""";Bahamas;20;"BS""";Bahamas;23/03/1972 12:00;26:40.0;23048;64135.062
1764;Salt & Pepper Catering Service;115 Judson Rd.;40;"KH""";Cambodge;37;"BF""";Burkina Faso;04/12/1980 17:47;54:56.0;16243;94777.92
1765;Kapp Camera and Video;3059 Priscilla Court;32;"BA""";Bosnie-Herz?govine;16;"AU""";Australie;14/12/1980 00:00;20:00.0;79416;16936.87
1766;Froggy's Gourmet Catering;574 Chicago Ave.;8;"AI""";Anguilla;14;"AM""";Arm?nie;21/01/1970 20:00;46:40.0;86648;80701.484
1767;Ebert Music Center;42 Valley Rd.;2;"ZA""";Afrique du Sud;15;"AW""";Aruba;27/09/2002 16:07;40:00.0;79530;91019.51
1768;Ebert Music Center;22 Clay rd.;42;"CA""";Canada;46;"CY""";Chypre;29/01/1972 10:02;20:00.0;66171;30928.947
1769;Cotton Thumb Ltd.;1859 Green Bay Rd.;2;"ZA""";Afrique du Sud;14;"AM""";Arm?nie;06/08/1983 07:40;00:00.0;26944;31965.254
1771;Hoffman Printing Center;2644 Princeton Ln.;7;"AO""";Angola;3;"AL""";Albanie;25/08/1982 06:07;48:16.0;85971;69080.43
1772;Eva Galler Galleries Inc.;1831 Beverly Place #9D;43;"CV""";Cap-Vert;20;"BS""";Bahamas;21/01/2000 21:47;00:00.0;87044;80467.95
1773;Marks, Marks, and Kaplan Ltd.;654 Walnut Rd.;19;"BJ""";B?nin;40;"KH""";Cambodge;05/12/1985 03:07;21:36.0;99934;60000.684
1774;Nel Video Productions;244 Briar Ln;35;"BN""";Brunei;32;"BA""";Bosnie-Herz?govine;06/05/1989 13:13;14:56.0;61228;84650.914
1775;Glenwood Credit Union;334 Lynn Terrace;33;"BW""";Botswana;8;"AI""";Anguilla;10/04/2006 17:13;13:20.0;75062;95488.06
1776;Schnitzer Denist College;1155 Ridgewood Drive;22;"BD""";Bangladesh;2;"ZA""";Afrique du Sud;07/06/1978 21:40;33:20.0;75600;80126.0
1777;Chicagoland Cleaners;3062 Lindenwood Ln.;11;"AN""";Antilles n?erlandaises;42;"CA""";Canada;03/01/1986 01:33;53:20.0;96275;78062.25
1778;Hardee Woodwork Ltd.;1535 Knollwood Drive;6;"AD""";Andorre;2;"ZA""";Afrique du Sud;31/08/1982 08:35;13:20.0;14410;58437.44
1779;Air Indonesia;1486 Old Deerfield Rd.;49;"CG""";Congo;19;"BJ""";B?nin;21/01/1974 00:27;06:40.0;45768;78601.0
1780;MedicServe Medical Supply;1858 Balsam Way;25;"BE""";Belgique;7;"AO""";Angola;21/08/2001 06:47;13:20.0;80180;68462.08
1781;Pivot Point College;368 Woodland Rd.;5;"DE""";Allemagne;43;"CV""";Cap-Vert;19/10/1974 08:33;40:00.0;29516;60047.434
1782;Lickmen Restoration;1482 Concorde Circle;9;"AQ""";Antarctique;19;"BJ""";B?nin;01/03/2005 08:55;33:20.0;57600;74892.73
1783;Pivot Point College;4522 N. Greenview Apt. 1B;19;"BJ""";B?nin;35;"BN""";Brunei;19/08/1999 23:00;46:40.0;49920;58176.297
1784;Corbins, Rodriguez, & Savocchi;2148 Eastview Dr.;6;"AD""";Andorre;33;"BW""";Botswana;25/07/2006 01:00;13:20.0;8540;79168.06
1785;Schmidt Denists;1486 Old Deerfield Rd.;8;"AI""";Anguilla;22;"BD""";Bangladesh;13/08/2001 11:53;53:20.0;23972;61952.504
1786;Doll House Rock;965 Marion Place Apt. 65C;12;"SA""";Arabie saoudite;11;"AN""";Antilles n?erlandaises;01/12/1975 21:07;46:40.0;66780;98096.2
1787;Cradle the Call;135 Lakewood place;29;"BY""";Bi?lorussie;6;"AD""";Andorre;19/04/1990 05:40;00:00.0;27360;50330.832
1788;Keep Cool Air Conditioner Repa;1839 McCraren Rd.;48;"KM""";Comores;49;"CG""";Congo;05/06/1989 06:22;01:36.0;90150;31538.75
1789;Mergenthaler Inc.;1270 Linden Ave.;28;"BT""";Bhoutan;25;"BE""";Belgique;09/03/1977 03:48;40:00.0;38233;57640.984
1790;Highland Lanes;1486 Oakwood;37;"BF""";Burkina Faso;5;"DE""";Allemagne;12/06/1986 12:33;48:16.0;82785;94267.37
1791;Happ Aluminum Siding Co.;367Bluebird Terr.;21;"BH""";Bahre?n;9;"AQ""";Antarctique;09/11/2002 01:48;26:40.0;77105;63672.2
1792;American Deli Workers Union;3148 cottonwood Ct.;18;"AZ""";Azerba?djan;19;"BJ""";B?nin;03/05/1972 17:53;13:20.0;3927;10593.454
1793;Lutz Soft Cloth Car Wash;1920 Sunnyside Ave.;26;"BZ""";Belize;6;"AD""";Andorre;27/06/1978 21:28;01:36.0;28320;63520.46
1794;Mail Boxes Et. Al.;242 Ashland Ave.;2;"ZA""";Afrique du Sud;8;"AI""";Anguilla;25/05/2001 18:47;00:00.0;76475;75482.84
1795;Glenn Oaks Office Supplies;3100 Trailer Way;47;"CO""";Colombie;12;"SA""";Arabie saoudite;25/11/2000 08:53;06:40.0;56939;86750.2
1796;Eva Galler Galleries Inc.;1547 Vine;9;"AQ""";Antarctique;29;"BY""";Bi?lorussie;09/05/2000 04:20;08:16.0;94600;21321.088
1797;Trapezoid Studios;367Bluebird Terr.;2;"ZA""";Afrique du Sud;48;"KM""";Comores;29/12/1990 08:40;33:20.0;91727;83550.81
1798;Got It All Electronics Supply;1658 Second St.;43;"CV""";Cap-Vert;28;"BT""";Bhoutan;13/12/2005 02:53;06:40.0;12504;34945.09
1799;Air Barbados;505 N. Frances St.;21;"BH""";Bahre?n;37;"BF""";Burkina Faso;16/11/1972 22:13;26:40.0;28854;49509.977
1800;Dependable Plumbing and Sewer;1019 Deerfield Rd.;15;"AW""";Aruba;21;"BH""";Bahre?n;19/03/2002 01:07;06:40.0;36976;46196.652
1801;Toggle & Myerson Ltd;1547 Knolwood Rd.;25;"BE""";Belgique;18;"AZ""";Azerba?djan;28/07/1983 18:07;46:40.0;74297;57060.977
1802;Percy Photography;1859 Green Bay Rd.;45;"CN""";Chine;26;"BZ""";Belize;04/04/2001 21:28;54:56.0;14210;70684.11
1803;Morgan Construction Co;1858 Balsam Way;11;"AN""";Antilles n?erlandaises;2;"ZA""";Afrique du Sud;07/03/1983 23:22;54:56.0;55352;21460.045
1804;Ampro Office Team Ltd.;1777 balsamic Ave.;46;"CY""";Chypre;47;"CO""";Colombie;30/10/2000 22:47;26:40.0;93212;81267.84
1805;Esmarda Chemical Manufacturers;746 Judson Place;25;"BE""";Belgique;9;"AQ""";Antarctique;23/04/2005 07:47;13:20.0;80621;69018.3
1806;Crosstracks Car Wash;1949 Cloverdale Rd.;50;"KP""";Cor?e du Nord;2;"ZA""";Afrique du Sud;06/11/1992 14:27;01:36.0;26337;12540.458
1807;Griffith Paving and Sealcoatin;115 Judson Rd.;13;"AR""";Argentine;43;"CV""";Cap-Vert;26/05/1987 21:40;26:40.0;60672;8628.287
1808;Morton Roofing and Siding;3160 Summit Ave.;25;"BE""";Belgique;21;"BH""";Bahre?n;30/05/2002 15:02;20:00.0;82124;48113.33
1809;Corbins, Rodriguez, & Savocchi;266 Green Bay Rd.;49;"CG""";Congo;15;"AW""";Aruba;24/12/1974 06:53;53:20.0;72956;37079.28
1810;Schnitzer Denist College;4763 Blackhawk Rd.;45;"CN""";Chine;25;"BE""";Belgique;01/12/2003 17:33;48:16.0;51343;5896.662
1811;Truck-X Muffler Repair;225 Jeffrys Place;22;"BD""";Bangladesh;45;"CN""";Chine;06/01/1996 20:27;00:00.0;51996;56397.418
1812;First National Bank of Ottowa;368 Woodland Rd.;23;"BB""";Barbade;11;"AN""";Antilles n?erlandaises;05/05/1993 12:07;06:40.0;91840;22840.707
1814;Libra & Sons;1715 Chicago Ave.;6;"AD""";Andorre;25;"BE""";Belgique;09/06/1998 14:47;33:20.0;16760;55530.293
1815;Keyth Contracting and Repair;1482 Concorde Circle;22;"BD""";Bangladesh;50;"KP""";Cor?e du Nord;25/06/1986 06:07;33:20.0;52392;14850.279
1816;Bill's Dive Shop;1714 Clifton Rd.;42;"CA""";Canada;13;"AR""";Argentine;26/11/1989 16:13;46:40.0;98556;13356.067
1817;Venturi Discount Drugs;2267 Anderson Lane;41;"CM""";Cameroun;25;"BE""";Belgique;03/12/1992 05:20;06:40.0;64900;48552.21
1818;North Shore Appliance Service;785 Highland place;28;"BT""";Bhoutan;49;"CG""";Congo;29/11/2002 20:00;53:20.0;91210;55232.188
1819;Maintence Services of Maine;4763 Blackhawk Rd.;31;"BO""";Bolivie;45;"CN""";Chine;30/09/2004 19:02;33:20.0;41236;17529.861
1820;Johnson, Erico & Co CPA's;929 Brittany Ave.;6;"AD""";Andorre;22;"BD""";Bangladesh;30/06/2005 15:40;26:40.0;19622;85540.914
1821;AA Advertising;2224 Sherman Rd.;32;"BA""";Bosnie-Herz?govine;23;"BB""";Barbade;15/03/2001 07:08;40:00.0;76133;49015.04
1822;Highland Lanes;1233 Arbor Rd.;35;"BN""";Brunei;35;"BN""";Brunei;02/07/1987 13:28;21:36.0;96370;70546.58
1823;Air Indonesia;1547 Knolwood Rd.;26;"BZ""";Belize;6;"AD""";Andorre;12/08/1971 07:42;46:40.0;4224;38162.27
1824;American Apartments;1795 Lake Cook Rd.;47;"CO""";Colombie;22;"BD""";Bangladesh;29/10/1996 03:33;13:20.0;27860;77679.016
1825;BBQ Smith's Tex Mex;511 Maple Ave.  Apt. 1B;46;"CY""";Chypre;42;"CA""";Canada;19/02/1990 11:35;01:36.0;32720;2660.394
1826;Air Guatamala;12 Walker Ave.;16;"AU""";Australie;41;"CM""";Cameroun;26/05/2006 13:13;40:00.0;33810;54330.574
1827;Transformation Enterprises;367Bluebird Terr.;34;"BR""";Br?sil;28;"BT""";Bhoutan;29/04/2000 13:02;40:00.0;81856;36400.49
1828;Block Boats and Lures;465 Stratford Rd.;22;"BD""";Bangladesh;31;"BO""";Bolivie;23/07/1998 14:20;00:00.0;80827;88912.46
1830;Lennox Air Pollution Control;38976 Forest View Rd.;31;"BO""";Bolivie;32;"BA""";Bosnie-Herz?govine;06/02/1985 08:42;46:40.0;56376;64884.066
1831;Hardee Woodwork Ltd.;970 Vilas Circle;2;"ZA""";Afrique du Sud;35;"BN""";Brunei;28/07/2005 17:15;33:20.0;42896;23204.676
1832;Metro Appliance Service;917 Fairview Ave.  Apt. 982;34;"BR""";Br?sil;26;"BZ""";Belize;18/10/2001 22:22;33:20.0;40427;47340.7
1833;Hoffman Printing Center;1287 Glencoe Ave.;46;"CY""";Chypre;47;"CO""";Colombie;16/09/1983 12:33;28:16.0;9919;71175.37
1834;Kosmo Consulting;671 Blackstone Ave.;40;"KH""";Cambodge;46;"CY""";Chypre;07/12/1986 08:15;53:20.0;80703;50500.92
1835;Froggy's Gourmet Catering;1715 Chicago Ave.;29;"BY""";Bi?lorussie;16;"AU""";Australie;20/10/1980 04:20;00:00.0;64770;83356.83
1836;Cutter Lawn Mower Repair;1126 Hillcrest Ave;50;"KP""";Cor?e du Nord;34;"BR""";Br?sil;02/02/2000 18:15;54:56.0;77328;65268.34
1837;Pac Builders;1126 Hillcrest Ave;39;"CI""";C?te d'Ivoire;22;"BD""";Bangladesh;04/04/1970 18:00;26:40.0;95378;4864.1377
1838;Lennox Air Pollution Control;456 Groverland Ave.;46;"CY""";Chypre;43;"CV""";Cap-Vert;06/08/2000 09:40;14:56.0;14152;34080.516
1839;Auto Interior Carpeting Compan;1859 Green Bay Rd.;47;"CO""";Colombie;31;"BO""";Bolivie;04/12/2001 13:33;06:40.0;31600;54724.945
1840;Libra & Sons;1019 Deerfield Rd.;17;"AT""";Autriche;2;"ZA""";Afrique du Sud;29/06/1993 05:15;54:56.0;5322;9228.2
1841;American Apartments;45 South Deer Creek Drive;6;"AD""";Andorre;34;"BR""";Br?sil;24/05/2001 08:20;46:40.0;88938;9531.814
1842;Ampro Office Team Ltd.;1875 Roger Williams Ave.;47;"CO""";Colombie;46;"CY""";Chypre;13/12/1970 18:13;06:40.0;46536;30500.582
1843;Green Shoes Corp.;120 high St.;6;"AD""";Andorre;40;"KH""";Cambodge;25/04/2005 04:33;53:20.0;90192;32925.105
1844;Parkway Auto Body;1436 Waverly Rd.;18;"AZ""";Azerba?djan;29;"BY""";Bi?lorussie;04/10/2005 08:08;13:20.0;3936;83504.05
1845;North West Gas Co.;225 Jeffrys Place;28;"BT""";Bhoutan;50;"KP""";Cor?e du Nord;26/07/2001 10:35;13:20.0;86615;27117.57
1846;Tub's Furniture Store;310 Walker Ave.;25;"BE""";Belgique;39;"CI""";C?te d'Ivoire;09/02/2006 11:47;01:36.0;76711;81160.125
1847;Nina's Snow Plowing;456 Groverland Ave.;32;"BA""";Bosnie-Herz?govine;46;"CY""";Chypre;13/03/1993 05:20;06:40.0;29180;73368.77
1848;BBQ Smith's Tex Mex;937 Judson Ave.;19;"BJ""";B?nin;47;"CO""";Colombie;30/06/1985 18:20;54:56.0;47097;55919.457
1849;Foy Aviation;425 Lake Ave.;2;"ZA""";Afrique du Sud;17;"AT""";Autriche;31/01/1992 03:08;13:20.0;53729;9150.6
1850;Rythmics Ltd.;367Bluebird Terr.;43;"CV""";Cap-Vert;6;"AD""";Andorre;15/08/1982 23:53;41:36.0;89324;94160.85
1851;BBQ Smith's Tex Mex;445 Park Ave.;17;"AT""";Autriche;47;"CO""";Colombie;13/04/2000 14:00;01:36.0;14578;10525.168
1852;Quad City Cleaning;1077 Court Ave.;26;"BZ""";Belize;6;"AD""";Andorre;25/09/2005 17:55;53:20.0;28080;62448.883
1853;Myles Building Consultants;4522 N. Greenview Apt. 1B;11;"AN""";Antilles n?erlandaises;18;"AZ""";Azerba?djan;01/06/1971 13:28;21:36.0;68636;9680.649
1854;Hibop Heating and Air Conditio;1750 Lily Court;34;"BR""";Br?sil;28;"BT""";Bhoutan;15/06/1970 20:48;21:36.0;41565;5899.33
1855;American Deli Workers Union;201-C Frontage Rd.;24;"PW""";Belau;25;"BE""";Belgique;21/10/1993 11:40;40:00.0;85316;81975.164
1856;Rythmics Ltd.;511 Hill;50;"KP""";Cor?e du Nord;32;"BA""";Bosnie-Herz?govine;10/07/2003 21:02;08:16.0;88294;54600.387
1857;Myles Building Consultants;2644 Princeton Ln.;48;"KM""";Comores;19;"BJ""";B?nin;21/10/2006 16:47;28:16.0;74632;72896.46
1858;Highland Lanes;12 Broadview Lane;7;"AO""";Angola;2;"ZA""";Afrique du Sud;08/10/1990 16:33;48:16.0;31649;69720.164
1859;Dapper's Antiques;1482 Concorde Circle;5;"DE""";Allemagne;43;"CV""";Cap-Vert;28/03/1983 00:40;20:00.0;26790;65120.934
1860;Bee Line Publishing;1907 S. Prospect Ave.;23;"BB""";Barbade;17;"AT""";Autriche;09/02/1977 01:33;06:40.0;82336;27792.984
1861;Camp Stuff;1714 Clifton Rd.;9;"AQ""";Antarctique;26;"BZ""";Belize;08/12/1989 13:35;21:36.0;78980;61512.625
1862;Cotton Thumb Ltd.;42 Valley Rd.;44;"CL""";Chili;11;"AN""";Antilles n?erlandaises;21/04/1985 02:53;41:36.0;17570;73558.95
1863;BBQ Smith's Tex Mex;839 Burton Ave;1;"AF""";Afghanistan;34;"BR""";Br?sil;25/09/2006 13:00;13:20.0;33713;78023.695
1864;Facelift Kitchen and Bath;886 Yale Lane;46;"CY""";Chypre;24;"PW""";Belau;02/08/1990 02:20;21:36.0;85730;97208.484
1865;Darcy Frame and Matting Servic;654 Walnut Rd.;36;"BG""";Bulgarie;50;"KP""";Cor?e du Nord;13/03/1970 18:13;41:36.0;22988;38319.64
1866;Perimeter Security Consultants;54 Lakeview Terrace;23;"BB""";Barbade;48;"KM""";Comores;21/12/1972 23:08;08:16.0;58086;56096.44
1867;Highland Lanes;14836 W. River Oaks Dr.;26;"BZ""";Belize;7;"AO""";Angola;02/10/2003 17:13;46:40.0;2719;57432.57
1868;Highland Heights Gift Shop;1126 Hillcrest Ave;21;"BH""";Bahre?n;5;"DE""";Allemagne;30/08/1970 22:33;41:36.0;51690;16960.896
1869;Michael Montgomery Hair Saloon;1450 Harding Ave.;29;"BY""";Bi?lorussie;23;"BB""";Barbade;30/10/2000 10:28;54:56.0;28724;29941.656
1870;Bernhardt Ltd.;445 Park Ave.;8;"AI""";Anguilla;9;"AQ""";Antarctique;20/07/2003 03:15;21:36.0;77007;18440.684
1871;Corbins, Rodriguez, & Savocchi;1679 McCraren;20;"BS""";Bahamas;44;"CL""";Chili;18/01/2006 06:55;33:20.0;97640;47200.03
1872;Hoffman Printing Center;231 Sheriden Rd.;40;"KH""";Cambodge;1;"AF""";Afghanistan;12/09/2004 09:55;06:40.0;66160;33862.246
1873;Hart Corporation;1907 S. Prospect Ave.;33;"BW""";Botswana;46;"CY""";Chypre;24/12/1971 05:20;40:00.0;53858;15550.344
1874;Ernie's Foriegn Car Service;59 Cordon Terr.;50;"KP""";Cor?e du Nord;36;"BG""";Bulgarie;09/06/2005 07:53;40:00.0;56200;94750.875
1875;Nyman Interior Design;770 Exmoor Rd.;34;"BR""";Br?sil;23;"BB""";Barbade;19/10/1992 14:07;06:40.0;11768;52140.68
1876;Crossroads Construction, Inc.;445 Park Ave.;13;"AR""";Argentine;26;"BZ""";Belize;28/06/1975 23:42;20:00.0;29760;61075.027
1877;Energy Source Diet Centers;865 Old Tall Tree Lane;10;"AG""";Antigua-et-Barbuda;21;"BH""";Bahre?n;12/09/2004 19:00;34:56.0;95328;33172.754
1878;Mail Boxes Et. Al.;965 Marion Place Apt. 65C;44;"CL""";Chili;29;"BY""";Bi?lorussie;13/05/1971 06:20;06:40.0;13930;4234.912
1879;Lake Shore Publishing;1444 Chantilly Ln.;2;"ZA""";Afrique du Sud;8;"AI""";Anguilla;24/06/1982 21:53;33:20.0;4640;84300.99
1880;janice Mann Accounting Service;12 Craven Way;30;"MM""";Birmanie;20;"BS""";Bahamas;20/08/1986 23:13;20:00.0;77800;30000.717
1881;Dapper's Antiques;1658 Second St.;30;"MM""";Birmanie;40;"KH""";Cambodge;07/02/2006 04:13;13:20.0;35665;44960.6
1882;Lidhal design Corp.;2936 Arlington Ave.;42;"CA""";Canada;33;"BW""";Botswana;09/11/1993 15:47;28:16.0;80320;97824.16
1883;Moveit Motercycle Service;1009 marvel Way;22;"BD""";Bangladesh;50;"KP""";Cor?e du Nord;12/08/1972 01:28;28:16.0;1996;3320.7942
1884;Bee Line Publishing;3901 Chester Ave. Apt. 3C;50;"KP""";Cor?e du Nord;34;"BR""";Br?sil;22/02/1978 01:47;54:56.0;3054;13664.575
1885;DBN Bank;969 Saxony Drive;4;"DZ""";Alg?rie;13;"AR""";Argentine;20/11/1990 11:20;06:40.0;37080;82830.664
1886;Kosmo Consulting;1547 Vine;3;"AL""";Albanie;10;"AG""";Antigua-et-Barbuda;04/01/1978 02:02;33:20.0;99640;20836.377
1887;Bill's Dive Shop;1486 Oakwood;13;"AR""";Argentine;44;"CL""";Chili;15/06/1993 07:55;00:00.0;30630;89345.8
1888;Pasifico Inc.;14836 W. River Oaks Dr.;15;"AW""";Aruba;2;"ZA""";Afrique du Sud;17/11/2001 12:27;53:20.0;46675;8689.94
1889;Glenn Oaks Office Supplies;2479 Woodridge Drive;49;"CG""";Congo;30;"MM""";Birmanie;16/01/2005 21:08;53:20.0;51668;20008.402
1890;Air Indonesia;1444 Chantilly Ln.;25;"BE""";Belgique;30;"MM""";Birmanie;08/07/1972 17:13;28:16.0;64650;65568.82
1891;Dean Barnett Furniture Repair;2505 Allison ct.;44;"CL""";Chili;42;"CA""";Canada;19/07/2003 08:33;40:00.0;39201;5820.5415
1892;Hibbard Road Suppliers;671 Blackstone Ave.;9;"AQ""";Antarctique;22;"BD""";Bangladesh;03/03/1975 17:33;26:40.0;40632;97400.28
1893;Shaggy's Grooming Services;726 White Oaks Ave.;49;"CG""";Congo;50;"KP""";Cor?e du Nord;29/12/2004 09:20;40:00.0;4151;76520.84
1894;Nirabi Auto Service;600 Central Ave;14;"AM""";Arm?nie;4;"DZ""";Alg?rie;22/08/1996 16:22;01:36.0;41560;79541.41
1895;Nitelites Party Rental;3901 Chester Ave. Apt. 3C;14;"AM""";Arm?nie;3;"AL""";Albanie;01/12/2003 17:33;46:40.0;72956;64406.91
1896;Air Barbados;12 Craven Way;5;"DE""";Allemagne;13;"AR""";Argentine;14/09/1997 02:20;54:56.0;37016;57508.96
1897;Glassman & Stone;3150 Skokie Valley Rd.;42;"CA""";Canada;15;"AW""";Aruba;27/05/2007 22:07;54:56.0;51490;99216.586
1898;Kosmo Consulting;231 Sheriden Rd.;35;"BN""";Brunei;49;"CG""";Congo;26/01/1971 01:07;53:20.0;82633;59750.35
1899;P K M Packaging Supply;1436 Waverly Rd.;11;"AN""";Antilles n?erlandaises;25;"BE""";Belgique;12/02/1977 12:53;21:36.0;24733;39304.39
1900;Dapper's Antiques;628 Orwenstensia;49;"CG""";Congo;44;"CL""";Chili;31/08/1999 12:47;01:36.0;2016;32206.914
1901;Ebert Music Center;244 Briar Ln;4;"DZ""";Alg?rie;9;"AQ""";Antarctique;07/06/1987 11:27;20:00.0;7670;8780.124
1902;Lake Shore Publishing;857 Woodbine Rd;11;"AN""";Antilles n?erlandaises;49;"CG""";Congo;23/08/1971 21:28;20:00.0;15230;94142.81
1903;Cradle the Call;224  Highwood Ave.;6;"AD""";Andorre;14;"AM""";Arm?nie;02/08/1990 13:27;34:56.0;91232;93140.81
1904;Moveit Motercycle Service;511 Hill;49;"CG""";Congo;14;"AM""";Arm?nie;28/05/2001 03:15;54:56.0;25744;23160.535
1905;Cradle the Call;456 Groverland Ave.;34;"BR""";Br?sil;5;"DE""";Allemagne;05/09/1999 03:53;26:40.0;99582;5873.1
1906;Glenn Oaks Office Supplies;21 Lakeview Terrace #2312;25;"BE""";Belgique;42;"CA""";Canada;28/05/2006 08:07;06:40.0;98782;84080.97
1907;Bill's Dive Shop;3150 Skokie Valley Rd.;4;"DZ""";Alg?rie;35;"BN""";Brunei;26/05/2001 19:00;00:00.0;32640;52044.53
1908;Hoffman Printing Center;22 Clay rd.;15;"AW""";Aruba;11;"AN""";Antilles n?erlandaises;13/06/1977 15:27;34:56.0;17140;11160.659
1909;Eva Galler Galleries Inc.;218 Oakridge Ave.;8;"AI""";Anguilla;49;"CG""";Congo;07/10/1971 06:07;01:36.0;32422;85258.1
1910;Gilbert Co.;2678 Sheridan Rd.;42;"CA""";Canada;4;"DZ""";Alg?rie;29/06/1993 14:20;14:56.0;86314;20246.793
1911;Shaggy's Grooming Services;4763 Blackhawk Rd.;50;"KP""";Cor?e du Nord;11;"AN""";Antilles n?erlandaises;27/10/1975 16:40;14:56.0;79767;92640.43
1912;Vecot Inc.;2267 Anderson Lane;42;"CA""";Canada;6;"AD""";Andorre;26/08/1980 09:42;48:16.0;16817;89693.9
1913;Smith Communications Inc.;812 North Ave.;15;"AW""";Aruba;49;"CG""";Congo;23/12/2000 14:40;54:56.0;55738;12650.247
1914;Schmidt Denists;42 Valley Rd.;36;"BG""";Bulgarie;34;"BR""";Br?sil;09/06/1996 23:40;06:40.0;61312;19664.75
1915;Cutter Lawn Mower Repair;2632 Prarie Ln.;6;"AD""";Andorre;25;"BE""";Belgique;05/11/1993 11:47;40:00.0;64600;63874.543
1916;Highland Lanes;12 Walker Ave.;29;"BY""";Bi?lorussie;4;"DZ""";Alg?rie;10/08/2001 11:42;46:40.0;5320;93027.8
1917;Griffith Paving and Sealcoatin;662 Lyons Circle;29;"BY""";Bi?lorussie;15;"AW""";Aruba;08/07/1983 16:48;26:40.0;41418;80183.38
1918;Innman Paint and Glass;1860 Parkside Ln.;11;"AN""";Antilles n?erlandaises;8;"AI""";Anguilla;01/06/1994 20:47;41:36.0;9751;66045.55
1919;Innman Paint and Glass;310 Walker Ave.;22;"BD""";Bangladesh;42;"CA""";Canada;10/06/1997 00:47;33:20.0;82162;33808.062
1920;Hilco Auto Body;4522 N. Greenview Apt. 1B;4;"DZ""";Alg?rie;50;"KP""";Cor?e du Nord;12/10/2006 10:33;14:56.0;13436;23190.941
1921;Acturial Enterprises Ltd.;1975 elmwood Circle;2;"ZA""";Afrique du Sud;42;"CA""";Canada;10/04/2001 11:53;06:40.0;65800;25478.64
1922;Percy Photography;135 Lakewood place;32;"BA""";Bosnie-Herz?govine;15;"AW""";Aruba;23/12/1993 06:15;46:40.0;43664;52399.12
1923;Nel Video Productions;581 Hill St. Apt. 234;14;"AM""";Arm?nie;36;"BG""";Bulgarie;07/09/1990 10:33;00:00.0;3395;76265.6
1924;Gordon & Son Brockerage Ltd.;2267 Anderson Lane;15;"AW""";Aruba;6;"AD""";Andorre;20/11/1982 08:02;34:56.0;81886;6394.2036
1925;Gordon & Son Brockerage Ltd.;1701 W. Mellody Rd.;11;"AN""";Antilles n?erlandaises;29;"BY""";Bi?lorussie;26/04/1987 10:22;46:40.0;57908;72592.25
1926;Lambert & Locke Legal Services;2224 Sherman Rd.;46;"CY""";Chypre;29;"BY""";Bi?lorussie;01/05/2006 13:13;34:56.0;4178;27984.086
1927;Keep Cool Air Conditioner Repa;139 Bay Colony Dr.;34;"BR""";Br?sil;11;"AN""";Antilles n?erlandaises;22/06/1972 03:15;33:20.0;76918;15280.324
1928;Nina's Snow Plowing;1915 Lewis Ln.  Apt 13;31;"BO""";Bolivie;22;"BD""";Bangladesh;18/11/1971 08:13;21:36.0;27657;52624.367
1929;Mergenthaler Inc.;12 Craven Way;49;"CG""";Congo;4;"DZ""";Alg?rie;26/10/2004 09:28;33:20.0;76888;39743.13
1930;Highland Heights Gift Shop;14836 W. River Oaks Dr.;8;"AI""";Anguilla;2;"ZA""";Afrique du Sud;28/01/1977 11:47;26:40.0;14310;55020.97
1931;Jay's Cabinet Company;2870 Skokie Rd.;48;"KM""";Comores;32;"BA""";Bosnie-Herz?govine;28/01/1970 18:40;08:16.0;60450;80800.43
1932;Dean Grant Buick and Crysler;2678 Sheridan Rd.;38;"BI""";Burundi;14;"AM""";Arm?nie;07/03/1970 23:20;06:40.0;51218;65450.945
1933;Funnyface Amusement Games;241 Callan Rd.;28;"BT""";Bhoutan;15;"AW""";Aruba;24/06/2001 09:53;00:00.0;70109;28288.14
1934;Car Suite Cleaners;12 Walker Ave.;31;"BO""";Bolivie;11;"AN""";Antilles n?erlandaises;02/02/1977 19:33;08:16.0;29792;55041.26
1935;Parkway Auto Body;857 Woodbine Rd;29;"BY""";Bi?lorussie;46;"CY""";Chypre;17/08/2007 17:15;08:16.0;78542;28588.854
1936;Nyman Interior Design;1750 Lily Court;11;"AN""";Antilles n?erlandaises;34;"BR""";Br?sil;19/11/1980 16:40;14:56.0;31807;53502.8
1937;Deer Lake Inn;616 Cobblestone Cir.;27;"BM""";Bermudes;31;"BO""";Bolivie;31/10/2000 14:15;13:20.0;67320;9951.455
1938;Mac Computer Warehouse;1245 Eastwood;11;"AN""";Antilles n?erlandaises;49;"CG""";Congo;04/12/2000 06:02;54:56.0;21580;32288.14
1939;Foy Aviation;970 Vilas Circle;42;"CA""";Canada;8;"AI""";Anguilla;20/09/1986 12:33;14:56.0;66064;78512.54
1940;Air Guatamala;12 Skokie Valley Rd.;50;"KP""";Cor?e du Nord;48;"KM""";Comores;04/10/2002 22:35;06:40.0;1312;47122.953
1941;Kermit the Pet Shop;120 high St.;9;"AQ""";Antarctique;38;"BI""";Burundi;17/12/1994 21:33;28:16.0;73280;18033.992
1942;Transformation Enterprises;872 Virginia Rd.;31;"BO""";Bolivie;28;"BT""";Bhoutan;18/10/1990 15:27;00:00.0;72480;51890.965
1943;Nirabi Auto Service;175 beech St.;43;"CV""";Cap-Vert;31;"BO""";Bolivie;28/05/2001 03:15;08:16.0;24138;62396.934
1944;Eva Galler Galleries Inc.;2600 Winsor Mall;4;"DZ""";Alg?rie;29;"BY""";Bi?lorussie;26/12/1974 14:27;28:16.0;70437;49518.426
1945;Doll House Rock;1957 Huntington Ave.;15;"AW""";Aruba;11;"AN""";Antilles n?erlandaises;11/10/1983 07:00;20:00.0;33490;82318.62
1946;Foy Aviation;406 Trinity Ct.;20;"BS""";Bahamas;27;"BM""";Bermudes;13/06/1980 17:00;01:36.0;82219;21435.361
1947;Salt & Pepper Catering Service;3059 Priscilla Court;16;"AU""";Australie;11;"AN""";Antilles n?erlandaises;06/12/2006 06:13;08:16.0;12032;76435.23
1948;AA Advertising;1860 Parkside Ln.;32;"BA""";Bosnie-Herz?govine;42;"CA""";Canada;18/02/1993 01:47;00:00.0;20200;67080.94
1949;Lidhal design Corp.;917 Fairview Ave.  Apt. 982;4;"DZ""";Alg?rie;50;"KP""";Cor?e du Nord;21/08/2000 08:20;33:20.0;65934;22725.695
1950;Ampro Office Team Ltd.;139 Bay Colony Dr.;28;"BT""";Bhoutan;9;"AQ""";Antarctique;08/10/2000 08:47;00:00.0;29396;34645.15
1951;Hibop Heating and Air Conditio;618 Sheriden rd.;7;"AO""";Angola;31;"BO""";Bolivie;31/10/1987 17:33;48:16.0;75610;7457.158
1952;Caranisco Homes;628 Orwenstensia;30;"MM""";Birmanie;43;"CV""";Cap-Vert;07/08/1989 22:08;40:00.0;16919;17892.62
1953;Cradle the Call;1550 Ridge Rd.;13;"AR""";Argentine;4;"DZ""";Alg?rie;30/11/2000 16:00;20:00.0;92000;31906.574
1954;Parties Galore Golf Course;367Bluebird Terr.;47;"CO""";Colombie;15;"AW""";Aruba;30/04/1985 10:07;40:00.0;37881;27838.41
1955;Mail Boxes Et. Al.;1839 McCraren Rd.;5;"DE""";Allemagne;20;"BS""";Bahamas;05/04/2005 06:27;33:20.0;2637;73064.64
1956;North Park Lighting Galleries;1752 Clinton Ave.;4;"DZ""";Alg?rie;16;"AU""";Australie;30/10/1993 06:47;33:20.0;57085;50834.152
1957;Lambert & Locke Legal Services;1482 Concorde Circle;6;"AD""";Andorre;32;"BA""";Bosnie-Herz?govine;10/01/2002 23:48;06:40.0;57014;19498.635
1958;Cotton Thumb Ltd.;218 Oakridge Ave.;9;"AQ""";Antarctique;4;"DZ""";Alg?rie;30/04/2002 23:42;28:16.0;9834;47013.96
1959;Hi-Land Art & Frame;3487 Green Bay Rd.;10;"AG""";Antigua-et-Barbuda;28;"BT""";Bhoutan;29/12/1986 17:07;13:20.0;99451;32255.984
1960;Bernhardt Ltd.;600 Central Ave;12;"SA""";Arabie saoudite;7;"AO""";Angola;23/10/1980 15:40;21:36.0;32840;11435.66
1961;Mac Computer Warehouse;12 Craven Way;29;"BY""";Bi?lorussie;30;"MM""";Birmanie;15/05/1990 00:22;06:40.0;88500;77885.16
1962;Lake Shore Publishing;77 Blackhawk Rd;45;"CN""";Chine;13;"AR""";Argentine;19/05/1986 05:13;46:40.0;96256;11420.263
1963;Nel Video Productions;244 Briar Ln;47;"CO""";Colombie;47;"CO""";Colombie;04/07/1974 21:00;46:40.0;83172;40156.12
1964;Truck-X Muffler Repair;1714 Clifton Rd.;30;"MM""";Birmanie;5;"DE""";Allemagne;24/11/1975 02:15;08:16.0;47906;10784.292
1965;Maintence Services of Maine;135 Lakewood place;33;"BW""";Botswana;4;"DZ""";Alg?rie;18/02/2002 04:28;33:20.0;26039;4420.032
1966;Nel Video Productions;1575 Oakwood Ave.;22;"BD""";Bangladesh;6;"AD""";Andorre;04/09/2001 08:33;20:00.0;27690;9918.907
1967;AAA Daniels Antiques;600 Central Ave.;45;"CN""";Chine;9;"AQ""";Antarctique;28/09/1978 04:07;46:40.0;83358;87165.13
1968;Lake Shore Beaches;425 Lake Ave.;7;"AO""";Angola;10;"AG""";Antigua-et-Barbuda;03/10/2005 04:22;26:40.0;2376;91700.92
1969;Myers Chocolates and Confectio;43078 Kennedy Dr.;25;"BE""";Belgique;12;"SA""";Arabie saoudite;07/01/2001 13:07;33:20.0;90208;83865.34
1970;Childress Child Day Care;965 Marion Place Apt. 65C;29;"BY""";Bi?lorussie;29;"BY""";Bi?lorussie;31/12/1975 23:20;26:40.0;49575;54708.03
1971;Meonits & Mogogni Inc.;3385 University Ave.;40;"KH""";Cambodge;45;"CN""";Chine;24/06/2006 17:42;46:40.0;23570;99027.84
1972;Woodworks Co.;1450 Harding Ave.;4;"DZ""";Alg?rie;47;"CO""";Colombie;31/01/1970 09:48;21:36.0;71350;11026.753
1973;Chicagoland Cleaners;1270 Linden Ave.;47;"CO""";Colombie;30;"MM""";Birmanie;11/03/2003 07:22;00:00.0;83500;27716.543
1974;Darcy Frame and Matting Servic;574 Chicago Ave.;15;"AW""";Aruba;33;"BW""";Botswana;08/01/2006 06:00;00:00.0;7596;20179.66
1975;George Lee Antiques;465 Stratford Rd.;35;"BN""";Brunei;22;"BD""";Bangladesh;23/03/2000 03:33;00:00.0;87936;85040.66
1976;Glassman & Stone;225 Jeffrys Place;42;"CA""";Canada;45;"CN""";Chine;21/10/2006 22:48;54:56.0;13165;12728.739
1977;Meonits & Mogogni Inc.;4763 Blackhawk Rd.;50;"KP""";Cor?e du Nord;7;"AO""";Angola;21/05/2001 20:20;06:40.0;40664;4940.834
1978;Toggle & Myerson Ltd;1619 Judson Ave. Apt #34B;18;"AZ""";Azerba?djan;25;"BE""";Belgique;17/02/1970 10:53;06:40.0;23408;58545.203
1979;Marcy Elaine Bakery;937 Judson Ave.;2;"ZA""";Afrique du Sud;29;"BY""";Bi?lorussie;14/01/2007 18:40;53:20.0;7768;20420.71
1980;Office Pro Supply Co.;1234 Devonshire Court;48;"KM""";Comores;40;"KH""";Cambodge;22/01/2004 06:13;06:40.0;62030;50440.54
1981;Michael Montgomery Hair Saloon;77 Blackhawk Rd;36;"BG""";Bulgarie;4;"DZ""";Alg?rie;25/03/1978 18:53;13:20.0;92376;60913.133
1982;Loyal Order of Buffalo;2479 Woodridge Drive;49;"CG""";Congo;47;"CO""";Colombie;10/06/2006 01:40;40:00.0;82000;75444.586
1983;Loyal Order of Buffalo;1126 Hillcrest Ave;13;"AR""";Argentine;15;"AW""";Aruba;17/10/2007 06:47;26:40.0;57136;43211.336
1984;Highland Lanes;12 Craven Way;43;"CV""";Cap-Vert;35;"BN""";Brunei;12/03/1970 03:20;20:00.0;87626;67411.445
1985;Kermit the Pet Shop;1550 Ridge Rd.;46;"CY""";Chypre;42;"CA""";Canada;18/11/1985 11:07;00:00.0;96942;73241.38
1986;Elm Place Business Supplies;1915 Lewis Ln.  Apt 13;2;"ZA""";Afrique du Sud;50;"KP""";Cor?e du Nord;08/05/2004 11:27;08:16.0;87679;36687.56
1987;Glenn Oaks Office Supplies;21 Lakeview Terrace #2312;26;"BZ""";Belize;18;"AZ""";Azerba?djan;03/08/1989 16:07;54:56.0;98784;41448.082
1988;Pete's Auto Repair;45 South Deer Creek Drive;37;"BF""";Burkina Faso;2;"ZA""";Afrique du Sud;27/03/1994 09:20;34:56.0;55936;96965.18
1989;Johnson, Erico & Co CPA's;3148 cottonwood Ct.;47;"CO""";Colombie;48;"KM""";Comores;24/01/1998 00:00;21:36.0;27346;58808.742
1990;Glenn Oaks Office Supplies;937 Judson Ave.;39;"CI""";C?te d'Ivoire;36;"BG""";Bulgarie;22/08/1970 20:07;28:16.0;5246;34696.37
1991;New Dehli Auto Exchange;746 Judson Place;46;"CY""";Chypre;49;"CG""";Congo;11/02/2003 21:47;34:56.0;16568;97535.74
1992;American Apartments;1954 First St.;48;"KM""";Comores;13;"AR""";Argentine;02/09/1994 18:35;13:20.0;13228;74154.99
1993;North West Gas Co.;1575 Oak Ave.  Apt. 2C;46;"CY""";Chypre;43;"CV""";Cap-Vert;19/08/1989 04:20;00:00.0;86400;78560.66
1994;American Deli Workers Union;917 Fairview Ave.  Apt. 982;33;"BW""";Botswana;46;"CY""";Chypre;04/04/2003 14:42;40:00.0;39032;68743.45
1995;Venturi Discount Drugs;1547 Vine;36;"BG""";Bulgarie;2;"ZA""";Afrique du Sud;16/07/1980 02:47;00:00.0;91776;42560.95
1996;Smith & Wesson Militia;433 Burton Ave.;36;"BG""";Bulgarie;26;"BZ""";Belize;14/05/1983 12:33;13:20.0;2204;51264.777
1997;Morton Roofing and Siding;3100 Trailer Way;36;"BG""";Bulgarie;37;"BF""";Burkina Faso;20/10/1993 15:28;13:20.0;48922;24865.627
1998;Libra & Sons;1658 Second St.;41;"CM""";Cameroun;47;"CO""";Colombie;03/02/2001 15:07;48:16.0;95528;80563.836
1999;Doerner's Awnings and Canopies;2112 Ravine Drive;12;"SA""";Arabie saoudite;39;"CI""";C?te d'Ivoire;05/09/2001 15:27;00:00.0;86128;66332.03
2000;Acturial Enterprises Ltd.;14836 W. River Oaks Dr.;23;"BB""";Barbade;46;"CY""";Chypre;24/08/1974 19:13;00:00.0;60160;56202.586
2001;P K M Packaging Supply;139 Bay Colony Dr.;3;"AL""";Albanie;48;"KM""";Comores;29/08/1994 03:28;33:20.0;37252;93984.07
2002;Air Barbados;512 Hill;35;"BN""";Brunei;46;"CY""";Chypre;27/01/2007 03:08;33:20.0;53496;55195.926
2003;Garfield Appliance Service;3344 Beachwood Ln.;22;"BD""";Bangladesh;33;"BW""";Botswana;18/01/2004 07:47;48:16.0;71690;40204.758
2004;Glassman & Stone;1777 balsamic Ave.;45;"CN""";Chine;36;"BG""";Bulgarie;11/03/2002 09:33;46:40.0;40795;9678.077
2005;Hardee Woodwork Ltd.;673 Calais Drive;14;"AM""";Arm?nie;36;"BG""";Bulgarie;03/09/2001 00:20;46:40.0;63616;74127.87
2006;New Dehli Auto Exchange;1155 Ridgewood Drive;8;"AI""";Anguilla;36;"BG""";Bulgarie;21/01/1996 21:33;00:00.0;6687;53940.59
2007;Highland Heights Gift Shop;38976 Forest View Rd.;37;"BF""";Burkina Faso;41;"CM""";Cameroun;06/08/2003 11:55;48:16.0;84447;49437.324
2008;Griffith Paving and Sealcoatin;1715 Chicago Ave.;31;"BO""";Bolivie;12;"SA""";Arabie saoudite;20/04/1972 23:20;53:20.0;44335;59634.574
2009;Corbins, Rodriguez, & Savocchi;2045 St. johns Ave.;12;"SA""";Arabie saoudite;23;"BB""";Barbade;24/11/2000 23:48;48:16.0;56682;53678.99
2010;Terrinni & Son Auto and Truck;45 South Deer Creek Drive;1;"AF""";Afghanistan;3;"AL""";Albanie;22/08/1994 13:53;00:00.0;56008;3696.0137
2011;Parkway Auto Body;2112 Ravine Drive;17;"AT""";Autriche;35;"BN""";Brunei;19/03/1982 23:08;00:00.0;63892;43451.46
2012;Ebert Music Center;12 Skokie Valley Rd.;2;"ZA""";Afrique du Sud;22;"BD""";Bangladesh;04/05/2003 02:20;00:00.0;85508;80480.98
2013;Office Pro Supply Co.;865 Old Tall Tree Lane;45;"CN""";Chine;45;"CN""";Chine;16/01/2000 17:07;08:16.0;59330;89519.336
2014;Marks, Marks, and Kaplan Ltd.;1287 Glencoe Ave.;16;"AU""";Australie;14;"AM""";Arm?nie;01/05/1978 09:40;48:16.0;34850;71898.16
2015;Foy Aviation;3148 cottonwood Ct.;41;"CM""";Cameroun;8;"AI""";Anguilla;28/11/2002 07:08;01:36.0;16788;76400.91
2016;Jay's Cabinet Company;430 Oakland Drive;37;"BF""";Burkina Faso;37;"BF""";Burkina Faso;13/08/1978 04:35;46:40.0;96960;72280.28
2017;Marks, Marks, and Kaplan Ltd.;1975 elmwood Circle;47;"CO""";Colombie;31;"BO""";Bolivie;12/04/2001 01:48;48:16.0;36125;26347.846
2018;Dapper's Antiques;21 Lakeview Terrace #2312;9;"AQ""";Antarctique;12;"SA""";Arabie saoudite;07/05/1971 02:22;01:36.0;5480;70224.64
2019;Lake Shore Publishing;12 Fort Sheriden Ave.;33;"BW""";Botswana;1;"AF""";Afghanistan;10/03/2005 15:08;40:00.0;84344;35755.152
2020;Lake Shore Publishing;632 Florence Dr.;44;"CL""";Chili;17;"AT""";Autriche;07/10/1992 13:13;34:56.0;90496;90832.29
2021;Glenwood Credit Union;1450 Harding Ave.;4;"DZ""";Alg?rie;2;"ZA""";Afrique du Sud;18/10/1993 00:20;21:36.0;29685;15168.907
2022;Dependable Plumbing and Sewer;3385 University Ave.;24;"PW""";Belau;45;"CN""";Chine;14/02/1978 18:02;20:00.0;34344;69452.67
2023;Acturial Enterprises Ltd.;1185 County line Rd.;37;"BF""";Burkina Faso;16;"AU""";Australie;25/10/1975 10:07;34:56.0;70604;90348.64
2024;Nirabi Auto Service;1957 Huntington Ave.;26;"BZ""";Belize;41;"CM""";Cameroun;22/04/1985 06:40;33:20.0;87736;20060.297
2025;Pete's Auto Repair;42 Valley Rd.;13;"AR""";Argentine;37;"BF""";Burkina Faso;07/12/1970 06:40;26:40.0;75529;4738.18
2026;Doerner's Awnings and Canopies;355 Golf Rd.;10;"AG""";Antigua-et-Barbuda;47;"CO""";Colombie;07/05/1994 09:40;33:20.0;74900;66064.96
2027;Green Shoes Corp.;1270 Linden Ave.;4;"DZ""";Alg?rie;9;"AQ""";Antarctique;08/11/1972 08:40;48:16.0;65150;40212.004
2028;Lambert & Locke Legal Services;1547 Vine;48;"KM""";Comores;33;"BW""";Botswana;18/05/2004 21:27;40:00.0;85611;33600.19
2029;Lennox Air Pollution Control;425 Lake Ave.;30;"MM""";Birmanie;44;"CL""";Chili;20/06/1971 11:00;20:00.0;66744;23718.016
2031;Salt & Pepper Catering Service;2032 Northbrook Ct.;38;"BI""";Burundi;24;"PW""";Belau;28/10/1998 18:40;20:00.0;50279;66854.05
2032;Innman Paint and Glass;600 Central Ave;38;"BI""";Burundi;37;"BF""";Burkina Faso;01/04/1978 17:33;00:00.0;11646;15400.791
2033;Bernhardt Ltd.;1777 balsamic Ave.;13;"AR""";Argentine;26;"BZ""";Belize;13/06/2006 16:35;40:00.0;68288;25600.074
2034;Portugal, Liddy, & Son Ltd.;175 beech St.;32;"BA""";Bosnie-Herz?govine;13;"AR""";Argentine;19/07/1980 14:07;06:40.0;48675;96340.09
2035;Glenwood Credit Union;1126 Hillcrest Ave;22;"BD""";Bangladesh;10;"AG""";Antigua-et-Barbuda;08/03/1972 18:28;34:56.0;48473;22430.592
2036;Glenn Oaks Office Supplies;2936 Arlington Ave.;27;"BM""";Bermudes;4;"DZ""";Alg?rie;18/04/2001 05:47;08:16.0;65152;63580.473
2037;Kosmo Consulting;1450 Harding Ave.;28;"BT""";Bhoutan;48;"KM""";Comores;03/04/2001 13:13;26:40.0;81220;34693.88
2038;Kermit the Pet Shop;872 Virginia Rd.;17;"AT""";Autriche;30;"MM""";Birmanie;24/12/2005 00:00;54:56.0;27908;21045.797
2039;Air Barbados;1444 Chantilly Ln.;33;"BW""";Botswana;43;"CV""";Cap-Vert;16/01/2001 12:40;06:40.0;64842;20517.914
2040;Nel Video Productions;2148 Eastview Dr.;24;"PW""";Belau;38;"BI""";Burundi;05/10/1971 17:15;06:40.0;34144;27420.207
2041;Futoons Cartoons Emporium;302-A Crestwood Village Rd.;23;"BB""";Barbade;38;"BI""";Burundi;24/05/2005 14:47;26:40.0;5206;30503.582
2042;Nina's Snow Plowing;3478 Bryn Mawr St.;8;"AI""";Anguilla;13;"AR""";Argentine;27/01/1985 18:53;13:20.0;76700;17526.121
2043;Cotton Thumb Ltd.;785 Highland place;12;"SA""";Arabie saoudite;32;"BA""";Bosnie-Herz?govine;18/10/1983 13:15;41:36.0;42150;72860.2
2044;Marcy Elaine Bakery;1859 Green Bay Rd.;1;"AF""";Afghanistan;22;"BD""";Bangladesh;05/01/2006 21:08;01:36.0;21904;75030.2
2045;Lake Shore Beaches;1065 Hillcrest Circle;6;"AD""";Andorre;27;"BM""";Bermudes;23/02/1970 13:22;08:16.0;81580;52778.98
2046;Bernhardt Ltd.;1975 elmwood Circle;45;"CN""";Chine;28;"BT""";Bhoutan;03/07/1987 09:40;00:00.0;66455;78704.3
2047;Cradle the Call;600 Central Ave;38;"BI""";Burundi;17;"AT""";Autriche;26/10/1993 02:47;01:36.0;82016;81075.43
2048;Green Shoes Corp.;844 Spruce St.;11;"AN""";Antilles n?erlandaises;33;"BW""";Botswana;29/06/1994 04:20;26:40.0;42534;10166.433
2049;P K M Packaging Supply;3150 Skokie Valley Rd.;1;"AF""";Afghanistan;24;"PW""";Belau;19/08/1974 00:20;06:40.0;68876;3695.6653
2050;Pete's Auto Repair;3487 Green Bay Rd.;4;"DZ""";Alg?rie;23;"BB""";Barbade;08/05/2000 19:15;06:40.0;41778;27576.436
2051;Trapezoid Studios;38976 Forest View Rd.;44;"CL""";Chili;8;"AI""";Anguilla;26/02/2001 00:53;01:36.0;19824;25187.81
2052;Hibop Heating and Air Conditio;1547 Vine;26;"BZ""";Belize;12;"SA""";Arabie saoudite;06/11/2006 08:00;54:56.0;96405;86107.39
2053;Gordon & Son Brockerage Ltd.;1875 Roger Williams Ave.;11;"AN""";Antilles n?erlandaises;1;"AF""";Afghanistan;03/02/1970 21:08;26:40.0;40480;86688.51
2054;Caranisco Homes;2224 Sherman Rd.;44;"CL""";Chili;6;"AD""";Andorre;07/08/1974 10:33;06:40.0;99790;56440.367
2055;Terrinni & Son Auto and Truck;2600 Winsor Mall;46;"CY""";Chypre;45;"CN""";Chine;31/08/1972 17:42;20:00.0;58379;58798.6
2056;Elm Place Business Supplies;1750 Lily Court;23;"BB""";Barbade;38;"BI""";Burundi;04/04/2001 19:33;06:40.0;51408;2928.539
2057;Darcy Frame and Matting Servic;406 Trinity Ct.;49;"CG""";Congo;11;"AN""";Antilles n?erlandaises;18/07/1998 23:13;20:00.0;61452;66574.93
2058;Trapezoid Studios;12 Skokie Valley Rd.;24;"PW""";Belau;1;"AF""";Afghanistan;02/10/1994 13:13;48:16.0;69201;35407.223
2059;George Lee Antiques;2870 Skokie Rd.;44;"CL""";Chili;4;"DZ""";Alg?rie;03/06/1985 07:15;13:20.0;59864;19141.621
2060;AA Advertising;618 Sheriden rd.;47;"CO""";Colombie;44;"CL""";Chili;16/10/2000 06:33;34:56.0;62010;91730.78
2061;Vanity Town;852 Sumac Rd.;8;"AI""";Anguilla;26;"BZ""";Belize;04/07/1986 03:15;48:16.0;31022;68722.62
2062;Nel Video Productions;872 Virginia Rd.;43;"CV""";Cap-Vert;11;"AN""";Antilles n?erlandaises;10/02/2004 02:15;46:40.0;82043;67600.89
2063;Mac Computer Warehouse;3487 Green Bay Rd.;42;"CA""";Canada;44;"CL""";Chili;03/01/2000 23:33;06:40.0;17936;45368.34
2064;Palmer Golf Supplies;965 Marion Place Apt. 65C;11;"AN""";Antilles n?erlandaises;46;"CY""";Chypre;28/03/2004 09:48;41:36.0;38000;33428.69
2065;North Shore Appliance Service;135 Lakewood place;22;"BD""";Bangladesh;23;"BB""";Barbade;14/04/1987 20:35;08:16.0;58434;99628.78
2066;Bill's Dive Shop;937 Judson Ave.;7;"AO""";Angola;49;"CG""";Congo;05/04/2003 03:53;33:20.0;69736;74390.266
2067;Pac Builders;14836 W. River Oaks Dr.;15;"AW""";Aruba;24;"PW""";Belau;24/02/1992 19:33;40:00.0;79500;2624.38
2068;Office Pro Supply Co.;120 high St.;27;"BM""";Bermudes;44;"CL""";Chili;26/01/2004 06:53;46:40.0;54860;42199.145
2069;K L Consulting;3344 Beachwood Ln.;10;"AG""";Antigua-et-Barbuda;47;"CO""";Colombie;08/08/1974 03:13;26:40.0;45386;62896.215
2070;Kermit the Pet Shop;231 Sheriden Rd.;4;"DZ""";Alg?rie;8;"AI""";Anguilla;11/10/2001 16:07;14:56.0;46394;37320.516
2071;Salt & Pepper Catering Service;1799 Rosemary Way;31;"BO""";Bolivie;43;"CV""";Cap-Vert;07/09/2003 03:00;14:56.0;80960;91940.875
2072;AAA Daniels Antiques;2112 Ravine Drive;10;"AG""";Antigua-et-Barbuda;42;"CA""";Canada;24/09/2005 18:20;26:40.0;70570;81052.22
2073;Cutter Lawn Mower Repair;12 Craven Way;42;"CA""";Canada;11;"AN""";Antilles n?erlandaises;11/01/2003 18:53;20:00.0;10030;53500.79
2074;Esmarda Chemical Manufacturers;1831 Beverly Place #9D;15;"AW""";Aruba;22;"BD""";Bangladesh;12/02/1990 05:20;06:40.0;92504;42989.152
2075;Lidhal design Corp.;2032 Northbrook Ct.;49;"CG""";Congo;7;"AO""";Angola;02/01/1986 05:22;46:40.0;59972;24256.68
2076;Schmidt Denists;1957 Huntington Ave.;49;"CG""";Congo;15;"AW""";Aruba;12/02/1974 00:13;06:40.0;79694;1606.8209
2077;New Dehli Auto Exchange;1619 Judson Ave. Apt #34B;11;"AN""";Antilles n?erlandaises;27;"BM""";Bermudes;23/08/2000 18:20;00:00.0;8080;30390.395
2078;Doll House Rock;1633 McGovern place;20;"BS""";Bahamas;10;"AG""";Antigua-et-Barbuda;26/01/2000 15:20;13:20.0;35464;65501.008
2079;Cradle the Call;1550 Ridge Rd.;27;"BM""";Bermudes;4;"DZ""";Alg?rie;27/10/2006 21:47;41:36.0;70978;18864.686
2080;Keep Cool Air Conditioner Repa;224  Highwood Ave.;33;"BW""";Botswana;31;"BO""";Bolivie;14/03/1975 20:13;53:20.0;60878;576.0182
2081;BBQ Smith's Tex Mex;807 Old Trail Rd.;12;"SA""";Arabie saoudite;10;"AG""";Antigua-et-Barbuda;03/10/1975 21:27;08:16.0;26120;45275.836
2082;Bill's Dive Shop;35 Glenlake Dr.;44;"CL""";Chili;42;"CA""";Canada;01/03/1986 02:15;46:40.0;71460;75288.28
2083;Got It All Electronics Supply;12 Craven Way;10;"AG""";Antigua-et-Barbuda;15;"AW""";Aruba;01/08/2000 01:53;41:36.0;79162;73088.63
2084;Camp Stuff;1126 Hillcrest Ave;2;"ZA""";Afrique du Sud;49;"CG""";Congo;22/08/1989 15:40;26:40.0;31016;66125.09
2085;Kosmo Consulting;3150 Skokie Valley Rd.;11;"AN""";Antilles n?erlandaises;49;"CG""";Congo;16/04/2001 03:40;26:40.0;37154;48125.566
2086;MedicServe Medical Supply;857 Woodbine Rd;8;"AI""";Anguilla;11;"AN""";Antilles n?erlandaises;13/09/1977 20:35;46:40.0;93328;31200.953
2087;Jay's Cabinet Company;1770 first St.;10;"AG""";Antigua-et-Barbuda;20;"BS""";Bahamas;25/02/2005 02:53;20:00.0;53280;5765.4673
2088;Hi-Land Art & Frame;600 Central Ave;27;"BM""";Bermudes;27;"BM""";Bermudes;22/08/2000 09:53;41:36.0;48250;38214.574
2089;Facelift Kitchen and Bath;3148 cottonwood Ct.;39;"CI""";C?te d'Ivoire;33;"BW""";Botswana;11/07/1977 01:02;14:56.0;99884;13126.636
2090;Caranisco Homes;618 Sheriden rd.;29;"BY""";Bi?lorussie;12;"SA""";Arabie saoudite;18/11/1974 09:47;13:20.0;77620;27834.479
2091;American Deli Workers Union;1535 Knollwood Drive;25;"BE""";Belgique;44;"CL""";Chili;22/12/2006 15:07;13:20.0;94542;45456.016
2092;Auto Interior Carpeting Compan;224  Highwood Ave.;21;"BH""";Bahre?n;10;"AG""";Antigua-et-Barbuda;02/06/1978 19:27;40:00.0;53331;49790.137
2093;American Apartments;1839 McCraren Rd.;31;"BO""";Bolivie;2;"ZA""";Afrique du Sud;09/05/2004 11:53;40:00.0;5728;22536.914
2094;Acme Chemical Supply;355 Golf Rd.;28;"BT""";Bhoutan;11;"AN""";Antilles n?erlandaises;13/01/1977 10:40;40:00.0;91086;2050.3557
2095;Bernhardt Ltd.;854 Woodbine;32;"BA""";Bosnie-Herz?govine;8;"AI""";Anguilla;20/04/1994 17:40;41:36.0;86902;18336.662
2096;Eva Galler Galleries Inc.;10 Marquette Rd.;33;"BW""";Botswana;10;"AG""";Antigua-et-Barbuda;21/10/2002 23:27;26:40.0;89923;47824.63
2097;Dapper's Antiques;1907 S. Prospect Ave.;27;"BM""";Bermudes;27;"BM""";Bermudes;16/09/2001 01:27;13:20.0;6162;49870.516
2098;Brand Y Creative Services;2510 Crain;9;"AQ""";Antarctique;39;"CI""";C?te d'Ivoire;16/03/1996 07:07;33:20.0;53538;18880.307
2099;Pac Builders;1077 Court Ave.;29;"BY""";Bi?lorussie;29;"BY""";Bi?lorussie;08/11/2001 19:47;33:20.0;2440;7626.549
2100;North West Gas Co.;616 Cobblestone Cir.;39;"CI""";C?te d'Ivoire;25;"BE""";Belgique;29/09/2002 03:42;54:56.0;48330;43010.555
2101;Green Shoes Corp.;1287 Glencoe Ave.;30;"MM""";Birmanie;21;"BH""";Bahre?n;01/07/1992 15:13;53:20.0;6400;95645.3
2102;Brand Y Creative Services;2220 Grant Blvd.;32;"BA""";Bosnie-Herz?govine;31;"BO""";Bolivie;18/10/1990 06:22;08:16.0;94656;2290.3398
2103;Childress Child Day Care;2024 St.Johns Ave.;33;"BW""";Botswana;28;"BT""";Bhoutan;22/10/2000 06:07;41:36.0;28184;77760.67
2104;Doll House Rock;1839 McCraren Rd.;18;"AZ""";Azerba?djan;32;"BA""";Bosnie-Herz?govine;21/07/2006 20:08;28:16.0;58256;87265.16
2105;Kosmo Consulting;673 Calais Drive;2;"ZA""";Afrique du Sud;33;"BW""";Botswana;08/07/1996 05:27;46:40.0;71340;72796.805
2106;Parties Galore Golf Course;3100 Trailer Way;8;"AI""";Anguilla;27;"BM""";Bermudes;25/02/1980 20:53;06:40.0;45443;8088.4873
2107;Lambert & Locke Legal Services;632 Roger Williams;17;"AT""";Autriche;9;"AQ""";Antarctique;10/03/1999 21:07;26:40.0;48443;9138.799
2108;Marks, Marks, and Kaplan Ltd.;1535 Knollwood Drive;39;"CI""";C?te d'Ivoire;29;"BY""";Bi?lorussie;07/02/1993 15:47;08:16.0;81060;84138.81
2109;Got It All Electronics Supply;3100 Trailer Way;34;"BR""";Br?sil;39;"CI""";C?te d'Ivoire;20/06/1994 16:48;08:16.0;31616;51548.46
2110;Highland Lanes;241 Callan Rd.;39;"CI""";C?te d'Ivoire;30;"MM""";Birmanie;08/08/2000 03:00;46:40.0;17284;66390.97
2111;Highland Woods City Hall;3059 Priscilla Court;29;"BY""";Bi?lorussie;32;"BA""";Bosnie-Herz?govine;11/08/1972 06:47;06:40.0;66080;65920.93
2112;Childress Child Day Care;970 Vilas Circle;42;"CA""";Canada;33;"BW""";Botswana;29/11/2006 02:28;28:16.0;76350;69996.72
2113;K L Consulting;937 Judson Ave.;7;"AO""";Angola;18;"AZ""";Azerba?djan;17/11/1980 16:42;06:40.0;65023;5411.354
2114;Nel Video Productions;139 Bay Colony Dr.;1;"AF""";Afghanistan;2;"ZA""";Afrique du Sud;01/07/1990 20:20;46:40.0;96652;17809.826
2116;Trapezoid Studios;355 Golf Rd.;18;"AZ""";Azerba?djan;17;"AT""";Autriche;22/10/1975 17:28;28:16.0;13931;40170.59
2117;Moveit Motercycle Service;245 Oakridge Ave.;6;"AD""";Andorre;39;"CI""";C?te d'Ivoire;31/05/1975 10:20;34:56.0;23660;75400.71
2118;Air Guatamala;511 Maple Ave.  Apt. 1B;18;"AZ""";Azerba?djan;34;"BR""";Br?sil;01/09/1989 05:28;33:20.0;96067;32044.266
2119;Myles Building Consultants;1701 W. Mellody Rd.;3;"AL""";Albanie;39;"CI""";C?te d'Ivoire;07/08/1990 21:13;28:16.0;47208;12361.909
2120;Dapper's Antiques;367Bluebird Terr.;23;"BB""";Barbade;29;"BY""";Bi?lorussie;01/01/2001 09:08;40:00.0;22056;22208.96
2122;Cotton Thumb Ltd.;4467 Sheridan Rd.;6;"AD""";Andorre;7;"AO""";Angola;19/10/1977 10:07;00:00.0;56686;81110.19
2123;Kapp Camera and Video;581 Hill St. Apt. 234;2;"ZA""";Afrique du Sud;1;"AF""";Afghanistan;28/05/2000 20:33;53:20.0;71200;55220.816
2124;Green Shoes Corp.;1234 Devonshire Court;26;"BZ""";Belize;41;"CM""";Cameroun;13/09/2006 03:02;13:20.0;64540;54220.45
2125;Vecot Inc.;969 Saxony Drive;29;"BY""";Bi?lorussie;18;"AZ""";Azerba?djan;02/09/2001 17:40;08:16.0;54657;51600.957
2126;Camp Oconomowoc;600 Central Ave;17;"AT""";Autriche;6;"AD""";Andorre;10/10/1987 02:22;48:16.0;83654;5488.875
2127;Glassman & Stone;671 Blackstone Ave.;33;"BW""";Botswana;18;"AZ""";Azerba?djan;27/02/2007 09:08;28:16.0;40968;7820.505
2128;janice Mann Accounting Service;2505 Allison ct.;14;"AM""";Arm?nie;3;"AL""";Albanie;14/04/1970 07:48;26:40.0;9763;93542.6
2129;Resnick DDS;2267 Anderson Lane;43;"CV""";Cap-Vert;23;"BB""";Barbade;04/04/1996 23:20;40:00.0;33947;40128.508
2130;Lutz Soft Cloth Car Wash;430 Oakland Drive;46;"CY""";Chypre;23;"BB""";Barbade;25/09/2002 16:22;33:20.0;82052;13495.739
2131;Portugal, Liddy, & Son Ltd.;1701 W. Mellody Rd.;40;"KH""";Cambodge;6;"AD""";Andorre;15/03/2001 20:40;21:36.0;37150;57784.656
2132;Darcy Frame and Matting Servic;1715 Chicago Ave.;49;"CG""";Congo;2;"ZA""";Afrique du Sud;07/09/2002 13:00;40:00.0;68824;56130.723
2133;Acturial Enterprises Ltd.;965 Marion Place Apt. 65C;9;"AQ""";Antarctique;26;"BZ""";Belize;26/04/1982 21:13;00:00.0;55750;65523.875
2134;Hoffman Printing Center;465 Stratford Rd.;7;"AO""";Angola;29;"BY""";Bi?lorussie;16/04/1990 01:55;34:56.0;96758;47415.203
2135;P K M Packaging Supply;120 high St.;36;"BG""";Bulgarie;17;"AT""";Autriche;21/01/2005 04:40;53:20.0;3089;29119.152
2136;Lutz Soft Cloth Car Wash;1915 Lewis Ln.  Apt 13;19;"BJ""";B?nin;33;"BW""";Botswana;11/01/1972 17:47;46:40.0;75320;94736.21
2137;Mail Boxes Et. Al.;937 Judson Ave.;16;"AU""";Australie;14;"AM""";Arm?nie;13/02/1975 05:07;13:20.0;64120;34936.203
2138;Gordon & Son Brockerage Ltd.;218 Oakridge Ave.;2;"ZA""";Afrique du Sud;43;"CV""";Cap-Vert;25/05/2004 20:07;33:20.0;80371;33096.965
2139;Foy Aviation;1679 McCraren;13;"AR""";Argentine;46;"CY""";Chypre;29/03/1985 16:00;06:40.0;83330;35245.223
2140;Dependable Plumbing and Sewer;673 Calais Drive;44;"CL""";Chili;40;"KH""";Cambodge;19/03/2005 02:40;21:36.0;38344;5228.286
2141;Cutter Lawn Mower Repair;1839 McCraren Rd.;24;"PW""";Belau;49;"CG""";Congo;23/05/1982 12:07;40:00.0;74530;6361.6177
2142;Deer Lake Inn;917 Fairview Ave.  Apt. 982;13;"AR""";Argentine;9;"AQ""";Antarctique;16/02/1974 15:20;06:40.0;34200;2980.056
2143;Marcy Elaine Bakery;1859 Green Bay Rd.;4;"DZ""";Alg?rie;7;"AO""";Angola;29/07/1986 23:27;20:00.0;47712;20148.209
2144;Air France;1547 Knolwood Rd.;43;"CV""";Cap-Vert;36;"BG""";Bulgarie;21/02/1971 23:35;13:20.0;92976;47147.363
2145;Shaggy's Grooming Services;42 Valley Rd.;31;"BO""";Bolivie;19;"BJ""";B?nin;02/01/2004 14:00;00:00.0;94090;94073.14
2146;New Dehli Auto Exchange;643 De Temple Rd.;19;"BJ""";B?nin;16;"AU""";Australie;30/11/1982 18:02;08:16.0;79696;70918.96
2147;Mergenthaler Inc.;1550 Ridge Rd.;18;"AZ""";Azerba?djan;2;"ZA""";Afrique du Sud;21/08/2006 19:40;21:36.0;80904;37210.098
2148;Woodworks Co.;600 Central Ave.;30;"MM""";Birmanie;13;"AR""";Argentine;10/10/2005 03:02;33:20.0;74748;56800.89
2149;Arthur M. Feildberg Galleries;1679 McCraren;49;"CG""";Congo;44;"CL""";Chili;04/11/1989 16:27;13:20.0;44400;19144.354
2150;Pasifico Inc.;1949 Cloverdale Rd.;12;"SA""";Arabie saoudite;24;"PW""";Belau;12/10/1989 21:28;13:20.0;68192;38468.91
2151;Cotton Thumb Ltd.;220 Vine Ave.;41;"CM""";Cameroun;13;"AR""";Argentine;20/11/2001 20:40;53:20.0;13146;1442.495
2152;Elle Hypnosis and Therapy Cent;2632 Prarie Ln.;23;"BB""";Barbade;4;"DZ""";Alg?rie;02/02/2001 12:15;46:40.0;50990;74848.57
2153;North Shore Appliance Service;334 Lynn Terrace;1;"AF""";Afghanistan;43;"CV""";Cap-Vert;17/01/1986 06:28;14:56.0;17560;1405.8868
2154;DBN Bank;2112 Ravine Drive;44;"CL""";Chili;31;"BO""";Bolivie;26/07/1972 20:35;28:16.0;5040;2812.4211
2155;Jay's Cabinet Company;54 Lakeview Terrace;30;"MM""";Birmanie;19;"BJ""";B?nin;16/03/1978 20:15;33:20.0;84460;3600.9578
2156;Elm Place Business Supplies;1185 County line Rd.;1;"AF""";Afghanistan;18;"AZ""";Azerba?djan;05/08/2000 17:00;33:20.0;2125;48964.85
2157;Vanity Town;2267 Anderson Lane;7;"AO""";Angola;30;"MM""";Birmanie;31/08/1996 03:53;28:16.0;18464;62368.273
2158;Keyth Contracting and Repair;1660 Park Ave.;23;"BB""";Barbade;49;"CG""";Congo;19/11/2000 11:47;01:36.0;87885;57457.215
2159;Block Boats and Lures;175 beech St.;35;"BN""";Brunei;12;"SA""";Arabie saoudite;29/06/2004 13:27;26:40.0;85864;94662.234
2160;Pasifico Inc.;456 Grossman Ln.;48;"KM""";Comores;41;"CM""";Cameroun;06/12/2001 14:27;14:56.0;73840;56486.258
2161;Smith & Wesson Militia;1975 elmwood Circle;13;"AR""";Argentine;23;"BB""";Barbade;01/06/1986 17:28;06:40.0;77159;53376.58
2162;Ernie's Foriegn Car Service;1679 McCraren;19;"BJ""";B?nin;1;"AF""";Afghanistan;24/08/1982 09:55;13:20.0;14256;57434.13
2163;Quad City Cleaning;3100 Trailer Way;41;"CM""";Cameroun;44;"CL""";Chili;08/10/1970 03:13;28:16.0;33434;30402.537
2164;Kapp Camera and Video;54 Lakeview Terrace;38;"BI""";Burundi;30;"MM""";Birmanie;06/08/1975 04:22;13:20.0;18120;79006.29
2165;Highland Woods City Hall;1715 Chicago Ave.;40;"KH""";Cambodge;1;"AF""";Afghanistan;24/05/2006 23:15;08:16.0;81650;72636.57
2166;Green Shoes Corp.;38976 Forest View Rd.;23;"BB""";Barbade;7;"AO""";Angola;14/12/1971 12:00;21:36.0;33253;95228.92
2167;Peterson Roberts Carpentry;839 Burton Ave;28;"BT""";Bhoutan;23;"BB""";Barbade;13/02/1994 00:40;14:56.0;9800;91366.484
2168;Kermit the Pet Shop;220 Vine Ave.;43;"CV""";Cap-Vert;35;"BN""";Brunei;03/08/2000 14:35;33:20.0;64485;54157.266
2169;Nitelites Party Rental;241 Callan Rd.;15;"AW""";Aruba;48;"KM""";Comores;16/04/1992 22:33;20:00.0;15150;88306.8
2170;Parkway Auto Body;5518 Madison St.;3;"AL""";Albanie;13;"AR""";Argentine;23/08/1997 02:33;46:40.0;32218;46452.19
2171;First National Bank of Ottowa;1287 Glencoe Ave.;50;"KP""";Cor?e du Nord;19;"BJ""";B?nin;25/10/1980 06:33;00:00.0;32400;33755.68
2172;Woodworks Co.;1619 Judson Ave. Apt #34B;43;"CV""";Cap-Vert;41;"CM""";Cameroun;17/01/2000 11:48;40:00.0;16447;83692.21
2173;Glenwood Credit Union;22 Clay rd.;27;"BM""";Bermudes;38;"BI""";Burundi;02/12/2000 00:55;33:20.0;47182;41760.367
2174;Peterson Roberts Carpentry;139 Bay Colony Dr.;42;"CA""";Canada;40;"KH""";Cambodge;22/05/1994 10:47;53:20.0;67488;5835.068
2175;Nina's Snow Plowing;2510 Crain;31;"BO""";Bolivie;23;"BB""";Barbade;18/11/1990 03:47;20:00.0;66440;21076.76
2176;Glenwood Credit Union;629 Kincaid Ave.;15;"AW""";Aruba;28;"BT""";Bhoutan;20/03/1974 08:27;00:00.0;8836;23735.908
2177;Perimeter Security Consultants;746 Judson Place;7;"AO""";Angola;43;"CV""";Cap-Vert;25/11/1987 17:33;13:20.0;54415;21282.613
2178;Tub's Furniture Store;550 Sheridan;33;"BW""";Botswana;15;"AW""";Aruba;01/03/2005 18:00;20:00.0;72228;9069.558
2179;Ernie's Foriegn Car Service;2032 Northbrook Ct.;16;"AU""";Australie;3;"AL""";Albanie;15/05/1996 23:40;20:00.0;76010;24495.97
2180;Johnson, Erico & Co CPA's;1633 McGovern place;3;"AL""";Albanie;50;"KP""";Cor?e du Nord;28/04/1985 01:33;06:40.0;34852;85720.76
2181;Lake Shore Publishing;1920 Sunnyside Ave.;9;"AQ""";Antarctique;43;"CV""";Cap-Vert;28/07/1985 01:53;26:40.0;22400;37264.113
2182;Glassman & Stone;550 Sheridan;40;"KH""";Cambodge;27;"BM""";Bermudes;24/05/1998 09:53;54:56.0;45263;16404.889
2183;BBQ Smith's Tex Mex;1795 Lake Cook Rd.;45;"CN""";Chine;42;"CA""";Canada;04/08/2006 18:35;41:36.0;37244;21246.04
2184;Marks, Marks, and Kaplan Ltd.;1235 Easton Rd.;34;"BR""";Br?sil;31;"BO""";Bolivie;10/11/2006 08:00;40:00.0;50167;86425.14
2185;Marcy Elaine Bakery;1019 Deerfield Rd.;41;"CM""";Cameroun;15;"AW""";Aruba;03/02/2006 00:53;54:56.0;85584;84440.66
2186;Cotton Thumb Ltd.;220 Vine Ave.;1;"AF""";Afghanistan;7;"AO""";Angola;03/03/2000 16:42;54:56.0;50249;33088.895
2187;Tub's Furniture Store;3148 cottonwood Ct.;49;"CG""";Congo;33;"BW""";Botswana;29/09/1993 00:47;33:20.0;71240;7839.14
2188;Marks, Marks, and Kaplan Ltd.;406 Trinity Ct.;9;"AQ""";Antarctique;16;"AU""";Australie;03/04/1990 08:22;06:40.0;79300;24260.791
2189;American Apartments;785 Highland place;39;"CI""";C?te d'Ivoire;3;"AL""";Albanie;13/01/1997 03:48;06:40.0;70664;93200.92
2190;Morton Roofing and Siding;2644 Princeton Ln.;9;"AQ""";Antarctique;9;"AQ""";Antarctique;30/11/1993 02:42;21:36.0;92080;96540.56
2191;Tub's Furniture Store;1270 Linden Ave.;45;"CN""";Chine;40;"KH""";Cambodge;27/01/1990 00:27;26:40.0;98684;41992.477
2192;Got It All Electronics Supply;115 Pleasent Ave.;4;"DZ""";Alg?rie;45;"CN""";Chine;02/11/2002 12:13;33:20.0;5500;31051.79
2193;Trapezoid Studios;3344 Beachwood Ln.;12;"SA""";Arabie saoudite;34;"BR""";Br?sil;27/10/1983 11:53;14:56.0;16600;77378.07
2194;Elle Hypnosis and Therapy Cent;2220 Grant Blvd.;29;"BY""";Bi?lorussie;41;"CM""";Cameroun;12/04/1974 12:00;01:36.0;57500;66822.45
2195;Bill's Dive Shop;210 Cresant Rd.;11;"AN""";Antilles n?erlandaises;1;"AF""";Afghanistan;17/07/2001 06:47;48:16.0;12000;26840.986
2196;Keyth Contracting and Repair;3059 Priscilla Court;2;"ZA""";Afrique du Sud;49;"CG""";Congo;26/11/2000 00:53;53:20.0;14929;38733.44
2197;DBN Bank;241 Callan Rd.;33;"BW""";Botswana;9;"AQ""";Antarctique;24/09/1980 17:13;08:16.0;44160;67184.34
2198;DBN Bank;746 Judson Place;25;"BE""";Belgique;39;"CI""";C?te d'Ivoire;09/03/2000 13:48;40:00.0;91040;79534.625
2199;Elm Place Business Supplies;770 Exmoor Rd.;37;"BF""";Burkina Faso;9;"AQ""";Antarctique;25/12/2006 17:22;06:40.0;70470;76171.78
2200;Masterlands Cleaning;3487 Green Bay Rd.;31;"BO""";Bolivie;45;"CN""";Chine;16/01/2002 18:42;33:20.0;63844;80104.11
2201;Terrinni & Son Auto and Truck;1185 County line Rd.;26;"BZ""";Belize;4;"DZ""";Alg?rie;21/03/1983 02:00;53:20.0;78496;51924.33
2202;Keep Cool Air Conditioner Repa;1245 Eastwood;18;"AZ""";Azerba?djan;12;"SA""";Arabie saoudite;24/04/1970 17:48;33:20.0;71432;96380.09
2203;Dependable Plumbing and Sewer;1233 Arbor Rd.;8;"AI""";Anguilla;29;"BY""";Bi?lorussie;26/08/1987 08:07;54:56.0;57928;51756.93
2204;Kosmo Consulting;1907 S. Prospect Ave.;31;"BO""";Bolivie;11;"AN""";Antilles n?erlandaises;03/10/1997 18:33;40:00.0;6278;33108.09
2205;Marcy Elaine Bakery;616 Cobblestone Cir.;29;"BY""";Bi?lorussie;2;"ZA""";Afrique du Sud;28/01/2000 22:53;40:00.0;31614;66608.81
2206;Jay's Cabinet Company;2936 Arlington Ave.;18;"AZ""";Azerba?djan;33;"BW""";Botswana;18/01/2000 09:33;00:00.0;15147;97730.22
2207;Vanity Town;581 Hill St. Apt. 234;4;"DZ""";Alg?rie;25;"BE""";Belgique;08/11/1975 06:27;28:16.0;32918;41996.855
2208;Woodworks Co.;632 Florence Dr.;48;"KM""";Comores;37;"BF""";Burkina Faso;11/10/1996 03:13;26:40.0;57896;47154.098
2209;Highland Heights Gift Shop;355 Golf Rd.;44;"CL""";Chili;31;"BO""";Bolivie;24/02/1980 17:07;21:36.0;42520;62104.406
2210;Doll House Rock;38976 Forest View Rd.;33;"BW""";Botswana;26;"BZ""";Belize;25/11/1993 11:35;06:40.0;52280;62596.36
2211;Dean Barnett Furniture Repair;2632 Prarie Ln.;36;"BG""";Bulgarie;18;"AZ""";Azerba?djan;09/05/2002 11:13;46:40.0;45160;81584.99
2212;Hibop Heating and Air Conditio;1839 McCraren Rd.;11;"AN""";Antilles n?erlandaises;8;"AI""";Anguilla;08/12/1986 12:02;40:00.0;15092;55150.05
2213;Corbins, Rodriguez, & Savocchi;2224 Sherman Rd.;13;"AR""";Argentine;31;"BO""";Bolivie;18/03/2006 16:40;08:16.0;33624;1636.2808
2214;Masterlands Cleaning;1858 Balsam Way;8;"AI""";Anguilla;29;"BY""";Bi?lorussie;02/07/1994 15:40;40:00.0;15304;11696.833
2215;Schnitzer Denist College;1233 Arbor Rd.;26;"BZ""";Belize;18;"AZ""";Azerba?djan;31/03/2005 20:13;00:00.0;17018;87020.85
2216;Morgan Construction Co;1019 Deerfield Rd.;29;"BY""";Bi?lorussie;4;"DZ""";Alg?rie;15/09/2000 21:53;00:00.0;60608;25762.598
2217;Resnick DDS;425 Lake Ave.;46;"CY""";Chypre;48;"KM""";Comores;27/11/1972 08:13;33:20.0;34104;89810.945
2218;Schnitzer Denist College;1547 Knolwood Rd.;15;"AW""";Aruba;44;"CL""";Chili;20/10/1996 17:02;06:40.0;25400;40097.36
2219;Lake Shore Beaches;1954 First St.;35;"BN""";Brunei;33;"BW""";Botswana;16/08/2000 17:13;01:36.0;45442;36612.28
2220;American Apartments;1009 marvel Way;22;"BD""";Bangladesh;36;"BG""";Bulgarie;08/01/1986 00:15;53:20.0;95200;97300.23
2221;Acme Chemical Supply;368 Woodland Rd.;20;"BS""";Bahamas;11;"AN""";Antilles n?erlandaises;20/10/2004 20:20;14:56.0;13020;81834.79
2222;Innman Paint and Glass;1799 Rosemary Way;21;"BH""";Bahre?n;13;"AR""";Argentine;19/01/2003 09:08;20:00.0;78088;59857.56
2223;Air France;1270 Linden Ave.;2;"ZA""";Afrique du Sud;8;"AI""";Anguilla;19/11/1992 19:07;26:40.0;60096;76568.41
2224;Portugal, Liddy, & Son Ltd.;1535 Knollwood Drive;7;"AO""";Angola;26;"BZ""";Belize;23/11/1985 20:55;54:56.0;65188;18390.453
2225;Park District Of America;406 Trinity Ct.;1;"AF""";Afghanistan;29;"BY""";Bi?lorussie;05/08/1974 19:40;40:00.0;27532;31815.734
2226;American Apartments;865 Old Tall Tree Lane;19;"BJ""";B?nin;46;"CY""";Chypre;11/03/1986 21:20;13:20.0;77390;22993.828
2227;Acturial Enterprises Ltd.;231 Sheriden Rd.;20;"BS""";Bahamas;15;"AW""";Aruba;03/10/1985 23:42;14:56.0;25522;54014.254
2228;Facelift Kitchen and Bath;1859 Green Bay Rd.;39;"CI""";C?te d'Ivoire;35;"BN""";Brunei;13/10/1975 11:15;28:16.0;67568;58210.098
2229;Percy Photography;1858 Balsam Way;28;"BT""";Bhoutan;22;"BD""";Bangladesh;10/02/2001 10:13;34:56.0;39560;67144.35
2230;Highland Woods City Hall;12 Walker Ave.;43;"CV""";Cap-Vert;20;"BS""";Bahamas;04/11/1994 14:40;13:20.0;95183;33520.484
2231;Trapezoid Studios;844 Spruce St.;32;"BA""";Bosnie-Herz?govine;21;"BH""";Bahre?n;24/05/1992 18:08;40:00.0;8264;13204.5625
2232;John G. Hartling Ltd.;310 Walker Ave.;17;"AT""";Autriche;2;"ZA""";Afrique du Sud;29/08/2005 03:27;46:40.0;78420;68230.12
2233;Elle Hypnosis and Therapy Cent;210 Cresant Rd.;18;"AZ""";Azerba?djan;7;"AO""";Angola;30/01/1994 10:55;06:40.0;99257;55227.168
2234;Doerner's Awnings and Canopies;2045 St. johns Ave.;7;"AO""";Angola;1;"AF""";Afghanistan;16/01/2000 09:35;40:00.0;1307;54966.766
2235;Hibbard Road Suppliers;1575 Oakwood Ave.;21;"BH""";Bahre?n;19;"BJ""";B?nin;10/01/1983 15:20;40:00.0;83200;55346.49
2236;Dean Grant Buick and Crysler;929 Brittany Ave.;30;"MM""";Birmanie;20;"BS""";Bahamas;05/01/1974 06:40;26:40.0;6504;54628.93
2237;Lickmen Restoration;59 Cordon Terr.;41;"CM""";Cameroun;39;"CI""";C?te d'Ivoire;09/05/1986 13:55;00:00.0;6855;70618.85
2238;Lake Shore Publishing;770 Exmoor Rd.;47;"CO""";Colombie;28;"BT""";Bhoutan;26/03/1980 14:02;40:00.0;61485;42608.227
2239;Schnitzer Denist College;1795 Lake Cook Rd.;26;"BZ""";Belize;43;"CV""";Cap-Vert;01/05/2000 13:00;46:40.0;6925;80341.664
2240;Green Bay Travel Services;430 Oakland Drive;38;"BI""";Burundi;32;"BA""";Bosnie-Herz?govine;17/01/2000 23:20;40:00.0;79513;6968.648
2241;Mac Computer Warehouse;12 Walker Ave.;30;"MM""";Birmanie;17;"AT""";Autriche;11/06/1999 12:20;20:00.0;23878;90754.83
2242;Happ Aluminum Siding Co.;59 Cordon Terr.;19;"BJ""";B?nin;18;"AZ""";Azerba?djan;11/11/1993 23:20;48:16.0;82104;78910.91
2243;Darcy Frame and Matting Servic;511 Maple Ave.  Apt. 1B;42;"CA""";Canada;7;"AO""";Angola;26/11/2006 03:48;46:40.0;56480;2864.583
2244;Glassman & Stone;511 Maple Ave.  Apt. 1B;34;"BR""";Br?sil;21;"BH""";Bahre?n;04/05/1975 10:22;20:00.0;71880;56636.22
2245;Palmer Golf Supplies;43078 Kennedy Dr.;37;"BF""";Burkina Faso;30;"MM""";Birmanie;29/07/2003 12:35;08:16.0;48006;76250.89
2246;Marcy Elaine Bakery;2870 Skokie Rd.;1;"AF""";Afghanistan;41;"CM""";Cameroun;27/01/2004 04:55;28:16.0;83424;52510.246
2247;Derbin Contracting Services;3385 University Ave.;43;"CV""";Cap-Vert;47;"CO""";Colombie;11/12/1978 21:33;21:36.0;29016;33266.785
2248;Car Suite Cleaners;1949 Cloverdale Rd.;35;"BN""";Brunei;26;"BZ""";Belize;16/03/2000 09:47;08:16.0;71340;43238.797
2249;American Apartments;1882 St. Johns;11;"AN""";Antilles n?erlandaises;38;"BI""";Burundi;29/10/2000 06:13;14:56.0;80440;22655.053
2250;MedicServe Medical Supply;643 De Temple Rd.;42;"CA""";Canada;30;"MM""";Birmanie;07/03/2006 05:22;26:40.0;55290;28815.916
2251;Pasifico Inc.;505 N. Frances St.;17;"AT""";Autriche;19;"BJ""";B?nin;28/06/1986 00:47;08:16.0;71057;35232.504
2252;Hilco Auto Body;1155 Ridgewood Drive;44;"CL""";Chili;42;"CA""";Canada;29/11/2003 00:55;33:20.0;43920;61255.547
2253;Bill's Dive Shop;512 Hill;44;"CL""";Chili;34;"BR""";Br?sil;19/04/1971 09:07;40:00.0;38648;1416.402
2254;Lee Stairworks and Carpentry,;1770 first St.;1;"AF""";Afghanistan;37;"BF""";Burkina Faso;26/06/2000 02:20;20:00.0;29554;68920.17
2255;Corbins, Rodriguez, & Savocchi;3150 Skokie Valley Rd.;17;"AT""";Autriche;1;"AF""";Afghanistan;07/05/2006 23:40;26:40.0;38440;14903.931
2256;Parkway Auto Body;313 Grove Ave.;12;"SA""";Arabie saoudite;43;"CV""";Cap-Vert;07/01/2006 00:55;20:00.0;43806;48226.023
2257;Quad City Cleaning;242 Ashland Ave.;30;"MM""";Birmanie;35;"BN""";Brunei;17/03/1972 17:07;28:16.0;70982;94260.73
2258;Derbin Contracting Services;1660 Park Ave.;46;"CY""";Chypre;11;"AN""";Antilles n?erlandaises;21/12/1972 04:27;26:40.0;93494;21725.9
2259;Happ Aluminum Siding Co.;886 Yale Lane;27;"BM""";Bermudes;42;"CA""";Canada;22/03/1987 16:02;13:20.0;56040;5672.194
2260;Air India;465 Stratford Rd.;26;"BZ""";Belize;17;"AT""";Autriche;16/02/2005 19:33;40:00.0;61638;45208.652
2261;Pac Builders;225 Jeffrys Place;14;"AM""";Arm?nie;44;"CL""";Chili;13/11/2004 20:55;46:40.0;31788;93590.836
2262;K L Consulting;115 Judson Rd.;36;"BG""";Bulgarie;44;"CL""";Chili;29/03/1993 10:13;13:20.0;28564;17173.607
2263;First National Bank of Ottowa;456 Grossman Ln.;31;"BO""";Bolivie;1;"AF""";Afghanistan;08/01/2006 13:47;53:20.0;59392;97287.95
2264;Vanity Town;218 Oakridge Ave.;34;"BR""";Br?sil;17;"AT""";Autriche;17/04/2001 20:42;28:16.0;4250;49970.574
2265;Mac Computer Warehouse;266 Green Bay Rd.;37;"BF""";Burkina Faso;12;"SA""";Arabie saoudite;12/09/2002 22:48;40:00.0;11461;20672.127
2266;Schnitzer Denist College;2644 Princeton Ln.;15;"AW""";Aruba;30;"MM""";Birmanie;21/01/2001 21:33;40:00.0;62278;80792.77
2267;Corbins, Rodriguez, & Savocchi;2600 Winsor Mall;34;"BR""";Br?sil;46;"CY""";Chypre;14/07/2002 01:28;33:20.0;9436;86232.586
2268;Gilbert Co.;2632 Prarie Ln.;1;"AF""";Afghanistan;27;"BM""";Bermudes;06/01/2004 18:00;54:56.0;13620;3620.956
2269;Caranisco Homes;1882 St. Johns;43;"CV""";Cap-Vert;26;"BZ""";Belize;26/03/2001 09:47;20:00.0;30402;32240.945
2270;Jay's Cabinet Company;14836 W. River Oaks Dr.;18;"AZ""";Azerba?djan;14;"AM""";Arm?nie;03/03/1971 14:53;40:00.0;53558;30325.602
2271;Keyth Contracting and Repair;574 Chicago Ave.;5;"DE""";Allemagne;36;"BG""";Bulgarie;23/01/2001 11:20;28:16.0;70523;95000.89
2272;Lake Shore Beaches;1101 Deerfield Place;46;"CY""";Chypre;31;"BO""";Bolivie;16/02/1977 16:53;34:56.0;8574;98851.41
2273;Happ Aluminum Siding Co.;1949 Cloverdale Rd.;33;"BW""";Botswana;34;"BR""";Br?sil;22/06/1992 09:00;46:40.0;69360;72763.21
2274;AA Advertising;313 Grove Ave.;50;"KP""";Cor?e du Nord;37;"BF""";Burkina Faso;23/11/2003 15:07;53:20.0;4154;68910.63
2275;Highland Woods City Hall;614 green bay Rd.;6;"AD""";Andorre;15;"AW""";Aruba;23/01/2001 11:20;34:56.0;22523;68223.09
2276;Schnitzer Denist College;1770 first St.;48;"KM""";Comores;34;"BR""";Br?sil;04/03/1992 16:42;53:20.0;62060;55532.902
2277;Glenn Oaks Office Supplies;10 Marquette Rd.;39;"CI""";C?te d'Ivoire;1;"AF""";Afghanistan;29/04/2000 10:48;14:56.0;5032;78653.7
2278;American Apartments;1660 Park Ave.;33;"BW""";Botswana;43;"CV""";Cap-Vert;11/11/1982 10:53;13:20.0;71680;95696.57
2279;Hibbard Road Suppliers;5518 Madison St.;32;"BA""";Bosnie-Herz?govine;18;"AZ""";Azerba?djan;25/06/1971 02:07;46:40.0;10884;37708.418
2280;Lake Shore Beaches;1633 McGovern place;36;"BG""";Bulgarie;5;"DE""";Allemagne;20/12/1977 10:00;46:40.0;62398;64090.094
2281;Transformation Enterprises;581 Hill St. Apt. 234;11;"AN""";Antilles n?erlandaises;46;"CY""";Chypre;23/12/2000 17:07;53:20.0;51412;5776.623
2282;Lidhal design Corp.;3100 Trailer Way;7;"AO""";Angola;33;"BW""";Botswana;02/02/1992 10:42;54:56.0;30566;9928.054
2283;Johnson, Erico & Co CPA's;886 Yale Lane;28;"BT""";Bhoutan;50;"KP""";Cor?e du Nord;02/11/2001 08:13;53:20.0;9348;47654.395
2284;Eva Galler Galleries Inc.;1633 McGovern place;15;"AW""";Aruba;6;"AD""";Andorre;30/09/1993 15:40;00:00.0;80792;64791.945
2285;Libra & Sons;368 Woodland Rd.;11;"AN""";Antilles n?erlandaises;48;"KM""";Comores;30/12/1987 01:48;14:56.0;19472;23630.256
2286;American Deli Workers Union;3150 Skokie Valley Rd.;36;"BG""";Bulgarie;39;"CI""";C?te d'Ivoire;21/06/1974 16:20;14:56.0;6668;63084.598
2287;Derbin Contracting Services;244 Briar Ln;19;"BJ""";B?nin;33;"BW""";Botswana;06/02/1994 09:35;13:20.0;27825;38935.71
2288;Marks, Marks, and Kaplan Ltd.;3150 Skokie Valley Rd.;8;"AI""";Anguilla;32;"BA""";Bosnie-Herz?govine;16/07/1985 12:07;40:00.0;29320;44204.25
2289;Moveit Motercycle Service;1949 Cloverdale Rd.;49;"CG""";Congo;36;"BG""";Bulgarie;28/12/1970 19:20;00:00.0;73500;45286.535
2290;Trapezoid Studios;2220 Grant Blvd.;29;"BY""";Bi?lorussie;11;"AN""";Antilles n?erlandaises;17/05/1970 22:22;48:16.0;97194;95968.74
2291;Darcy Frame and Matting Servic;218 Oakridge Ave.;42;"CA""";Canada;7;"AO""";Angola;11/11/2004 13:22;48:16.0;62240;2111.5266
2292;Marcy Elaine Bakery;3062 Lindenwood Ln.;17;"AT""";Autriche;28;"BT""";Bhoutan;14/03/2006 04:02;00:00.0;40400;59454.938
2293;Masterlands Cleaning;12 Skokie Valley Rd.;19;"BJ""";B?nin;15;"AW""";Aruba;18/11/2002 08:02;46:40.0;44648;44187.293
2294;Nitelites Party Rental;220 Vine Ave.;20;"BS""";Bahamas;11;"AN""";Antilles n?erlandaises;01/11/1980 20:53;54:56.0;13970;55802.66
2295;Vecot Inc.;77 Blackhawk Rd;48;"KM""";Comores;36;"BG""";Bulgarie;19/03/1974 12:15;21:36.0;3307;50342.117
2296;Parties Galore Golf Course;59 Cordon Terr.;8;"AI""";Anguilla;19;"BJ""";B?nin;04/02/2004 13:07;40:00.0;5206;1452.6594
2297;First National Bank of Ottowa;1185 County line Rd.;3;"AL""";Albanie;8;"AI""";Anguilla;01/01/2001 11:33;26:40.0;33704;54080.617
2298;Parties Galore Golf Course;511 Hill;43;"CV""";Cap-Vert;49;"CG""";Congo;27/06/2005 04:20;14:56.0;3925;47955.297
2299;North Park Lighting Galleries;1450 Harding Ave.;37;"BF""";Burkina Faso;29;"BY""";Bi?lorussie;13/06/2001 03:40;06:40.0;72815;13165.092
2300;Ampro Office Team Ltd.;872 Virginia Rd.;22;"BD""";Bangladesh;42;"CA""";Canada;29/01/2007 19:47;46:40.0;56272;31494.893
2301;Camp Oconomowoc;12 Walker Ave.;49;"CG""";Congo;17;"AT""";Autriche;22/09/1974 17:40;46:40.0;1140;40800.426
2302;Meonits & Mogogni Inc.;643 De Temple Rd.;31;"BO""";Bolivie;19;"BJ""";B?nin;05/07/2000 08:33;26:40.0;55444;97086.84
2303;Jay's Cabinet Company;632 Roger Williams;36;"BG""";Bulgarie;20;"BS""";Bahamas;12/07/2005 21:27;13:20.0;22238;78174.5
2304;Vecot Inc.;5518 Madison St.;15;"AW""";Aruba;48;"KM""";Comores;04/01/2003 11:08;06:40.0;83459;47325.223
2305;Gourmet the Frog;2678 Sheridan Rd.;49;"CG""";Congo;8;"AI""";Anguilla;11/12/1996 18:02;20:00.0;38100;19576.773
2306;Portugal, Liddy, & Son Ltd.;1949 Cloverdale Rd.;11;"AN""";Antilles n?erlandaises;3;"AL""";Albanie;06/06/1971 04:35;28:16.0;12974;98972.28
2307;Yale Remins Temp Agency;456 Grossman Ln.;30;"MM""";Birmanie;43;"CV""";Cap-Vert;08/10/2006 14:08;00:00.0;27584;28814.193
2308;Smith Communications Inc.;218 Oakridge Ave.;12;"SA""";Arabie saoudite;37;"BF""";Burkina Faso;08/10/1987 15:00;46:40.0;20171;72782.734
2309;Venturi Discount Drugs;2644 Princeton Ln.;37;"BF""";Burkina Faso;22;"BD""";Bangladesh;30/04/1986 07:42;00:00.0;7285;41080.684
2310;Lake Shore Publishing;807 Old Trail Rd.;24;"PW""";Belau;49;"CG""";Congo;18/04/1980 17:35;46:40.0;95495;73735.83
2311;Kosmo Consulting;970 Vilas Circle;8;"AI""";Anguilla;31;"BO""";Bolivie;18/06/2003 02:33;40:00.0;33804;66120.81
2312;Dean Barnett Furniture Repair;2220 Grant Blvd.;4;"DZ""";Alg?rie;36;"BG""";Bulgarie;02/05/2005 05:55;01:36.0;47582;5340.246
2313;Loyal Order of Buffalo;21 Lakeview Terrace #2312;16;"AU""";Australie;15;"AW""";Aruba;29/03/1983 23:08;14:56.0;11897;75375.625
2314;Transformation Enterprises;59 Cordon Terr.;46;"CY""";Chypre;49;"CG""";Congo;17/09/2002 23:00;00:00.0;94250;82163.9
2315;Green Bay Travel Services;632 Roger Williams;4;"DZ""";Alg?rie;11;"AN""";Antilles n?erlandaises;28/04/2002 14:20;01:36.0;43085;50525.977
2316;Air Mexico;1486 Old Deerfield Rd.;48;"KM""";Comores;30;"MM""";Birmanie;02/01/2006 18:53;53:20.0;27391;68675.016
2317;Venturi Discount Drugs;368 Woodland Rd.;15;"AW""";Aruba;12;"SA""";Arabie saoudite;19/11/1970 22:00;21:36.0;10566;42872.855
2318;Tub's Furniture Store;929 Brittany Ave.;24;"PW""";Belau;37;"BF""";Burkina Faso;25/01/1993 22:13;26:40.0;49726;74452.695
2319;Highland Woods City Hall;581 Hill St. Apt. 234;34;"BR""";Br?sil;24;"PW""";Belau;14/05/1972 15:00;48:16.0;9716;29291.285
2320;janice Mann Accounting Service;511 Maple Ave.  Apt. 1B;33;"BW""";Botswana;8;"AI""";Anguilla;09/06/1978 01:27;54:56.0;18381;3900.8489
2321;Glassman & Stone;38976 Forest View Rd.;28;"BT""";Bhoutan;4;"DZ""";Alg?rie;13/08/1983 06:20;40:00.0;93568;72351.82
2322;Nitelites Party Rental;618 Sheriden rd.;34;"BR""";Br?sil;16;"AU""";Australie;12/04/1985 13:20;46:40.0;94152;38614.79
2323;New Dehli Auto Exchange;302-A Crestwood Village Rd.;41;"CM""";Cameroun;46;"CY""";Chypre;09/06/1974 09:53;00:00.0;61160;87122.96
2324;Gordon & Son Brockerage Ltd.;456 Grossman Ln.;16;"AU""";Australie;4;"DZ""";Alg?rie;02/05/2006 23:28;14:56.0;40164;80948.19
2325;Highland Lanes;5518 Madison St.;22;"BD""";Bangladesh;48;"KM""";Comores;15/12/2000 03:33;54:56.0;79567;95556.09
2326;P K M Packaging Supply;1875 Roger Williams Ave.;44;"CL""";Chili;15;"AW""";Aruba;21/10/1999 11:00;48:16.0;53616;16528.695
2327;Hibbard Road Suppliers;886 Yale Lane;32;"BA""";Bosnie-Herz?govine;24;"PW""";Belau;15/12/1982 00:27;14:56.0;26800;7430.693
2328;BBQ Smith's Tex Mex;245 Oakridge Ave.;20;"BS""";Bahamas;34;"BR""";Br?sil;05/12/2005 11:33;13:20.0;66312;5153.6504
2329;Innman Paint and Glass;1535 Knollwood Drive;7;"AO""";Angola;33;"BW""";Botswana;21/11/2005 03:07;20:00.0;48750;6104.9976
2330;Hart Corporation;3148 cottonwood Ct.;20;"BS""";Bahamas;28;"BT""";Bhoutan;16/02/1986 17:47;40:00.0;31350;29894.977
2331;Cosmo Skin Care Center;35 Glenlake Dr.;13;"AR""";Argentine;34;"BR""";Br?sil;10/01/1997 01:33;20:00.0;22533;60010.473
2332;Darcy Frame and Matting Servic;244 Briar Ln;16;"AU""";Australie;41;"CM""";Cameroun;07/09/2003 21:42;28:16.0;98190;50397.65
2333;First National Bank of Ottowa;43078 Kennedy Dr.;26;"BZ""";Belize;16;"AU""";Australie;23/09/1986 03:42;08:16.0;81873;57676.324
2334;Nel Video Productions;12 Broadview Lane;1;"AF""";Afghanistan;22;"BD""";Bangladesh;17/02/1994 04:40;34:56.0;16864;33340.44
2335;Vanity Town;600 Central Ave.;23;"BB""";Barbade;44;"CL""";Chili;21/08/2004 10:08;34:56.0;2300;8120.5195
2336;Marks, Marks, and Kaplan Ltd.;1920 Sunnyside Ave.;48;"KM""";Comores;32;"BA""";Bosnie-Herz?govine;14/06/1987 21:13;53:20.0;44240;39260.496
2337;Lennox Air Pollution Control;313 Grove Ave.;7;"AO""";Angola;20;"BS""";Bahamas;23/09/1990 15:27;46:40.0;35700;16780.367
2338;Percy Photography;1975 elmwood Circle;15;"AW""";Aruba;7;"AO""";Angola;09/05/1972 12:47;46:40.0;68743;36796.84
2339;Metro Appliance Service;5518 Madison St.;41;"CM""";Cameroun;20;"BS""";Bahamas;24/06/2005 09:00;20:00.0;19721;73437.73
2340;Keyth Contracting and Repair;581 Hill St. Apt. 234;1;"AF""";Afghanistan;13;"AR""";Argentine;14/03/2000 02:13;53:20.0;46225;63514.2
2341;BBQ Smith's Tex Mex;3062 Lindenwood Ln.;20;"BS""";Bahamas;16;"AU""";Australie;04/05/1986 15:13;06:40.0;23168;5124.79
2343;Glenn Oaks Office Supplies;1287 Glencoe Ave.;27;"BM""";Bermudes;1;"AF""";Afghanistan;22/09/2003 22:48;26:40.0;70648;1240.737
2344;DBN Bank;3487 Green Bay Rd.;44;"CL""";Chili;23;"BB""";Barbade;18/08/1989 08:08;54:56.0;25018;36348.97
2345;Cotton Thumb Ltd.;12 Skokie Valley Rd.;27;"BM""";Bermudes;48;"KM""";Comores;16/12/2001 07:47;34:56.0;69543;24178.713
2346;North West Gas Co.;1575 Oak Ave.  Apt. 2C;2;"ZA""";Afrique du Sud;7;"AO""";Angola;01/07/1998 14:33;14:56.0;24876;43312.438
2347;Perimeter Security Consultants;42 Valley Rd.;17;"AT""";Autriche;15;"AW""";Aruba;07/08/2005 03:40;40:00.0;41404;75205.766
2348;Maintence Services of Maine;3148 cottonwood Ct.;41;"CM""";Cameroun;41;"CM""";Cameroun;17/08/1975 10:33;54:56.0;99140;10516.5
2349;American Deli Workers Union;313 Grove Ave.;48;"KM""";Comores;1;"AF""";Afghanistan;07/10/1980 10:47;28:16.0;20192;90842.66
2350;Parkway Auto Body;629 Kincaid Ave.;2;"ZA""";Afrique du Sud;20;"BS""";Bahamas;13/08/2001 23:02;13:20.0;1978;79900.88
2351;Bee Line Publishing;1482 Concorde Circle;47;"CO""";Colombie;10;"AG""";Antigua-et-Barbuda;30/07/1990 09:42;53:20.0;99047;41198.64
2352;Percy Photography;1920 Sunnyside Ave.;4;"DZ""";Alg?rie;27;"BM""";Bermudes;20/03/1972 00:40;21:36.0;85446;93856.64
2353;Truck-X Muffler Repair;1750 Lily Court;45;"CN""";Chine;44;"CL""";Chili;03/12/1987 10:55;00:00.0;36150;9286.093
2354;Lidhal design Corp.;225 Jeffrys Place;40;"KH""";Cambodge;27;"BM""";Bermudes;18/10/1972 13:40;00:00.0;72301;55303.137
2355;Griffith Paving and Sealcoatin;310 Walker Ave.;15;"AW""";Aruba;2;"ZA""";Afrique du Sud;20/02/1989 17:47;28:16.0;31624;77186.16
2356;Energy Source Diet Centers;3150 Skokie Valley Rd.;6;"AD""";Andorre;17;"AT""";Autriche;14/03/1990 07:33;26:40.0;88993;21750.21
2357;Jay's Cabinet Company;512 Hill;24;"PW""";Belau;41;"CM""";Cameroun;08/10/1994 08:07;21:36.0;2860;52336.855
2358;First National Bank of Ottowa;12 Craven Way;30;"MM""";Birmanie;48;"KM""";Comores;07/01/2004 18:27;40:00.0;85448;96047.266
2359;Gourmet the Frog;368 Woodland Rd.;3;"AL""";Albanie;2;"ZA""";Afrique du Sud;12/06/2002 17:40;40:00.0;74355;21866.48
2360;DBN Bank;886 Yale Lane;19;"BJ""";B?nin;47;"CO""";Colombie;23/07/2003 23:40;20:00.0;6660;21660.523
2361;Bee Line Publishing;5518 Madison St.;38;"BI""";Burundi;4;"DZ""";Alg?rie;19/08/1992 22:33;08:16.0;29284;75680.8
2362;Nirabi Auto Service;266 Green Bay Rd.;26;"BZ""";Belize;45;"CN""";Chine;07/11/2000 12:55;48:16.0;33028;10316.759
2363;Rythmics Ltd.;43078 Kennedy Dr.;14;"AM""";Arm?nie;40;"KH""";Cambodge;02/04/1992 07:33;06:40.0;3365;65318.652
2364;Got It All Electronics Supply;1715 Chicago Ave.;25;"BE""";Belgique;15;"AW""";Aruba;05/09/1975 06:35;08:16.0;92065;43216.848
2365;Ebert Music Center;310 Walker Ave.;8;"AI""";Anguilla;6;"AD""";Andorre;30/05/1975 06:33;06:40.0;13533;44142.45
2366;Cradle the Call;4522 N. Greenview Apt. 1B;6;"AD""";Andorre;24;"PW""";Belau;09/11/1971 18:40;26:40.0;65408;32128.604
2367;Pasifico Inc.;899 Harvard Ct;20;"BS""";Bahamas;30;"MM""";Birmanie;10/09/2000 16:33;48:16.0;20576;17845.21
2368;Palmer Golf Supplies;115 Judson Rd.;13;"AR""";Argentine;3;"AL""";Albanie;19/12/1985 17:07;21:36.0;62798;86850.07
2369;Marcy Elaine Bakery;1907 S. Prospect Ave.;38;"BI""";Burundi;19;"BJ""";B?nin;16/01/2002 00:00;46:40.0;75600;54625.04
2370;Myers Chocolates and Confectio;1450 Harding Ave.;45;"CN""";Chine;38;"BI""";Burundi;22/05/2003 11:40;13:20.0;52953;76956.414
2371;Transformation Enterprises;12 Fort Sheriden Ave.;14;"AM""";Arm?nie;26;"BZ""";Belize;29/09/2000 19:13;48:16.0;54808;46190.95
2372;First National Bank of Ottowa;406 Trinity Ct.;14;"AM""";Arm?nie;14;"AM""";Arm?nie;11/12/1971 11:47;20:00.0;64817;37234.16
2373;Innman Paint and Glass;2267 Anderson Lane;24;"PW""";Belau;25;"BE""";Belgique;16/05/1989 14:08;40:00.0;34800;69791.64
2374;Air Guatamala;38976 Forest View Rd.;32;"BA""";Bosnie-Herz?govine;8;"AI""";Anguilla;11/09/2003 21:13;28:16.0;14552;83067.45
2375;Meonits & Mogogni Inc.;245 Oakridge Ave.;36;"BG""";Bulgarie;6;"AD""";Andorre;10/11/1994 09:33;33:20.0;2036;88088.22
2376;American Deli Workers Union;1482 Concorde Circle;25;"BE""";Belgique;20;"BS""";Bahamas;10/03/1992 11:35;20:00.0;71110;83162.64
2377;Green Bay Travel Services;120 high St.;14;"AM""";Arm?nie;13;"AR""";Argentine;07/11/1986 15:07;53:20.0;62842;6334.1206
2378;AA Advertising;5518 Madison St.;30;"MM""";Birmanie;38;"BI""";Burundi;03/08/2000 21:27;26:40.0;8852;84692.97
2379;Froggy's Gourmet Catering;135 Lakewood place;12;"SA""";Arabie saoudite;45;"CN""";Chine;10/02/1970 19:48;00:00.0;29122;71482.46
2380;Green Shoes Corp.;310 Walker Ave.;44;"CL""";Chili;14;"AM""";Arm?nie;05/01/1980 06:00;14:56.0;44357;12384.131
2381;Tub's Furniture Store;1486 Oakwood;11;"AN""";Antilles n?erlandaises;14;"AM""";Arm?nie;09/03/2005 23:08;53:20.0;59925;49826.605
2382;Smith Communications Inc.;334 Lynn Terrace;39;"CI""";C?te d'Ivoire;24;"PW""";Belau;07/06/1993 14:33;40:00.0;28006;44764.32
2383;Block Boats and Lures;218 Oakridge Ave.;6;"AD""";Andorre;32;"BA""";Bosnie-Herz?govine;27/01/1997 21:20;46:40.0;24480;39567.812
2384;Car Suite Cleaners;785 Highland place;37;"BF""";Burkina Faso;36;"BG""";Bulgarie;02/09/1972 17:40;46:40.0;68026;16021.08
2385;Happ Aluminum Siding Co.;38976 Forest View Rd.;15;"AW""";Aruba;25;"BE""";Belgique;16/09/1994 15:55;33:20.0;12040;99948.19
2386;Moveit Motercycle Service;3478 Bryn Mawr St.;35;"BN""";Brunei;14;"AM""";Arm?nie;20/08/1990 14:47;33:20.0;23365;39044.09
2387;BBQ Smith's Tex Mex;120 high St.;35;"BN""";Brunei;30;"MM""";Birmanie;07/11/2002 20:13;46:40.0;21760;1638.3276
2388;Schnitzer Denist College;10 Marquette Rd.;17;"AT""";Autriche;12;"SA""";Arabie saoudite;19/01/1970 01:20;13:20.0;60464;13730.091
2389;Transformation Enterprises;3487 Green Bay Rd.;16;"AU""";Australie;44;"CL""";Chili;19/03/1998 09:33;08:16.0;56908;58550.195
2390;Energy Source Diet Centers;1126 Hillcrest Ave;12;"SA""";Arabie saoudite;11;"AN""";Antilles n?erlandaises;29/11/1982 14:15;13:20.0;59431;14960.274
2391;Corbins, Rodriguez, & Savocchi;406 Trinity Ct.;4;"DZ""";Alg?rie;39;"CI""";C?te d'Ivoire;04/05/1998 17:40;06:40.0;90118;3576.953
2392;Transformation Enterprises;746 Judson Place;36;"BG""";Bulgarie;6;"AD""";Andorre;23/03/2000 13:35;53:20.0;50426;62550.88
2393;Elm Place Business Supplies;12 Broadview Lane;33;"BW""";Botswana;37;"BF""";Burkina Faso;17/07/2000 03:13;34:56.0;94800;81696.12
2394;Maintence Services of Maine;4763 Blackhawk Rd.;31;"BO""";Bolivie;15;"AW""";Aruba;02/04/1989 23:40;28:16.0;84092;25352.785
2395;Maintence Services of Maine;2032 Northbrook Ct.;16;"AU""";Australie;35;"BN""";Brunei;07/09/1977 18:07;53:20.0;11759;45400.44
2396;Glenwood Credit Union;1535 Knollwood Drive;33;"BW""";Botswana;35;"BN""";Brunei;05/11/1977 17:47;06:40.0;45576;24933.305
2397;Loyal Order of Buffalo;1270 Linden Ave.;43;"CV""";Cap-Vert;17;"AT""";Autriche;21/03/1987 04:40;33:20.0;2016;22332.215
2398;Camp Stuff;54 Lakeview Terrace;8;"AI""";Anguilla;16;"AU""";Australie;08/11/1999 22:27;41:36.0;58643;56248.84
2399;Doerner's Awnings and Canopies;115 Pleasent Ave.;12;"SA""";Arabie saoudite;12;"SA""";Arabie saoudite;26/02/1996 18:40;01:36.0;3972;58650.043
2400;Mergenthaler Inc.;3478 Bryn Mawr St.;4;"DZ""";Alg?rie;4;"DZ""";Alg?rie;13/09/1982 11:13;41:36.0;63485;84096.016
2401;Futoons Cartoons Emporium;1858 Balsam Way;38;"BI""";Burundi;36;"BG""";Bulgarie;12/10/2006 00:22;06:40.0;70608;73242.39
2402;Woodworks Co.;673 Calais Drive;46;"CY""";Chypre;33;"BW""";Botswana;04/05/2004 11:42;33:20.0;18760;24002.938
2403;Got It All Electronics Supply;139 Bay Colony Dr.;35;"BN""";Brunei;31;"BO""";Bolivie;29/12/2004 20:27;46:40.0;43025;63438.69
2404;Deer Lake Inn;313 Grove Ave.;47;"CO""";Colombie;16;"AU""";Australie;07/10/1970 07:02;34:56.0;17670;4529.6973
2405;PGS Associates;334 Lynn Terrace;31;"BO""";Bolivie;33;"BW""";Botswana;22/02/2006 12:55;40:00.0;65636;74038.7
2406;BBQ Smith's Tex Mex;1875 Roger Williams Ave.;36;"BG""";Bulgarie;43;"CV""";Cap-Vert;14/05/1992 08:08;34:56.0;10000;38040.65
2407;Schmidt Denists;1858 Balsam Way;8;"AI""";Anguilla;8;"AI""";Anguilla;10/03/2000 12:27;46:40.0;23358;68304.055
2408;Venturi Discount Drugs;3385 University Ave.;15;"AW""";Aruba;12;"SA""";Arabie saoudite;12/09/2004 02:20;46:40.0;34758;69460.27
2409;Kermit the Pet Shop;969 Saxony Drive;11;"AN""";Antilles n?erlandaises;4;"DZ""";Alg?rie;21/10/1974 05:00;40:00.0;92156;54736.582
2410;Glassman & Stone;1875 Roger Williams Ave.;17;"AT""";Autriche;38;"BI""";Burundi;25/11/1986 18:28;54:56.0;10083;91835.91
2411;Griffith Paving and Sealcoatin;3100 Trailer Way;26;"BZ""";Belize;46;"CY""";Chypre;15/09/2002 17:15;08:16.0;54698;78374.664
2412;Bernhardt Ltd.;2045 St. johns Ave.;27;"BM""";Bermudes;35;"BN""";Brunei;07/07/1992 17:42;33:20.0;60795;68088.945
2413;Nina's Snow Plowing;2479 Woodridge Drive;24;"PW""";Belau;47;"CO""";Colombie;28/11/1992 05:08;26:40.0;19408;27208.473
2414;Masterlands Cleaning;574 Chicago Ave.;47;"CO""";Colombie;31;"BO""";Bolivie;28/03/2005 04:00;01:36.0;68604;97912.836
2415;Parkway Auto Body;3148 cottonwood Ct.;19;"BJ""";B?nin;36;"BG""";Bulgarie;24/03/1978 04:00;28:16.0;52160;79050.22
2416;Arthur M. Feildberg Galleries;937 Judson Ave.;35;"BN""";Brunei;8;"AI""";Anguilla;22/02/1977 22:53;48:16.0;92954;40928.027
2417;Lennox Air Pollution Control;581 Hill St. Apt. 234;50;"KP""";Cor?e du Nord;15;"AW""";Aruba;16/06/1971 14:35;00:00.0;90120;48694.227
2418;Masterlands Cleaning;654 Walnut Rd.;45;"CN""";Chine;11;"AN""";Antilles n?erlandaises;11/04/2000 17:33;34:56.0;2004;60000.316
2419;Futoons Cartoons Emporium;218 Oakridge Ave.;15;"AW""";Aruba;17;"AT""";Autriche;21/12/1994 08:53;00:00.0;28720;57271.62
2420;Pasifico Inc.;750 Homewood Ave.;42;"CA""";Canada;26;"BZ""";Belize;30/09/2003 00:35;06:40.0;78660;40706.88
2421;Dean Barnett Furniture Repair;77 Blackhawk Rd;41;"CM""";Cameroun;27;"BM""";Bermudes;09/04/2006 13:27;40:00.0;63983;24840.818
2422;Brand Y Creative Services;42 Valley Rd.;23;"BB""";Barbade;24;"PW""";Belau;28/01/1980 17:08;46:40.0;56587;91305.05
2423;Yale Remins Temp Agency;1715 Chicago Ave.;41;"CM""";Cameroun;47;"CO""";Colombie;03/07/1982 00:20;53:20.0;1760;99286.15
2424;Highland Heights Gift Shop;22 Clay rd.;47;"CO""";Colombie;19;"BJ""";B?nin;03/02/2000 15:20;46:40.0;56768;55654.34
2425;George Lee Antiques;1233 Arbor Rd.;25;"BE""";Belgique;35;"BN""";Brunei;31/10/2002 04:40;13:20.0;62064;25546.975
2426;Innman Paint and Glass;425 Lake Ave.;42;"CA""";Canada;50;"KP""";Cor?e du Nord;14/09/1978 23:27;54:56.0;74891;3544.2498
2427;Ebert Music Center;1486 Oakwood;26;"BZ""";Belize;45;"CN""";Chine;09/01/1983 22:40;33:20.0;85160;77376.6
2428;Dependable Plumbing and Sewer;1633 McGovern place;23;"BB""";Barbade;15;"AW""";Aruba;17/03/2007 02:53;40:00.0;12150;57494.984
2429;Maintence Services of Maine;5518 Madison St.;3;"AL""";Albanie;42;"CA""";Canada;17/03/1990 07:47;34:56.0;88161;87595.36
2430;Sigman and Freud Psychiatry;643 De Temple Rd.;26;"BZ""";Belize;41;"CM""";Cameroun;29/03/2002 22:00;53:20.0;97384;23204.617
2431;Kermit the Pet Shop;2479 Woodridge Drive;42;"CA""";Canada;23;"BB""";Barbade;25/05/1975 06:22;14:56.0;90824;40848.36
2432;Chicagoland Cleaners;1633 McGovern place;33;"BW""";Botswana;41;"CM""";Cameroun;29/01/2000 21:47;26:40.0;20254;45827.49
2433;Bernhardt Ltd.;770 Exmoor Rd.;43;"CV""";Cap-Vert;47;"CO""";Colombie;23/04/2005 15:42;00:00.0;83686;51240.38
2434;Jay's Cabinet Company;3160 Summit Ave.;17;"AT""";Autriche;25;"BE""";Belgique;21/10/1978 15:15;06:40.0;6356;51600.94
2435;Doll House Rock;671 Blackstone Ave.;46;"CY""";Chypre;42;"CA""";Canada;18/10/2001 11:13;01:36.0;21199;29080.703
2436;Parties Galore Golf Course;1101 Deerfield Place;45;"CN""";Chine;26;"BZ""";Belize;17/01/1972 12:40;26:40.0;76704;8433.402
2437;Kosmo Consulting;220 Vine Ave.;40;"KH""";Cambodge;23;"BB""";Barbade;29/09/1993 00:47;28:16.0;65656;74152.1
2438;Mac Computer Warehouse;854 Woodbine;36;"BG""";Bulgarie;3;"AL""";Albanie;15/04/2004 06:53;34:56.0;86115;92663.83
2439;Facelift Kitchen and Bath;225 Jeffrys Place;45;"CN""";Chine;26;"BZ""";Belize;26/08/1994 01:13;40:00.0;99072;34706.45
2440;Glenwood Credit Union;225 Jeffrys Place;31;"BO""";Bolivie;42;"CA""";Canada;25/01/1994 12:13;53:20.0;86506;60540.285
2441;Air France;241 Callan Rd.;36;"BG""";Bulgarie;33;"BW""";Botswana;29/09/1989 00:08;41:36.0;95397;3438.0803
2442;Dean Grant Buick and Crysler;1547 Vine;4;"DZ""";Alg?rie;43;"CV""";Cap-Vert;07/11/2004 07:20;41:36.0;67536;86412.27
2443;First National Bank of Ottowa;1155 Ridgewood Drive;29;"BY""";Bi?lorussie;17;"AT""";Autriche;26/05/2001 23:28;28:16.0;80780;2500.223
2444;Air Guatamala;854 Woodbine;14;"AM""";Arm?nie;46;"CY""";Chypre;24/08/2000 22:07;41:36.0;4560;88192.516
2445;Ebert Music Center;3181 Barkwood Ct.;13;"AR""";Argentine;45;"CN""";Chine;15/03/2000 20:13;33:20.0;45096;64267.934
2446;Garfield Appliance Service;1954 First St.;16;"AU""";Australie;40;"KH""";Cambodge;03/04/2000 04:00;06:40.0;84832;93151.305
2447;Kermit the Pet Shop;231 Sheriden Rd.;32;"BA""";Bosnie-Herz?govine;36;"BG""";Bulgarie;21/07/2006 20:08;34:56.0;42605;91332.31
2448;Dapper's Antiques;3150 Skokie Valley Rd.;9;"AQ""";Antarctique;45;"CN""";Chine;28/02/1975 22:53;20:00.0;83358;17642.854
2449;Glassman & Stone;1009 marvel Way;24;"PW""";Belau;31;"BO""";Bolivie;17/02/2005 19:08;13:20.0;49954;50744.164
2450;Nyman Interior Design;1337 Cavell Ave.;17;"AT""";Autriche;36;"BG""";Bulgarie;02/05/2004 04:08;46:40.0;50079;72862.46
2451;Derbin Contracting Services;225 Jeffrys Place;43;"CV""";Cap-Vert;4;"DZ""";Alg?rie;09/02/1980 06:55;06:40.0;32804;32448.889
2452;Hardee Woodwork Ltd.;43078 Kennedy Dr.;31;"BO""";Bolivie;29;"BY""";Bi?lorussie;27/02/1983 02:13;40:00.0;2299;52865.17
2453;Childress Child Day Care;632 Florence Dr.;5;"DE""";Allemagne;14;"AM""";Arm?nie;26/09/1971 11:02;48:16.0;8968;14560.533
2454;Highland Lanes;4467 Sheridan Rd.;33;"BW""";Botswana;13;"AR""";Argentine;28/04/2002 16:08;00:00.0;2776;57283.727
2455;Nel Video Productions;1799 Rosemary Way;6;"AD""";Andorre;16;"AU""";Australie;26/09/2000 05:27;20:00.0;9876;54192.832
2456;George Lee Antiques;433 Burton Ave.;16;"AU""";Australie;32;"BA""";Bosnie-Herz?govine;29/08/2000 19:40;00:00.0;88520;51804.16
2457;Flinn Mosquito and Pest Contro;746 Judson Place;13;"AR""";Argentine;9;"AQ""";Antarctique;16/03/1986 12:27;40:00.0;52680;43631.5
2458;Morgan Construction Co;2224 Sherman Rd.;5;"DE""";Allemagne;24;"PW""";Belau;28/06/2003 06:35;34:56.0;9666;35512.65
2459;Caranisco Homes;1858 Balsam Way;30;"MM""";Birmanie;17;"AT""";Autriche;30/12/2005 11:33;14:56.0;67335;26880.12
2460;Got It All Electronics Supply;210 Cresant Rd.;44;"CL""";Chili;43;"CV""";Cap-Vert;22/11/1978 16:27;28:16.0;69642;74030.7
2461;Funnyface Amusement Games;1077 Court Ave.;4;"DZ""";Alg?rie;31;"BO""";Bolivie;25/01/1975 05:33;14:56.0;44642;19578.264
2462;Ernie's Foriegn Car Service;225 Jeffrys Place;11;"AN""";Antilles n?erlandaises;5;"DE""";Allemagne;03/12/1971 16:55;40:00.0;35304;90299.1
2463;New Dehli Auto Exchange;302-A Crestwood Village Rd.;30;"MM""";Birmanie;33;"BW""";Botswana;24/02/2005 17:48;20:00.0;2480;64930.633
2464;Sigman and Freud Psychiatry;550 Sheridan;16;"AU""";Australie;6;"AD""";Andorre;15/09/2007 15:42;33:20.0;16784;9532.242
2465;Doll House Rock;3148 cottonwood Ct.;26;"BZ""";Belize;16;"AU""";Australie;21/07/2001 12:48;33:20.0;85322;30464.918
2466;Salt & Pepper Catering Service;1831 Beverly Place #9D;41;"CM""";Cameroun;13;"AR""";Argentine;23/09/2006 22:07;06:40.0;69500;43146.473
2467;Quad City Cleaning;218 Oakridge Ave.;23;"BB""";Barbade;5;"DE""";Allemagne;16/08/1983 17:40;40:00.0;37137;82250.66
2468;Nina's Snow Plowing;430 Oakland Drive;8;"AI""";Anguilla;30;"MM""";Birmanie;04/03/2004 05:48;13:20.0;59568;48163.156
2469;Camp Stuff;643 De Temple Rd.;31;"BO""";Bolivie;44;"CL""";Chili;09/10/2000 20:08;53:20.0;70424;9456.109
2470;Hardee Woodwork Ltd.;430 Oakland Drive;24;"PW""";Belau;4;"DZ""";Alg?rie;29/05/1983 13:40;00:00.0;59680;39090.15
2471;Lidhal design Corp.;456 Groverland Ave.;28;"BT""";Bhoutan;11;"AN""";Antilles n?erlandaises;19/06/1982 10:35;41:36.0;11294;58052.258
2472;Got It All Electronics Supply;120 high St.;1;"AF""";Afghanistan;30;"MM""";Birmanie;07/05/1982 14:48;14:56.0;58395;4400.77
2473;Keep Cool Air Conditioner Repa;465 Stratford Rd.;35;"BN""";Brunei;16;"AU""";Australie;11/03/2005 00:13;46:40.0;25496;22026.713
2474;DBN Bank;1287 Glencoe Ave.;5;"DE""";Allemagne;26;"BZ""";Belize;17/06/1977 13:53;00:00.0;44250;32356.727
2475;Ebert Music Center;1715 Chicago Ave.;6;"AD""";Andorre;41;"CM""";Cameroun;23/03/2002 18:02;46:40.0;30312;98450.1
2476;AAA Daniels Antiques;3148 cottonwood Ct.;45;"CN""";Chine;23;"BB""";Barbade;30/04/2006 17:02;26:40.0;8993;40672.113
2477;Lutz Soft Cloth Car Wash;1975 elmwood Circle;46;"CY""";Chypre;8;"AI""";Anguilla;26/04/2004 20:40;13:20.0;91927;9750.051
2478;Smith & Wesson Militia;22 Clay rd.;14;"AM""";Arm?nie;31;"BO""";Bolivie;17/12/2002 04:40;14:56.0;54519;64517.33
2479;Air Barbados;632 Roger Williams;22;"BD""";Bangladesh;24;"PW""";Belau;13/07/2001 09:27;06:40.0;36984;32870.523
2480;Lutz Soft Cloth Car Wash;218 Oakridge Ave.;27;"BM""";Bermudes;28;"BT""";Bhoutan;07/05/2001 16:20;33:20.0;23713;18485.98
2481;Dean Grant Buick and Crysler;201-C Frontage Rd.;12;"SA""";Arabie saoudite;1;"AF""";Afghanistan;04/11/2005 05:33;40:00.0;42558;84502.34
2482;Jay's Cabinet Company;14836 W. River Oaks Dr.;3;"AL""";Albanie;35;"BN""";Brunei;17/03/1996 10:53;06:40.0;65599;34388.33
2483;Air India;1770 first St.;45;"CN""";Chine;5;"DE""";Allemagne;07/12/1993 10:27;21:36.0;90635;52948.03
2484;Schmidt Denists;965 Marion Place Apt. 65C;11;"AN""";Antilles n?erlandaises;6;"AD""";Andorre;03/05/2001 19:00;53:20.0;16642;23298.918
2485;Yale Remins Temp Agency;42 Valley Rd.;5;"DE""";Allemagne;45;"CN""";Chine;09/11/2005 20:15;28:16.0;24933;32070.162
2486;Maintence Services of Maine;1547 Vine;46;"CY""";Chypre;46;"CY""";Chypre;28/09/1971 18:35;00:00.0;98926;42150.695
2487;BBQ Smith's Tex Mex;4763 Blackhawk Rd.;3;"AL""";Albanie;14;"AM""";Arm?nie;10/04/2000 23:35;00:00.0;10718;66480.195
2488;Crossroads Construction, Inc.;726 White Oaks Ave.;32;"BA""";Bosnie-Herz?govine;22;"BD""";Bangladesh;23/08/1980 18:33;28:16.0;20177;94549.05
2489;Elle Hypnosis and Therapy Cent;1126 Hillcrest Ave;46;"CY""";Chypre;27;"BM""";Bermudes;19/11/2001 12:27;41:36.0;31423;98304.17
2490;Doerner's Awnings and Canopies;1535 Knollwood Drive;34;"BR""";Br?sil;12;"SA""";Arabie saoudite;07/12/2003 03:22;34:56.0;52920;89391.54
2491;Highland Woods City Hall;1077 Court Ave.;7;"AO""";Angola;3;"AL""";Albanie;12/06/1993 16:47;20:00.0;59262;46572.72
2492;Hardee Woodwork Ltd.;1715 Chicago Ave.;38;"BI""";Burundi;45;"CN""";Chine;28/08/2000 00:22;21:36.0;78644;53779.902
2493;Rythmics Ltd.;3059 Priscilla Court;22;"BD""";Bangladesh;11;"AN""";Antilles n?erlandaises;18/04/2002 06:08;26:40.0;52207;11953.653
2494;Innman Paint and Glass;2510 Crain;28;"BT""";Bhoutan;5;"DE""";Allemagne;22/11/1993 20:27;53:20.0;98552;86825.77
2495;Hilco Auto Body;1235 Easton Rd.;19;"BJ""";B?nin;46;"CY""";Chypre;29/04/2003 08:07;34:56.0;3744;87880.76
2496;Cradle the Call;1450 Harding Ave.;47;"CO""";Colombie;3;"AL""";Albanie;31/08/2007 23:40;13:20.0;68992;49048.812
2497;DBN Bank;1750 Lily Court;8;"AI""";Anguilla;32;"BA""";Bosnie-Herz?govine;26/08/2006 18:22;01:36.0;40664;29606.03
2498;Myers Chocolates and Confectio;1975 elmwood Circle;28;"BT""";Bhoutan;46;"CY""";Chypre;22/09/2004 01:13;20:00.0;37400;51300.28
2499;Hibbard Road Suppliers;662 Lyons Circle;37;"BF""";Burkina Faso;34;"BR""";Br?sil;25/04/1996 11:15;46:40.0;55868;91893.19
2500;Block Boats and Lures;629 Kincaid Ave.;5;"DE""";Allemagne;7;"AO""";Angola;18/03/1999 23:33;40:00.0;27976;51178.55
2501;Kermit the Pet Shop;456 Groverland Ave.;1;"AF""";Afghanistan;38;"BI""";Burundi;21/02/2000 07:35;08:16.0;37400;84810.875
2502;Innman Paint and Glass;2644 Princeton Ln.;12;"SA""";Arabie saoudite;22;"BD""";Bangladesh;09/12/2000 15:07;00:00.0;29053;91022.09
2503;Peterson Roberts Carpentry;886 Yale Lane;41;"CM""";Cameroun;28;"BT""";Bhoutan;27/07/1990 18:33;28:16.0;12420;61840.598
2504;Green Shoes Corp.;4763 Blackhawk Rd.;13;"AR""";Argentine;19;"BJ""";B?nin;17/12/1994 21:33;26:40.0;29208;82307.55
2505;Marcy Elaine Bakery;899 Harvard Ct;40;"KH""";Cambodge;47;"CO""";Colombie;04/11/1977 02:53;34:56.0;57962;1068.3926
2506;Nirabi Auto Service;1270 Linden Ave.;16;"AU""";Australie;8;"AI""";Anguilla;18/04/2000 23:48;48:16.0;22183;95190.73
2507;Air Mexico;662 Lyons Circle;32;"BA""";Bosnie-Herz?govine;28;"BT""";Bhoutan;13/02/2004 06:00;08:16.0;4796;42400.773
2508;Air Indonesia;1831 Beverly Place #9D;19;"BJ""";B?nin;37;"BF""";Burkina Faso;06/06/2004 21:00;21:36.0;63540;66248.445
2509;American Apartments;1155 Ridgewood Drive;7;"AO""";Angola;5;"DE""";Allemagne;17/06/1982 23:13;40:00.0;10926;19380.463
2510;Ebert Music Center;1875 Roger Williams Ave.;12;"SA""";Arabie saoudite;1;"AF""";Afghanistan;02/02/1997 16:13;20:00.0;27351;30619.273
2511;Ernie's Foriegn Car Service;581 Hill St. Apt. 234;47;"CO""";Colombie;12;"SA""";Arabie saoudite;14/09/1975 12:48;40:00.0;52125;59751.73
2512;Lambert & Locke Legal Services;1185 County line Rd.;33;"BW""";Botswana;41;"CM""";Cameroun;17/09/2000 01:40;20:00.0;63490;64344.223
2513;Ampro Office Team Ltd.;425 Lake Ave.;45;"CN""";Chine;13;"AR""";Argentine;16/10/1971 03:15;46:40.0;52930;13280.132
2514;Kapp Camera and Video;12 Skokie Valley Rd.;10;"AG""";Antigua-et-Barbuda;40;"KH""";Cambodge;15/12/2003 05:48;21:36.0;33691;78790.37
2515;Block Boats and Lures;770 Exmoor Rd.;26;"BZ""";Belize;16;"AU""";Australie;29/03/1993 17:48;14:56.0;330;98652.05
2516;Dean Grant Buick and Crysler;1907 S. Prospect Ave.;24;"PW""";Belau;32;"BA""";Bosnie-Herz?govine;29/02/1980 19:20;26:40.0;38412;79536.46
2518;Nyman Interior Design;899 Harvard Ct;39;"CI""";C?te d'Ivoire;7;"AO""";Angola;03/10/1987 03:42;06:40.0;89492;42560.19
2519;Elle Hypnosis and Therapy Cent;965 Marion Place Apt. 65C;10;"AG""";Antigua-et-Barbuda;12;"SA""";Arabie saoudite;17/03/2006 12:53;33:20.0;5892;31432.95
2520;Keyth Contracting and Repair;54 Lakeview Terrace;15;"AW""";Aruba;47;"CO""";Colombie;10/04/2006 23:42;01:36.0;26628;97494.43
2521;Corbins, Rodriguez, & Savocchi;3100 Trailer Way;16;"AU""";Australie;33;"BW""";Botswana;23/08/1985 16:47;54:56.0;4650;60615.332
2522;Loyal Order of Buffalo;115 Pleasent Ave.;43;"CV""";Cap-Vert;45;"CN""";Chine;03/07/1980 00:08;28:16.0;97280;68528.555
2523;Palmer Golf Supplies;511 Hill;49;"CG""";Congo;10;"AG""";Antigua-et-Barbuda;10/04/2000 23:35;13:20.0;55624;87595.3
2524;First National Bank of Ottowa;54 Lakeview Terrace;44;"CL""";Chili;26;"BZ""";Belize;15/07/2000 23:55;53:20.0;43928;89705.46
2525;Kosmo Consulting;1660 Park Ave.;33;"BW""";Botswana;24;"PW""";Belau;24/03/1985 15:48;53:20.0;43368;23441.33
2526;Lennox Air Pollution Control;1535 Knollwood Drive;24;"PW""";Belau;8;"AI""";Anguilla;21/10/1971 22:08;01:36.0;67936;2000.1072
2527;Gordon & Son Brockerage Ltd.;1750 Lily Court;15;"AW""";Aruba;39;"CI""";C?te d'Ivoire;03/04/2000 06:13;53:20.0;80220;60138.406
2528;Esmarda Chemical Manufacturers;1752 Clinton Ave.;38;"BI""";Burundi;10;"AG""";Antigua-et-Barbuda;07/09/2005 14:33;28:16.0;55968;43784.26
2529;Funnyface Amusement Games;1859 Green Bay Rd.;22;"BD""";Bangladesh;15;"AW""";Aruba;03/09/1978 20:47;20:00.0;81776;34288.9
2530;Childress Child Day Care;1704 Ridgelee Rd;34;"BR""";Br?sil;16;"AU""";Australie;18/02/1983 07:07;26:40.0;68939;96558.42
2531;Resnick DDS;241 Callan Rd.;42;"CA""";Canada;43;"CV""";Cap-Vert;01/05/2001 19:02;46:40.0;12374;57302.7
2532;Got It All Electronics Supply;231 Sheriden Rd.;34;"BR""";Br?sil;49;"CG""";Congo;04/09/1975 11:53;48:16.0;32528;60500.016
2533;Facelift Kitchen and Bath;120 high St.;28;"BT""";Bhoutan;44;"CL""";Chili;06/03/2006 11:47;26:40.0;30100;22466.057
2534;Foy Aviation;12 Broadview Lane;42;"CA""";Canada;33;"BW""";Botswana;20/02/2000 23:07;14:56.0;87499;93294.56
2535;Lennox Air Pollution Control;139 Bay Colony Dr.;34;"BR""";Br?sil;24;"PW""";Belau;14/08/2004 08:08;34:56.0;27996;5825.556
2536;Lake Shore Beaches;852 Sumac Rd.;1;"AF""";Afghanistan;15;"AW""";Aruba;14/07/2005 19:55;13:20.0;39820;64642.832
2537;Childress Child Day Care;788 Tennyson Ave.;47;"CO""";Colombie;38;"BI""";Burundi;19/11/2006 05:08;33:20.0;88653;43870.34
2538;Parties Galore Golf Course;1547 Vine;29;"BY""";Bi?lorussie;22;"BD""";Bangladesh;10/05/2006 19:27;48:16.0;11188;60456.53
2539;Parties Galore Golf Course;4763 Blackhawk Rd.;15;"AW""";Aruba;34;"BR""";Br?sil;30/03/1985 03:07;06:40.0;55275;85800.81
2540;Ernie's Foriegn Car Service;1954 First St.;35;"BN""";Brunei;42;"CA""";Canada;28/07/1986 03:00;08:16.0;60477;26442.607
2541;Johnson, Erico & Co CPA's;4259 W. Lake Ave.;48;"KM""";Comores;34;"BR""";Br?sil;22/11/1989 08:42;40:00.0;28379;46480.266
2542;Salt & Pepper Catering Service;2510 Crain;5;"DE""";Allemagne;28;"BT""";Bhoutan;22/09/2000 20:33;21:36.0;95218;53714.848
2543;Acme Chemical Supply;937 Judson Ave.;2;"ZA""";Afrique du Sud;42;"CA""";Canada;11/07/1974 19:40;13:20.0;36515;29400.945
2544;DBN Bank;812 North Ave.;15;"AW""";Aruba;34;"BR""";Br?sil;04/08/1992 04:47;53:20.0;14000;49854.594
2545;Auto Interior Carpeting Compan;600 Central Ave.;38;"BI""";Burundi;1;"AF""";Afghanistan;02/01/1985 07:47;00:00.0;11688;28352.398
2546;Garfield Appliance Service;1233 Arbor Rd.;8;"AI""";Anguilla;47;"CO""";Colombie;23/04/2000 07:20;13:20.0;23281;60000.87
2547;Acme Chemical Supply;21 Lakeview Terrace #2312;29;"BY""";Bi?lorussie;29;"BY""";Bi?lorussie;22/02/2003 01:48;13:20.0;37800;18388.95
2548;Resnick DDS;1679 McCraren;11;"AN""";Antilles n?erlandaises;15;"AW""";Aruba;12/10/1977 00:20;13:20.0;8544;26904.473
2549;Funnyface Amusement Games;1547 Knolwood Rd.;4;"DZ""";Alg?rie;35;"BN""";Brunei;22/05/1998 02:20;54:56.0;19860;44640.797
2550;Childress Child Day Care;1858 Balsam Way;17;"AT""";Autriche;48;"KM""";Comores;17/08/1989 13:27;41:36.0;13072;19817.883
2551;Yale Remins Temp Agency;628 Orwenstensia;5;"DE""";Allemagne;5;"DE""";Allemagne;22/06/1975 21:13;46:40.0;47794;90012.625
2552;Perimeter Security Consultants;629 Kincaid Ave.;41;"CM""";Cameroun;2;"ZA""";Afrique du Sud;20/10/1983 13:13;54:56.0;58580;5500.903
2553;AA Advertising;3148 cottonwood Ct.;7;"AO""";Angola;15;"AW""";Aruba;08/03/2001 17:33;46:40.0;31185;83864.32
2554;First National Bank of Ottowa;22 Clay rd.;9;"AQ""";Antarctique;38;"BI""";Burundi;18/06/1996 02:07;28:16.0;93588;41440.89
2555;New Dehli Auto Exchange;244 Briar Ln;40;"KH""";Cambodge;8;"AI""";Anguilla;09/12/2002 02:13;41:36.0;76530;69760.23
2556;Hart Corporation;1799 Rosemary Way;28;"BT""";Bhoutan;29;"BY""";Bi?lorussie;28/06/1982 09:13;13:20.0;2419;88965.27
2557;Nyman Interior Design;746 Judson Place;10;"AG""";Antigua-et-Barbuda;11;"AN""";Antilles n?erlandaises;04/04/2001 13:53;20:00.0;7320;91950.72
2558;Masterlands Cleaning;1287 Glencoe Ave.;20;"BS""";Bahamas;4;"DZ""";Alg?rie;06/05/1986 11:40;14:56.0;26407;44700.85
2559;Acturial Enterprises Ltd.;2678 Sheridan Rd.;14;"AM""";Arm?nie;17;"AT""";Autriche;05/06/1974 22:33;40:00.0;24232;72160.96
2560;Pivot Point College;1287 Glencoe Ave.;16;"AU""";Australie;5;"DE""";Allemagne;10/03/2003 06:42;40:00.0;82780;40248.523
2561;Pac Builders;1907 S. Prospect Ave.;16;"AU""";Australie;41;"CM""";Cameroun;13/03/2003 18:02;34:56.0;41160;72263.33
2562;Toggle & Myerson Ltd;355 Golf Rd.;8;"AI""";Anguilla;7;"AO""";Angola;01/02/1989 09:08;06:40.0;41158;53040.695
2563;Ampro Office Team Ltd.;3385 University Ave.;28;"BT""";Bhoutan;9;"AQ""";Antarctique;28/03/1986 02:13;13:20.0;67665;4521.674
2564;Ampro Office Team Ltd.;1235 Easton Rd.;50;"KP""";Cor?e du Nord;40;"KH""";Cambodge;12/01/2000 22:15;46:40.0;29328;15760.862
2565;North West Gas Co.;632 Roger Williams;7;"AO""";Angola;28;"BT""";Bhoutan;25/09/2001 18:48;00:00.0;70788;31506.484
2566;Woodworks Co.;231 Sheriden Rd.;5;"DE""";Allemagne;10;"AG""";Antigua-et-Barbuda;20/10/1987 21:27;26:40.0;7357;61423.168
2567;Garfield Appliance Service;1547 Vine;19;"BJ""";B?nin;20;"BS""";Bahamas;11/02/1987 16:40;34:56.0;64104;64926.414
2568;Shaggy's Grooming Services;581 Hill St. Apt. 234;39;"CI""";C?te d'Ivoire;14;"AM""";Arm?nie;18/03/1983 01:47;21:36.0;64472;46920.016
2569;Innman Paint and Glass;1704 Ridgelee Rd;21;"BH""";Bahre?n;16;"AU""";Australie;12/10/2001 16:20;01:36.0;68694;10865.632
2570;Nitelites Party Rental;1287 Glencoe Ave.;34;"BR""";Br?sil;16;"AU""";Australie;01/10/1986 15:13;20:00.0;1324;34871.27
2571;Keyth Contracting and Repair;872 Virginia Rd.;37;"BF""";Burkina Faso;8;"AI""";Anguilla;03/04/2002 13:07;48:16.0;51996;64105.574
2572;Truck-X Muffler Repair;1915 Lewis Ln.  Apt 13;4;"DZ""";Alg?rie;28;"BT""";Bhoutan;23/08/2000 06:48;20:00.0;11200;35420.797
2573;Flinn Mosquito and Pest Contro;1975 elmwood Circle;46;"CY""";Chypre;50;"KP""";Cor?e du Nord;20/09/2004 09:02;40:00.0;89371;32148.43
2574;Morton Roofing and Siding;2220 Grant Blvd.;45;"CN""";Chine;7;"AO""";Angola;28/06/1997 13:13;20:00.0;38380;10776.214
2575;Childress Child Day Care;1155 Ridgewood Drive;25;"BE""";Belgique;5;"DE""";Allemagne;18/11/2007 06:28;20:00.0;30712;22450.498
2576;Dapper's Antiques;45 South Deer Creek Drive;32;"BA""";Bosnie-Herz?govine;19;"BJ""";B?nin;23/01/1986 10:27;26:40.0;73128;34490.57
2577;Flinn Mosquito and Pest Contro;1234 Devonshire Court;21;"BH""";Bahre?n;39;"CI""";C?te d'Ivoire;04/07/1986 03:15;53:20.0;72600;78700.24
2578;AA Advertising;844 Spruce St.;12;"SA""";Arabie saoudite;21;"BH""";Bahre?n;21/08/2003 22:07;41:36.0;59040;92576.87
2579;Parkway Auto Body;937 Judson Ave.;9;"AQ""";Antarctique;34;"BR""";Br?sil;15/05/1993 01:55;00:00.0;58777;94672.09
2580;George Lee Antiques;788 Tennyson Ave.;22;"BD""";Bangladesh;37;"BF""";Burkina Faso;20/10/2000 10:33;40:00.0;29405;93404.086
2581;Salt & Pepper Catering Service;22 Clay rd.;5;"DE""";Allemagne;4;"DZ""";Alg?rie;26/06/2003 05:00;46:40.0;10884;44336.586
2582;AA Advertising;785 Highland place;15;"AW""";Aruba;46;"CY""";Chypre;05/07/2000 06:20;00:00.0;77273;3114.006
2583;Hardee Woodwork Ltd.;1019 Deerfield Rd.;48;"KM""";Comores;45;"CN""";Chine;08/04/2000 13:48;46:40.0;79166;92000.01
2584;Tub's Furniture Store;302-A Crestwood Village Rd.;34;"BR""";Br?sil;25;"BE""";Belgique;01/03/2004 14:40;40:00.0;87372;15900.071
2585;MedicServe Medical Supply;368 Woodland Rd.;3;"AL""";Albanie;32;"BA""";Bosnie-Herz?govine;11/04/2000 23:13;40:00.0;45201;42687.863
2586;Car Suite Cleaners;1860 Parkside Ln.;26;"BZ""";Belize;21;"BH""";Bahre?n;13/10/1990 15:15;26:40.0;76150;17710.803
2587;Sigman and Freud Psychiatry;1444 Chantilly Ln.;37;"BF""";Burkina Faso;12;"SA""";Arabie saoudite;02/06/1972 03:27;53:20.0;96750;63284.47
2588;Mail Boxes Et. Al.;225 Jeffrys Place;34;"BR""";Br?sil;9;"AQ""";Antarctique;20/01/2000 23:08;41:36.0;87112;43504.12
2589;Corbins, Rodriguez, & Savocchi;872 Virginia Rd.;21;"BH""";Bahre?n;22;"BD""";Bangladesh;07/05/1977 14:33;13:20.0;74792;99920.44
2590;Auto Interior Carpeting Compan;1155 Ridgewood Drive;43;"CV""";Cap-Vert;5;"DE""";Allemagne;16/06/1986 11:00;40:00.0;12610;26014.531
2591;Lake Shore Publishing;1975 elmwood Circle;16;"AU""";Australie;15;"AW""";Aruba;01/05/1983 09:55;00:00.0;80852;29984.959
2592;Acturial Enterprises Ltd.;3344 Beachwood Ln.;29;"BY""";Bi?lorussie;48;"KM""";Comores;14/12/2006 08:40;26:40.0;78544;6173.695
2593;Energy Source Diet Centers;1882 St. Johns;15;"AW""";Aruba;34;"BR""";Br?sil;22/02/1996 14:40;00:00.0;67848;82753.08
2594;Cotton Thumb Ltd.;77 Blackhawk Rd;29;"BY""";Bi?lorussie;3;"AL""";Albanie;02/06/2000 14:07;13:20.0;80005;62124.562
2595;Office Pro Supply Co.;135 Lakewood place;24;"PW""";Belau;26;"BZ""";Belize;10/12/2004 04:13;20:00.0;33624;5216.902
2596;Gordon & Son Brockerage Ltd.;1486 Oakwood;23;"BB""";Barbade;37;"BF""";Burkina Faso;11/08/1985 17:55;46:40.0;97250;2460.852
2597;Keep Cool Air Conditioner Repa;600 Central Ave;26;"BZ""";Belize;34;"BR""";Br?sil;07/02/1974 09:07;06:40.0;69350;41945.0
2598;New Dehli Auto Exchange;1975 elmwood Circle;48;"KM""";Comores;21;"BH""";Bahre?n;14/11/1982 22:13;40:00.0;38461;91443.74
2599;Derbin Contracting Services;3150 Skokie Valley Rd.;30;"MM""";Birmanie;43;"CV""";Cap-Vert;23/04/2007 04:47;40:00.0;36040;54822.41
2600;Sigman and Freud Psychiatry;1 Twin Oaks Place;49;"CG""";Congo;16;"AU""";Australie;24/02/1977 19:20;13:20.0;43220;50000.01
2601;Kermit the Pet Shop;12 Walker Ave.;2;"ZA""";Afrique du Sud;29;"BY""";Bi?lorussie;05/01/1982 17:33;00:00.0;66897;47334.65
2602;Air Mexico;1482 Concorde Circle;39;"CI""";C?te d'Ivoire;15;"AW""";Aruba;03/11/1975 15:20;21:36.0;67029;53730.75
2603;Gourmet the Frog;2112 Ravine Drive;17;"AT""";Autriche;29;"BY""";Bi?lorussie;06/08/1980 09:53;21:36.0;64232;45017.027
2604;Hart Corporation;3059 Priscilla Court;18;"AZ""";Azerba?djan;24;"PW""";Belau;05/02/1975 19:20;33:20.0;46780;84320.984
2605;Lambert & Locke Legal Services;10 Marquette Rd.;23;"BB""";Barbade;23;"BB""";Barbade;25/08/1998 00:07;46:40.0;41107;63177.047
2606;Mail Boxes Et. Al.;2936 Arlington Ave.;33;"BW""";Botswana;26;"BZ""";Belize;09/12/1992 00:13;46:40.0;74012;21360.615
2607;Schnitzer Denist College;4763 Blackhawk Rd.;48;"KM""";Comores;48;"KM""";Comores;08/04/1975 22:15;26:40.0;95060;17730.31
2608;Hibop Heating and Air Conditio;1245 Eastwood;38;"BI""";Burundi;30;"MM""";Birmanie;24/07/2000 11:27;20:00.0;99815;91722.87
2609;Peterson Roberts Carpentry;406 Trinity Ct.;3;"AL""";Albanie;49;"CG""";Congo;01/12/1993 15:33;00:00.0;41350;18674.021
2610;Acme Chemical Supply;2870 Skokie Rd.;35;"BN""";Brunei;2;"ZA""";Afrique du Sud;05/02/1986 22:42;14:56.0;70751;88050.164
2611;Bako Delicatessen;505 N. Frances St.;5;"DE""";Allemagne;39;"CI""";C?te d'Ivoire;06/03/1970 19:33;01:36.0;14675;21022.535
2612;BBQ Smith's Tex Mex;1444 Chantilly Ln.;31;"BO""";Bolivie;17;"AT""";Autriche;18/05/1993 13:15;41:36.0;91395;43944.05
2613;John G. Hartling Ltd.;245 Oakridge Ave.;19;"BJ""";B?nin;18;"AZ""";Azerba?djan;20/03/2007 05:08;00:00.0;98400;28569.22
2614;Auto Interior Carpeting Compan;242 Ashland Ave.;3;"AL""";Albanie;23;"BB""";Barbade;26/02/2001 12:00;00:00.0;23007;99680.15
2615;Percy Photography;115 Pleasent Ave.;28;"BT""";Bhoutan;33;"BW""";Botswana;16/01/1977 10:53;33:20.0;8842;8586.556
2616;North West Gas Co.;1949 Cloverdale Rd.;13;"AR""";Argentine;48;"KM""";Comores;07/02/2000 10:15;20:00.0;53767;1648.2672
2617;North West Gas Co.;1155 Ridgewood Drive;7;"AO""";Angola;38;"BI""";Burundi;11/11/1986 13:33;28:16.0;43680;126.684
2618;Pivot Point College;115 Pleasent Ave.;44;"CL""";Chili;3;"AL""";Albanie;16/01/1985 21:47;13:20.0;16740;64461.78
2619;Innman Paint and Glass;2600 Winsor Mall;48;"KM""";Comores;35;"BN""";Brunei;04/01/2006 22:15;26:40.0;95356;31472.285
2620;Green Shoes Corp.;1660 Park Ave.;44;"CL""";Chili;5;"DE""";Allemagne;09/05/1975 10:33;46:40.0;54678;67214.055
2621;Bill's Dive Shop;201-C Frontage Rd.;42;"CA""";Canada;31;"BO""";Bolivie;08/08/1986 16:47;00:00.0;32965;35890.55
2622;Office Pro Supply Co.;616 Cobblestone Cir.;36;"BG""";Bulgarie;19;"BJ""";B?nin;12/03/2003 23:20;26:40.0;38090;94836.6
2623;Acme Chemical Supply;2600 Winsor Mall;39;"CI""";C?te d'Ivoire;3;"AL""";Albanie;26/05/2007 09:15;46:40.0;17200;85691.055
2624;Mergenthaler Inc.;433 Burton Ave.;23;"BB""";Barbade;28;"BT""";Bhoutan;20/01/2003 22:00;06:40.0;65248;34934.918
2625;John G. Hartling Ltd.;1957 Huntington Ave.;35;"BN""";Brunei;13;"AR""";Argentine;14/08/1983 17:42;28:16.0;65031;24900.746
2627;Hi-Land Art & Frame;2148 Eastview Dr.;22;"BD""";Bangladesh;44;"CL""";Chili;14/02/2005 19:35;14:56.0;71491;24312.451
2628;Dean Grant Buick and Crysler;2600 Winsor Mall;35;"BN""";Brunei;48;"KM""";Comores;11/09/2007 09:40;54:56.0;11664;68887.78
2629;Green Shoes Corp.;218 Oakridge Ave.;37;"BF""";Burkina Faso;44;"CL""";Chili;05/03/2006 06:53;21:36.0;39840;11742.018
2630;Griffith Paving and Sealcoatin;969 Saxony Drive;43;"CV""";Cap-Vert;42;"CA""";Canada;24/01/1980 02:02;33:20.0;7390;88032.91
2631;First National Bank of Ottowa;430 Oakland Drive;24;"PW""";Belau;36;"BG""";Bulgarie;14/07/1983 20:47;26:40.0;23840;19445.232
2632;Cradle the Call;21 Lakeview Terrace #2312;16;"AU""";Australie;39;"CI""";C?te d'Ivoire;08/02/2000 08:53;20:00.0;45096;79350.72
2633;AA Advertising;266 Green Bay Rd.;40;"KH""";Cambodge;23;"BB""";Barbade;07/02/1978 11:47;26:40.0;26156;84.0822
2635;Sigman and Freud Psychiatry;1858 Balsam Way;21;"BH""";Bahre?n;44;"CL""";Chili;12/01/2002 01:47;06:40.0;35894;94506.84
2636;American Deli Workers Union;1795 Lake Cook Rd.;37;"BF""";Burkina Faso;22;"BD""";Bangladesh;17/03/1992 02:40;28:16.0;48036;25436.053
2637;Nirabi Auto Service;857 Woodbine Rd;19;"BJ""";B?nin;35;"BN""";Brunei;08/06/1971 12:08;13:20.0;63997;94595.14
2638;Shaggy's Grooming Services;175 beech St.;10;"AG""";Antigua-et-Barbuda;37;"BF""";Burkina Faso;14/12/1993 09:07;08:16.0;13372;46400.32
2639;Froggy's Gourmet Catering;2510 Crain;12;"SA""";Arabie saoudite;43;"CV""";Cap-Vert;12/07/2002 10:48;13:20.0;69132;20973.83
2640;PGS Associates;245 Oakridge Ave.;40;"KH""";Cambodge;24;"PW""";Belau;08/04/1987 18:07;06:40.0;36160;33256.062
2641;Gordon & Son Brockerage Ltd.;2267 Anderson Lane;34;"BR""";Br?sil;16;"AU""";Australie;24/03/2001 13:22;46:40.0;80582;6640.8057
2642;Bill's Dive Shop;334 Lynn Terrace;24;"PW""";Belau;40;"KH""";Cambodge;16/09/2003 03:15;06:40.0;56586;81201.0
2643;Myers Chocolates and Confectio;313 Grove Ave.;38;"BI""";Burundi;39;"CI""";C?te d'Ivoire;22/01/2006 11:07;28:16.0;79857;49247.047
2644;Got It All Electronics Supply;1715 Chicago Ave.;39;"CI""";C?te d'Ivoire;21;"BH""";Bahre?n;13/10/1974 21:15;46:40.0;37588;37961.27
2645;Garfield Appliance Service;616 Cobblestone Cir.;41;"CM""";Cameroun;37;"BF""";Burkina Faso;06/01/2003 18:42;08:16.0;40525;99961.016
2646;Lake Shore Beaches;671 Blackstone Ave.;30;"MM""";Birmanie;19;"BJ""";B?nin;20/07/2002 22:20;48:16.0;39405;50216.125
2647;Bill's Dive Shop;220 Vine Ave.;9;"AQ""";Antarctique;10;"AG""";Antigua-et-Barbuda;14/12/2001 14:28;01:36.0;8359;25252.916
2648;Myles Building Consultants;245 Oakridge Ave.;12;"SA""";Arabie saoudite;12;"SA""";Arabie saoudite;15/03/2004 19:35;13:20.0;79603;57280.223
2650;Lidhal design Corp.;220 Vine Ave.;44;"CL""";Chili;34;"BR""";Br?sil;18/12/1987 21:07;40:00.0;23617;40208.64
2651;Lambert & Locke Legal Services;1619 Judson Ave. Apt #34B;41;"CM""";Cameroun;24;"PW""";Belau;25/11/1972 17:20;41:36.0;50588;39911.29
2652;Dependable Plumbing and Sewer;406 Trinity Ct.;23;"BB""";Barbade;38;"BI""";Burundi;07/06/1996 16:07;14:56.0;15585;80175.88
2653;Froggy's Gourmet Catering;812 North Ave.;33;"BW""";Botswana;39;"CI""";C?te d'Ivoire;15/10/2005 21:55;33:20.0;52381;11120.723
2654;Park District Of America;812 North Ave.;39;"CI""";C?te d'Ivoire;41;"CM""";Cameroun;05/12/2006 08:55;06:40.0;88119;3880.9204
2655;Rythmics Ltd.;574 Chicago Ave.;1;"AF""";Afghanistan;30;"MM""";Birmanie;29/05/1987 23:55;01:36.0;73016;90150.93
2656;Parties Galore Golf Course;4467 Sheridan Rd.;8;"AI""";Anguilla;9;"AQ""";Antarctique;22/09/2007 23:27;28:16.0;68400;17912.203
2657;Energy Source Diet Centers;788 Tennyson Ave.;20;"BS""";Bahamas;12;"SA""";Arabie saoudite;22/12/2007 05:07;01:36.0;12425;12308.38
2658;Mac Computer Warehouse;201-C Frontage Rd.;5;"DE""";Allemagne;17;"AT""";Autriche;15/12/2006 16:27;28:16.0;88382;88520.164
2659;Acturial Enterprises Ltd.;1619 Judson Ave. Apt #34B;45;"CN""";Chine;44;"CL""";Chili;23/04/1986 00:27;14:56.0;42464;95752.37
2660;Cradle the Call;2148 Eastview Dr.;31;"BO""";Bolivie;41;"CM""";Cameroun;16/04/1985 19:22;26:40.0;33002;30844.635
2661;Kapp Camera and Video;242 Ashland Ave.;45;"CN""";Chine;23;"BB""";Barbade;18/03/2001 07:20;06:40.0;48050;90684.6
2662;Elm Place Business Supplies;1619 Judson Ave. Apt #34B;33;"BW""";Botswana;33;"BW""";Botswana;13/10/1972 13:28;21:36.0;51412;31933.234
2663;Arthur M. Feildberg Galleries;10 Marquette Rd.;44;"CL""";Chili;39;"CI""";C?te d'Ivoire;26/02/2006 20:27;40:00.0;51364;82737.18
2664;Lickmen Restoration;3148 cottonwood Ct.;40;"KH""";Cambodge;1;"AF""";Afghanistan;10/02/2001 14:42;40:00.0;10491;62383.684
2665;Acme Chemical Supply;581 Hill St. Apt. 234;38;"BI""";Burundi;8;"AI""";Anguilla;14/01/1977 14:27;46:40.0;91450;46014.027
2666;Facelift Kitchen and Bath;1752 Clinton Ave.;1;"AF""";Afghanistan;20;"BS""";Bahamas;25/01/1977 17:07;48:16.0;49520;83005.625
2667;Masterlands Cleaning;2045 St. johns Ave.;10;"AG""";Antigua-et-Barbuda;5;"DE""";Allemagne;15/06/2005 02:47;48:16.0;12352;55515.945
2668;Air India;14836 W. River Oaks Dr.;39;"CI""";C?te d'Ivoire;45;"CN""";Chine;25/11/2005 18:13;53:20.0;8476;45896.168
2669;Transformation Enterprises;844 Spruce St.;4;"DZ""";Alg?rie;31;"BO""";Bolivie;03/09/1987 21:40;13:20.0;57172;83644.25
2670;Froggy's Gourmet Catering;1875 Roger Williams Ave.;7;"AO""";Angola;45;"CN""";Chine;12/11/1993 10:27;41:36.0;58718;46008.9
2671;Lake Shore Publishing;1009 marvel Way;47;"CO""";Colombie;33;"BW""";Botswana;09/06/2005 07:53;08:16.0;7474;55630.156
2672;Flinn Mosquito and Pest Contro;1575 Oak Ave.  Apt. 2C;44;"CL""";Chili;44;"CL""";Chili;16/05/1983 03:27;33:20.0;96508;9451.933
2673;Cotton Thumb Ltd.;367Bluebird Terr.;46;"CY""";Chypre;40;"KH""";Cambodge;11/08/1975 15:40;41:36.0;5975;11361.351
2674;Hibbard Road Suppliers;1715 Chicago Ave.;30;"MM""";Birmanie;38;"BI""";Burundi;31/08/1985 19:13;00:00.0;60654;14441.385
2675;Parties Galore Golf Course;1619 Judson Ave. Apt #34B;6;"AD""";Andorre;1;"AF""";Afghanistan;29/09/1990 10:20;01:36.0;84228;67518.96
2676;Office Pro Supply Co.;367Bluebird Terr.;41;"CM""";Cameroun;10;"AG""";Antigua-et-Barbuda;15/02/1970 03:20;48:16.0;21960;43170.2
2677;Air France;1882 St. Johns;50;"KP""";Cor?e du Nord;39;"CI""";C?te d'Ivoire;09/12/2002 02:13;34:56.0;42844;53504.812
2678;Pivot Point College;2032 Northbrook Ct.;42;"CA""";Canada;4;"DZ""";Alg?rie;02/04/1996 06:42;00:00.0;69715;57458.72
2679;Dean Grant Buick and Crysler;1912 Old Briar Lane #2;22;"BD""";Bangladesh;7;"AO""";Angola;25/05/2006 08:20;26:40.0;6092;35852.76
2680;Morgan Construction Co;746 Judson Place;26;"BZ""";Belize;47;"CO""";Colombie;15/05/2000 01:40;46:40.0;47488;8098.1143
2681;BBQ Smith's Tex Mex;629 Kincaid Ave.;36;"BG""";Bulgarie;44;"CL""";Chili;22/08/1993 07:13;28:16.0;58646;49783.133
2682;Keyth Contracting and Repair;115 Judson Rd.;15;"AW""";Aruba;46;"CY""";Chypre;17/03/2004 05:07;06:40.0;93794;83280.26
2683;Funnyface Amusement Games;1715 Chicago Ave.;14;"AM""";Arm?nie;30;"MM""";Birmanie;03/07/2000 08:35;53:20.0;11900;82165.15
2684;Green Shoes Corp.;1799 Rosemary Way;5;"DE""";Allemagne;6;"AD""";Andorre;21/04/1970 15:33;01:36.0;16040;78480.875
2685;Venturi Discount Drugs;1715 Chicago Ave.;48;"KM""";Comores;41;"CM""";Cameroun;03/03/2006 19:08;20:00.0;36352;45802.12
2686;Lake Shore Publishing;1795 Lake Cook Rd.;50;"KP""";Cor?e du Nord;50;"KP""";Cor?e du Nord;09/01/2004 20:15;06:40.0;53907;54030.312
2687;Sigman and Freud Psychiatry;1185 County line Rd.;4;"DZ""";Alg?rie;42;"CA""";Canada;20/12/1983 09:20;01:36.0;87635;47990.727
2688;Rythmics Ltd.;511 Hill;48;"KM""";Comores;22;"BD""";Bangladesh;10/09/2000 03:00;20:00.0;35000;76688.62
2689;Tub's Furniture Store;1658 Second St.;9;"AQ""";Antarctique;26;"BZ""";Belize;03/12/1972 19:47;20:00.0;23168;4000.859
2690;Air Mexico;865 Old Tall Tree Lane;9;"AQ""";Antarctique;36;"BG""";Bulgarie;26/10/2005 06:55;54:56.0;7640;75481.77
2691;Highland Lanes;310 Walker Ave.;48;"KM""";Comores;15;"AW""";Aruba;26/10/1974 07:13;34:56.0;58620;27496.46
2692;Highland Heights Gift Shop;10 Marquette Rd.;21;"BH""";Bahre?n;14;"AM""";Arm?nie;18/08/2005 13:15;41:36.0;90045;25530.42
2693;Office Pro Supply Co.;511 Maple Ave.  Apt. 1B;19;"BJ""";B?nin;5;"DE""";Allemagne;12/02/2001 21:20;53:20.0;70364;78848.195
2694;Happ Aluminum Siding Co.;1126 Hillcrest Ave;4;"DZ""";Alg?rie;48;"KM""";Comores;22/05/1996 02:08;33:20.0;96730;49680.016
2695;American Apartments;2112 Ravine Drive;12;"SA""";Arabie saoudite;50;"KP""";Cor?e du Nord;16/01/1993 23:35;46:40.0;30738;74435.91
2696;Esmarda Chemical Manufacturers;456 Grossman Ln.;30;"MM""";Birmanie;4;"DZ""";Alg?rie;21/01/1989 23:08;33:20.0;57528;70108.69
2697;Parkway Auto Body;12 Skokie Valley Rd.;23;"BB""";Barbade;48;"KM""";Comores;08/05/1992 13:15;53:20.0;42144;67372.82
2698;Nina's Snow Plowing;1547 Knolwood Rd.;14;"AM""";Arm?nie;9;"AQ""";Antarctique;17/01/2000 14:15;40:00.0;55545;37740.51
2699;Kapp Camera and Video;632 Florence Dr.;13;"AR""";Argentine;9;"AQ""";Antarctique;18/08/2004 23:15;34:56.0;87179;17602.104
2700;Caranisco Homes;807 Old Trail Rd.;29;"BY""";Bi?lorussie;48;"KM""";Comores;16/07/1975 00:47;53:20.0;50352;96639.94
2701;John G. Hartling Ltd.;135 Lakewood place;19;"BJ""";B?nin;21;"BH""";Bahre?n;09/05/2006 19:40;00:00.0;68100;72472.516
2702;janice Mann Accounting Service;969 Saxony Drive;31;"BO""";Bolivie;19;"BJ""";B?nin;09/07/2006 23:53;48:16.0;9080;28552.8
2703;Salt & Pepper Catering Service;632 Florence Dr.;21;"BH""";Bahre?n;4;"DZ""";Alg?rie;10/09/2001 17:42;28:16.0;74600;55092.777
2704;Nel Video Productions;1750 Lily Court;50;"KP""";Cor?e du Nord;12;"SA""";Arabie saoudite;17/08/1977 11:00;01:36.0;31000;12082.715
2705;Maintence Services of Maine;788 Tennyson Ave.;21;"BH""";Bahre?n;30;"MM""";Birmanie;07/09/1982 07:15;01:36.0;12672;25268.13
2706;janice Mann Accounting Service;1915 Lewis Ln.  Apt 13;50;"KP""";Cor?e du Nord;23;"BB""";Barbade;09/04/2003 15:53;00:00.0;38500;2200.3457
2707;Mac Computer Warehouse;671 Blackstone Ave.;25;"BE""";Belgique;14;"AM""";Arm?nie;27/05/2000 07:42;28:16.0;33440;73866.9
2708;PGS Associates;241 Callan Rd.;36;"BG""";Bulgarie;13;"AR""";Argentine;01/01/1977 00:42;00:00.0;79512;10629.046
2709;Energy Source Diet Centers;1907 S. Prospect Ave.;36;"BG""";Bulgarie;29;"BY""";Bi?lorussie;01/05/2003 18:47;01:36.0;30648;42645.465
2710;Acme Chemical Supply;1233 Arbor Rd.;48;"KM""";Comores;19;"BJ""";B?nin;14/08/1989 13:13;06:40.0;84000;16184.484
2711;Lutz Soft Cloth Car Wash;1915 Lewis Ln.  Apt 13;2;"ZA""";Afrique du Sud;31;"BO""";Bolivie;29/07/2006 20:07;21:36.0;10900;82304.81
2712;AAA Daniels Antiques;807 Old Trail Rd.;5;"DE""";Allemagne;21;"BH""";Bahre?n;28/03/1989 22:28;53:20.0;4696;41220.266
2713;Woodworks Co.;201-C Frontage Rd.;39;"CI""";C?te d'Ivoire;50;"KP""";Cor?e du Nord;20/04/2005 13:27;33:20.0;45760;22795.697
2714;Truck-X Muffler Repair;1770 first St.;20;"BS""";Bahamas;21;"BH""";Bahre?n;12/10/2007 06:35;14:56.0;33338;35938.934
2715;Gordon & Son Brockerage Ltd.;1234 Devonshire Court;33;"BW""";Botswana;50;"KP""";Cor?e du Nord;24/06/2005 04:07;00:00.0;13016;85280.99
2716;Air India;1444 Chantilly Ln.;10;"AG""";Antigua-et-Barbuda;25;"BE""";Belgique;04/02/1994 02:02;00:00.0;71559;42018.617
2717;Air India;120 high St.;10;"AG""";Antigua-et-Barbuda;36;"BG""";Bulgarie;23/10/1970 04:20;06:40.0;71646;41468.97
2718;Vanity Town;54 Lakeview Terrace;41;"CM""";Cameroun;36;"BG""";Bulgarie;15/12/2006 07:22;06:40.0;12250;64690.977
2719;Air Indonesia;1795 Lake Cook Rd.;9;"AQ""";Antarctique;48;"KM""";Comores;28/01/2004 08:42;00:00.0;54752;12811.13
2720;Cotton Thumb Ltd.;643 De Temple Rd.;5;"DE""";Allemagne;2;"ZA""";Afrique du Sud;14/08/1989 20:48;53:20.0;39800;18372.46
2721;Bee Line Publishing;1912 Old Briar Lane #2;26;"BZ""";Belize;5;"DE""";Allemagne;12/08/1996 15:27;20:00.0;85848;14722.288
2722;Derbin Contracting Services;1660 Park Ave.;41;"CM""";Cameroun;39;"CI""";C?te d'Ivoire;04/03/1986 06:00;20:00.0;69716;31680.97
2723;Loyal Order of Buffalo;4522 N. Greenview Apt. 1B;34;"BR""";Br?sil;20;"BS""";Bahamas;17/07/2004 16:48;08:16.0;15414;58164.387
2724;Deer Lake Inn;969 Saxony Drive;20;"BS""";Bahamas;33;"BW""";Botswana;16/02/2003 03:48;01:36.0;28462;65680.37
2725;Highland Lanes;1714 Clifton Rd.;30;"MM""";Birmanie;10;"AG""";Antigua-et-Barbuda;03/03/1986 09:48;08:16.0;83280;12268.259
2726;Marcy Elaine Bakery;2024 St.Johns Ave.;30;"MM""";Birmanie;10;"AG""";Antigua-et-Barbuda;26/08/1986 01:27;54:56.0;8809;41792.04
2727;Trapezoid Studios;937 Judson Ave.;20;"BS""";Bahamas;41;"CM""";Cameroun;14/09/1989 08:07;48:16.0;61040;96976.85
2728;Johnson, Erico & Co CPA's;1535 Knollwood Drive;18;"AZ""";Azerba?djan;9;"AQ""";Antarctique;01/11/1970 09:33;46:40.0;54444;52024.508
2729;Mac Computer Warehouse;175 beech St.;45;"CN""";Chine;5;"DE""";Allemagne;23/03/2004 18:42;46:40.0;15248;46522.33
2730;Office Pro Supply Co.;1619 Judson Ave. Apt #34B;33;"BW""";Botswana;26;"BZ""";Belize;08/09/2002 07:42;53:20.0;41602;94368.88
2731;Pete's Auto Repair;1907 S. Prospect Ave.;12;"SA""";Arabie saoudite;41;"CM""";Cameroun;20/03/2001 14:53;26:40.0;46922;62516.996
2732;Foy Aviation;4467 Sheridan Rd.;12;"SA""";Arabie saoudite;34;"BR""";Br?sil;23/03/1999 14:40;33:20.0;37792;81402.05
2733;Garfield Appliance Service;2032 Northbrook Ct.;25;"BE""";Belgique;20;"BS""";Bahamas;08/12/2006 08:42;20:00.0;97176;88128.125
2734;Masterlands Cleaning;857 Woodbine Rd;19;"BJ""";B?nin;30;"MM""";Birmanie;27/05/2003 02:47;34:56.0;1506;77984.58
2735;Shaggy's Grooming Services;1957 Huntington Ave.;44;"CL""";Chili;30;"MM""";Birmanie;06/07/1971 15:53;14:56.0;18935;51330.316
2736;Auto Interior Carpeting Compan;750 Homewood Ave.;49;"CG""";Congo;20;"BS""";Bahamas;27/08/1977 21:00;26:40.0;60498;52580.406
2737;Eva Galler Galleries Inc.;1535 Knollwood Drive;5;"DE""";Allemagne;18;"AZ""";Azerba?djan;13/06/1998 02:07;40:00.0;51040;16970.566
2738;Myles Building Consultants;4467 Sheridan Rd.;9;"AQ""";Antarctique;45;"CN""";Chine;27/10/2003 15:08;53:20.0;25160;71900.61
2739;Facelift Kitchen and Bath;35 Glenlake Dr.;5;"DE""";Allemagne;33;"BW""";Botswana;29/05/2005 21:53;40:00.0;49804;41000.895
2740;Dapper's Antiques;1752 Clinton Ave.;6;"AD""";Andorre;12;"SA""";Arabie saoudite;04/10/2001 18:22;33:20.0;36096;90430.04
2741;Ebert Music Center;241 Callan Rd.;48;"KM""";Comores;12;"SA""";Arabie saoudite;23/07/1994 22:47;33:20.0;11408;86424.98
2742;Moveit Motercycle Service;1155 Ridgewood Drive;33;"BW""";Botswana;25;"BE""";Belgique;13/02/1971 02:27;41:36.0;97230;99190.945
2743;Hart Corporation;1912 Old Briar Lane #2;46;"CY""";Chypre;19;"BJ""";B?nin;05/09/1983 09:53;48:16.0;35604;77692.92
2744;Mac Computer Warehouse;12 Broadview Lane;14;"AM""";Arm?nie;44;"CL""";Chili;06/04/2000 06:15;48:16.0;4248;55296.027
2745;Portugal, Liddy, & Son Ltd.;1975 elmwood Circle;36;"BG""";Bulgarie;49;"CG""";Congo;08/02/2000 20:40;33:20.0;9024;57991.77
2746;North Park Lighting Galleries;1065 Hillcrest Circle;50;"KP""";Cor?e du Nord;5;"DE""";Allemagne;10/01/2000 22:13;26:40.0;24311;42333.402
2747;Bee Line Publishing;10 Marquette Rd.;1;"AF""";Afghanistan;9;"AQ""";Antarctique;08/12/1989 22:40;34:56.0;25940;15345.839
2748;Schnitzer Denist College;406 Trinity Ct.;2;"ZA""";Afrique du Sud;5;"DE""";Allemagne;07/08/1993 22:47;20:00.0;80740;31510.488
2749;Air Barbados;1077 Court Ave.;28;"BT""";Bhoutan;6;"AD""";Andorre;29/06/2003 19:27;00:00.0;19641;98472.92
2750;Highland Heights Gift Shop;1633 McGovern place;32;"BA""";Bosnie-Herz?govine;48;"KM""";Comores;20/02/2002 21:07;40:00.0;90370;16117.438
2751;Parties Galore Golf Course;54 Lakeview Terrace;18;"AZ""";Azerba?djan;33;"BW""";Botswana;02/03/1977 05:08;28:16.0;41776;30440.53
2752;Derbin Contracting Services;2045 St. johns Ave.;9;"AQ""";Antarctique;46;"CY""";Chypre;06/04/1997 05:13;00:00.0;86770;88884.055
2753;Elle Hypnosis and Therapy Cent;231 Sheriden Rd.;30;"MM""";Birmanie;14;"AM""";Arm?nie;05/10/1977 12:47;34:56.0;29415;27545.463
2754;Lambert & Locke Legal Services;77 Blackhawk Rd;5;"DE""";Allemagne;36;"BG""";Bulgarie;05/01/1974 23:20;48:16.0;38649;56811.53
2755;Marcy Elaine Bakery;1547 Vine;19;"BJ""";B?nin;50;"KP""";Cor?e du Nord;27/12/1989 11:07;48:16.0;6952;11086.724
2756;Mergenthaler Inc.;1858 Balsam Way;40;"KH""";Cambodge;1;"AF""";Afghanistan;15/05/1985 11:13;26:40.0;78223;30135.934
2757;Hilco Auto Body;425 Lake Ave.;47;"CO""";Colombie;2;"ZA""";Afrique du Sud;23/06/1975 04:48;06:40.0;37138;120.2992
2758;P K M Packaging Supply;600 Central Ave;36;"BG""";Bulgarie;28;"BT""";Bhoutan;21/11/1992 15:33;20:00.0;75462;634.8942
2759;Bill's Dive Shop;917 Fairview Ave.  Apt. 982;12;"SA""";Arabie saoudite;32;"BA""";Bosnie-Herz?govine;06/10/1975 05:00;06:40.0;4605;38512.03
2760;American Deli Workers Union;1550 Ridge Rd.;10;"AG""";Antigua-et-Barbuda;18;"AZ""";Azerba?djan;26/05/2005 22:20;53:20.0;68422;11796.388
2761;Bako Delicatessen;225 Jeffrys Place;29;"BY""";Bi?lorussie;9;"AQ""";Antarctique;07/03/2006 21:35;14:56.0;34641;29775.467
2762;North West Gas Co.;1859 Green Bay Rd.;39;"CI""";C?te d'Ivoire;30;"MM""";Birmanie;27/08/1985 22:48;40:00.0;3029;58020.652
2763;Bill's Dive Shop;12 Craven Way;49;"CG""";Congo;5;"DE""";Allemagne;09/12/1983 06:40;08:16.0;61390;52696.555
2764;Highland Heights Gift Shop;785 Highland place;35;"BN""";Brunei;19;"BJ""";B?nin;30/08/1996 00:07;33:20.0;31286;90200.625
2765;Nel Video Productions;839 Burton Ave;30;"MM""";Birmanie;40;"KH""";Cambodge;01/06/1972 07:15;41:36.0;77402;23408.229
2766;Lake Shore Beaches;1920 Sunnyside Ave.;40;"KH""";Cambodge;47;"CO""";Colombie;22/09/1996 22:22;53:20.0;52300;66096.14
2767;Michael Montgomery Hair Saloon;4763 Blackhawk Rd.;10;"AG""";Antigua-et-Barbuda;36;"BG""";Bulgarie;22/01/1985 16:40;28:16.0;67662;27028.34
2768;PGS Associates;1185 County line Rd.;46;"CY""";Chypre;12;"SA""";Arabie saoudite;12/11/1993 18:02;01:36.0;73476;88422.86
2769;Air France;512 Hill;46;"CY""";Chypre;10;"AG""";Antigua-et-Barbuda;12/07/1982 14:08;20:00.0;83291;77016.88
2770;American Deli Workers Union;1337 Cavell Ave.;34;"BR""";Br?sil;29;"BY""";Bi?lorussie;04/12/2003 01:07;20:00.0;65408;73115.99
2771;Pac Builders;1450 Harding Ave.;40;"KH""";Cambodge;39;"CI""";C?te d'Ivoire;03/07/2004 00:47;08:16.0;12437;35815.957
2772;Peterson Roberts Carpentry;662 Lyons Circle;10;"AG""";Antigua-et-Barbuda;49;"CG""";Congo;20/05/2001 21:00;00:00.0;39856;40839.47
2773;Air India;225 Jeffrys Place;19;"BJ""";B?nin;35;"BN""";Brunei;08/03/2005 11:47;46:40.0;45080;79914.71
2774;Highland Woods City Hall;1550 Ridge Rd.;34;"BR""";Br?sil;30;"MM""";Birmanie;11/01/1970 17:35;34:56.0;50836;61462.664
2775;Lake Shore Publishing;1185 County line Rd.;8;"AI""";Anguilla;40;"KH""";Cambodge;15/01/2000 04:15;13:20.0;29226;63653.047
2776;PGS Associates;600 Central Ave;33;"BW""";Botswana;10;"AG""";Antigua-et-Barbuda;07/08/1996 15:15;13:20.0;8748;36576.25
2777;Smith & Wesson Militia;673 Calais Drive;20;"BS""";Bahamas;46;"CY""";Chypre;14/12/1986 06:55;13:20.0;56512;39938.285
2778;Gordon & Son Brockerage Ltd.;746 Judson Place;29;"BY""";Bi?lorussie;46;"CY""";Chypre;21/09/2006 13:27;40:00.0;55458;25498.709
2779;Pac Builders;511 Maple Ave.  Apt. 1B;14;"AM""";Arm?nie;34;"BR""";Br?sil;22/11/2000 08:40;00:00.0;31119;57574.34
2780;Percy Photography;2024 St.Johns Ave.;19;"BJ""";B?nin;40;"KH""";Cambodge;07/08/2004 09:28;54:56.0;25025;58870.496
2781;Pasifico Inc.;12 Walker Ave.;24;"PW""";Belau;10;"AG""";Antigua-et-Barbuda;06/07/2006 01:27;26:40.0;11991;66008.414
2782;Rythmics Ltd.;643 De Temple Rd.;20;"BS""";Bahamas;19;"BJ""";B?nin;08/04/2000 22:53;48:16.0;41164;83745.55
2783;Caranisco Homes;2870 Skokie Rd.;22;"BD""";Bangladesh;34;"BR""";Br?sil;18/08/2006 03:15;34:56.0;62833;63760.703
2784;Schmidt Denists;12 Walker Ave.;35;"BN""";Brunei;8;"AI""";Anguilla;20/04/1987 15:28;53:20.0;2327;69264.555
2785;Elle Hypnosis and Therapy Cent;12 Craven Way;2;"ZA""";Afrique du Sud;33;"BW""";Botswana;10/12/1974 09:33;20:00.0;15049;99204.31
2786;Highland Woods City Hall;456 Grossman Ln.;9;"AQ""";Antarctique;20;"BS""";Bahamas;05/12/2004 20:42;14:56.0;65880;37461.395
2787;Nitelites Party Rental;1875 Roger Williams Ave.;22;"BD""";Bangladesh;29;"BY""";Bi?lorussie;29/07/2004 03:15;33:20.0;80499;94153.64
2788;Doerner's Awnings and Canopies;313 Grove Ave.;18;"AZ""";Azerba?djan;14;"AM""";Arm?nie;26/08/1980 09:42;54:56.0;46227;5600.356
2789;Air Guatamala;1450 Harding Ave.;42;"CA""";Canada;19;"BJ""";B?nin;27/11/1975 13:35;20:00.0;52924;62567.99
2790;Ampro Office Team Ltd.;1270 Linden Ave.;42;"CA""";Canada;24;"PW""";Belau;07/02/1990 14:13;06:40.0;4058;6935.7393
2791;Woodworks Co.;654 Walnut Rd.;47;"CO""";Colombie;20;"BS""";Bahamas;27/02/2001 18:53;14:56.0;32640;408.045
2792;Transformation Enterprises;1234 Devonshire Court;27;"BM""";Bermudes;22;"BD""";Bangladesh;04/07/1977 02:22;33:20.0;93652;41076.85
2793;Bill's Dive Shop;854 Woodbine;41;"CM""";Cameroun;35;"BN""";Brunei;27/03/1994 20:27;13:20.0;54194;88688.68
2794;Glassman & Stone;120 high St.;19;"BJ""";B?nin;2;"ZA""";Afrique du Sud;24/11/1975 22:27;46:40.0;64261;45520.305
2795;Salt & Pepper Catering Service;1444 Chantilly Ln.;1;"AF""";Afghanistan;9;"AQ""";Antarctique;02/07/2001 16:47;20:00.0;95694;62980.312
2796;Dean Barnett Furniture Repair;242 Ashland Ave.;23;"BB""";Barbade;22;"BD""";Bangladesh;02/02/2005 22:13;08:16.0;10105;84988.96
2797;Energy Source Diet Centers;1777 balsamic Ave.;23;"BB""";Barbade;18;"AZ""";Azerba?djan;31/10/1974 14:00;00:00.0;70859;9638.456
2798;Yale Remins Temp Agency;433 Burton Ave.;12;"SA""";Arabie saoudite;42;"CA""";Canada;15/06/1985 06:07;14:56.0;1160;57824.715
2799;Got It All Electronics Supply;334 Lynn Terrace;1;"AF""";Afghanistan;42;"CA""";Canada;15/06/1982 23:15;48:16.0;68425;8524.928
2800;Nitelites Party Rental;2644 Princeton Ln.;31;"BO""";Bolivie;47;"CO""";Colombie;14/02/2005 12:00;28:16.0;34694;31984.59
2801;Highland Heights Gift Shop;1875 Roger Williams Ave.;21;"BH""";Bahre?n;27;"BM""";Bermudes;02/05/1970 21:15;00:00.0;61300;91640.28
2802;Woodworks Co.;1220 Heather Lane;37;"BF""";Burkina Faso;41;"CM""";Cameroun;25/08/1978 14:33;13:20.0;37972;93295.23
2803;DBN Bank;3100 Trailer Way;43;"CV""";Cap-Vert;19;"BJ""";B?nin;09/09/1978 15:40;21:36.0;16537;46025.387
2804;Maintence Services of Maine;512 Hill;26;"BZ""";Belize;1;"AF""";Afghanistan;10/09/2003 08:22;06:40.0;51059;93956.38
2805;Bee Line Publishing;1065 Hillcrest Circle;50;"KP""";Cor?e du Nord;23;"BB""";Barbade;15/03/2003 06:53;00:00.0;95631;55340.227
2806;Schnitzer Denist College;302-A Crestwood Village Rd.;9;"AQ""";Antarctique;23;"BB""";Barbade;20/01/1978 06:55;08:16.0;12192;71356.445
2807;Nina's Snow Plowing;3344 Beachwood Ln.;48;"KM""";Comores;12;"SA""";Arabie saoudite;09/06/2006 21:40;28:16.0;49800;47225.76
2808;Parkway Auto Body;242 Ashland Ave.;15;"AW""";Aruba;1;"AF""";Afghanistan;14/09/1992 00:35;06:40.0;60988;54649.83
2809;Green Bay Travel Services;1444 Chantilly Ln.;29;"BY""";Bi?lorussie;31;"BO""";Bolivie;22/12/1982 10:13;26:40.0;68424;86026.22
2810;Chands CPA;3059 Priscilla Court;6;"AD""";Andorre;21;"BH""";Bahre?n;04/07/1990 15:00;01:36.0;8607;45488.504
2811;Tub's Furniture Store;1486 Oakwood;49;"CG""";Congo;37;"BF""";Burkina Faso;26/07/2006 11:15;08:16.0;50909;31265.637
2812;Highland Woods City Hall;1875 Roger Williams Ave.;10;"AG""";Antigua-et-Barbuda;43;"CV""";Cap-Vert;02/11/2005 14:40;33:20.0;64732;11124.216
2813;Doll House Rock;1220 Heather Lane;21;"BH""";Bahre?n;26;"BZ""";Belize;31/10/2007 03:07;26:40.0;35091;90241.87
2814;Percy Photography;2644 Princeton Ln.;19;"BJ""";B?nin;50;"KP""";Cor?e du Nord;27/08/1996 16:33;13:20.0;81334;68828.875
2815;Woodworks Co.;770 Exmoor Rd.;44;"CL""";Chili;9;"AQ""";Antarctique;10/08/1996 19:00;08:16.0;52588;65124.08
2816;Peterson Roberts Carpentry;43078 Kennedy Dr.;42;"CA""";Canada;48;"KM""";Comores;16/02/1971 04:42;14:56.0;87936;60495.184
2817;Flinn Mosquito and Pest Contro;1220 Heather Lane;42;"CA""";Canada;15;"AW""";Aruba;11/05/1970 08:47;00:00.0;97973;53500.2
2818;Bill's Dive Shop;355 Golf Rd.;48;"KM""";Comores;29;"BY""";Bi?lorussie;08/03/1970 06:55;28:16.0;57380;64150.14
2819;Morton Roofing and Siding;1486 Oakwood;35;"BN""";Brunei;6;"AD""";Andorre;19/02/1990 20:40;13:20.0;37912;1656.7935
2820;Green Bay Travel Services;1860 Parkside Ln.;7;"AO""";Angola;49;"CG""";Congo;02/03/1975 13:47;46:40.0;58603;13432.843
2821;Smith & Wesson Militia;3059 Priscilla Court;25;"BE""";Belgique;10;"AG""";Antigua-et-Barbuda;10/09/1978 08:20;20:00.0;99392;44624.832
2822;Air Indonesia;1920 Sunnyside Ave.;44;"CL""";Chili;21;"BH""";Bahre?n;23/12/1974 19:47;06:40.0;71752;54550.664
2823;Libra & Sons;917 Fairview Ave.  Apt. 982;12;"SA""";Arabie saoudite;19;"BJ""";B?nin;17/04/2007 09:53;26:40.0;33664;64448.812
2824;Brand Y Creative Services;54 Lakeview Terrace;10;"AG""";Antigua-et-Barbuda;44;"CL""";Chili;04/07/1994 06:33;41:36.0;15901;41598.727
2825;Moveit Motercycle Service;1234 Devonshire Court;49;"CG""";Congo;42;"CA""";Canada;05/10/2000 14:07;00:00.0;18152;38438.117
2826;Ebert Music Center;225 Jeffrys Place;39;"CI""";C?te d'Ivoire;42;"CA""";Canada;15/11/1998 03:20;26:40.0;90664;22800.998
2827;Schmidt Denists;2267 Anderson Lane;19;"BJ""";B?nin;48;"KM""";Comores;15/12/2006 16:27;28:16.0;74947;9720.664
2828;Brand Y Creative Services;3160 Summit Ave.;9;"AQ""";Antarctique;35;"BN""";Brunei;28/05/2001 19:00;46:40.0;5632;11584.188
2829;Bako Delicatessen;218 Oakridge Ave.;11;"AN""";Antilles n?erlandaises;7;"AO""";Angola;17/07/1999 09:27;13:20.0;92215;75522.164
2830;Facelift Kitchen and Bath;1535 Knollwood Drive;49;"CG""";Congo;25;"BE""";Belgique;06/05/2000 23:13;46:40.0;84400;45780.56
2831;Truck-X Muffler Repair;1619 Judson Ave. Apt #34B;9;"AQ""";Antarctique;44;"CL""";Chili;15/05/1982 17:15;26:40.0;50834;73450.36
2832;Auto Interior Carpeting Compan;788 Tennyson Ave.;4;"DZ""";Alg?rie;12;"SA""";Arabie saoudite;28/03/1994 04:02;41:36.0;75922;59000.902
2833;Moveit Motercycle Service;115 Pleasent Ave.;14;"AM""";Arm?nie;10;"AG""";Antigua-et-Barbuda;30/09/2006 04:07;54:56.0;40380;96692.96
2834;Glenn Oaks Office Supplies;726 White Oaks Ave.;49;"CG""";Congo;49;"CG""";Congo;07/03/2005 08:00;53:20.0;78762;48592.188
2835;janice Mann Accounting Service;929 Brittany Ave.;17;"AT""";Autriche;39;"CI""";C?te d'Ivoire;20/08/2006 23:28;48:16.0;37792;8981.372
2836;New Dehli Auto Exchange;2032 Northbrook Ct.;9;"AQ""";Antarctique;19;"BJ""";B?nin;06/03/1971 17:08;48:16.0;83400;79896.43
2837;Gordon & Son Brockerage Ltd.;3160 Summit Ave.;12;"SA""";Arabie saoudite;9;"AQ""";Antarctique;19/04/2000 11:07;40:00.0;77915;34482.43
2838;Crosstracks Car Wash;4467 Sheridan Rd.;34;"BR""";Br?sil;11;"AN""";Antilles n?erlandaises;03/08/2002 02:47;20:00.0;66554;85620.23
2839;Pete's Auto Repair;970 Vilas Circle;38;"BI""";Burundi;49;"CG""";Congo;29/11/1990 17:33;33:20.0;95208;42451.844
2840;Hibop Heating and Air Conditio;430 Oakland Drive;10;"AG""";Antigua-et-Barbuda;9;"AQ""";Antarctique;15/04/2003 01:42;33:20.0;29080;90546.9
2841;Schmidt Denists;35 Glenlake Dr.;35;"BN""";Brunei;4;"DZ""";Alg?rie;24/08/2001 01:27;14:56.0;59202;38800.2
2842;Terrinni & Son Auto and Truck;54 Lakeview Terrace;1;"AF""";Afghanistan;14;"AM""";Arm?nie;12/08/1970 17:42;08:16.0;51832;85766.76
2843;Smith Communications Inc.;1750 Lily Court;16;"AU""";Australie;49;"CG""";Congo;23/03/2005 08:42;46:40.0;85156;79534.55
2844;Mac Computer Warehouse;1715 Chicago Ave.;49;"CG""";Congo;17;"AT""";Autriche;11/05/1986 13:53;53:20.0;13776;51920.953
2845;Got It All Electronics Supply;465 Stratford Rd.;30;"MM""";Birmanie;9;"AQ""";Antarctique;27/12/1996 04:13;00:00.0;18050;71415.64
2846;Happ Aluminum Siding Co.;643 De Temple Rd.;44;"CL""";Chili;12;"SA""";Arabie saoudite;05/09/2006 09:40;00:00.0;22989;58096.574
2847;Green Bay Travel Services;4763 Blackhawk Rd.;23;"BB""";Barbade;34;"BR""";Br?sil;15/11/2000 10:00;20:00.0;81864;94504.09
2848;Green Bay Travel Services;3160 Summit Ave.;46;"CY""";Chypre;38;"BI""";Burundi;25/08/1983 03:42;34:56.0;65238;61834.938
2849;Hi-Land Art & Frame;937 Judson Ave.;45;"CN""";Chine;10;"AG""";Antigua-et-Barbuda;11/03/2006 08:55;48:16.0;3516;32480.01
2850;Air Guatamala;54 Lakeview Terrace;4;"DZ""";Alg?rie;35;"BN""";Brunei;29/08/1989 21:55;34:56.0;60982;6294.9507
2852;Crosstracks Car Wash;22 Clay rd.;35;"BN""";Brunei;16;"AU""";Australie;08/09/1970 17:40;46:40.0;1120;53419.508
2853;Air India;643 De Temple Rd.;3;"AL""";Albanie;49;"CG""";Congo;27/02/1986 22:28;13:20.0;86048;45784.664
2854;North Shore Appliance Service;750 Homewood Ave.;35;"BN""";Brunei;30;"MM""";Birmanie;21/01/1990 13:08;40:00.0;11456;70420.78
2855;Nel Video Productions;139 Bay Colony Dr.;15;"AW""";Aruba;44;"CL""";Chili;28/09/1980 15:40;48:16.0;93800;92506.48
2856;Arthur M. Feildberg Galleries;1547 Vine;19;"BJ""";B?nin;23;"BB""";Barbade;10/09/1983 08:35;21:36.0;85530;15920.891
2857;Shaggy's Grooming Services;671 Blackstone Ave.;5;"DE""";Allemagne;46;"CY""";Chypre;08/10/1986 04:48;40:00.0;91488;61175.895
2858;Mergenthaler Inc.;115 Judson Rd.;23;"BB""";Barbade;45;"CN""";Chine;19/09/1983 14:48;20:00.0;67868;36576.957
2859;Woodworks Co.;1486 Old Deerfield Rd.;33;"BW""";Botswana;4;"DZ""";Alg?rie;12/05/1974 15:13;14:56.0;31375;28930.438
2860;Keep Cool Air Conditioner Repa;1287 Glencoe Ave.;48;"KM""";Comores;19;"BJ""";B?nin;19/05/2006 05:28;06:40.0;73200;71804.17
2861;janice Mann Accounting Service;917 Fairview Ave.  Apt. 982;39;"CI""";C?te d'Ivoire;35;"BN""";Brunei;02/03/1971 11:07;26:40.0;58956;67512.85
2862;Air Indonesia;581 Hill St. Apt. 234;36;"BG""";Bulgarie;3;"AL""";Albanie;12/11/1971 02:13;40:00.0;64342;16386.11
2863;Energy Source Diet Centers;839 Burton Ave;26;"BZ""";Belize;35;"BN""";Brunei;20/12/1987 00:53;54:56.0;19868;30296.084
2864;Dean Grant Buick and Crysler;425 Lake Ave.;1;"AF""";Afghanistan;15;"AW""";Aruba;09/08/1996 04:07;53:20.0;69153;68238.664
2865;Vecot Inc.;430 Oakland Drive;14;"AM""";Arm?nie;19;"BJ""";B?nin;24/09/1987 06:33;06:40.0;19890;43384.52
2866;Block Boats and Lures;1 Twin Oaks Place;33;"BW""";Botswana;5;"DE""";Allemagne;20/01/2001 06:40;00:00.0;77100;77368.664
2867;North West Gas Co.;201-C Frontage Rd.;27;"BM""";Bermudes;23;"BB""";Barbade;23/10/2001 06:48;46:40.0;61424;14875.895
2868;Morton Roofing and Siding;5518 Madison St.;8;"AI""";Anguilla;33;"BW""";Botswana;02/02/1972 17:33;20:00.0;14386;87212.01
2869;Venturi Discount Drugs;2112 Ravine Drive;31;"BO""";Bolivie;48;"KM""";Comores;09/05/1975 10:33;13:20.0;92923;81958.59
2870;Glenwood Credit Union;218 Oakridge Ave.;46;"CY""";Chypre;39;"CI""";C?te d'Ivoire;05/10/2004 13:28;48:16.0;72976;25231.98
2871;Pete's Auto Repair;632 Florence Dr.;38;"BI""";Burundi;36;"BG""";Bulgarie;23/01/2006 19:47;28:16.0;16543;38732.2
2872;Smith Communications Inc.;1715 Chicago Ave.;20;"BS""";Bahamas;26;"BZ""";Belize;22/05/1970 05:53;06:40.0;91430;23330.195
2873;Nyman Interior Design;1831 Beverly Place #9D;46;"CY""";Chypre;1;"AF""";Afghanistan;08/02/2007 02:00;46:40.0;55702;81288.64
2874;Marcy Elaine Bakery;3062 Lindenwood Ln.;28;"BT""";Bhoutan;14;"AM""";Arm?nie;22/06/1994 16:47;53:20.0;60211;11750.987
2875;Chands CPA;1450 Harding Ave.;25;"BE""";Belgique;33;"BW""";Botswana;21/07/1975 19:40;06:40.0;43081;64630.453
2876;Resnick DDS;511 Hill;44;"CL""";Chili;27;"BM""";Bermudes;08/12/1992 07:33;08:16.0;17796;51330.81
2878;Camp Oconomowoc;1882 St. Johns;24;"PW""";Belau;31;"BO""";Bolivie;17/03/2004 05:07;06:40.0;31839;11110.449
2879;New Dehli Auto Exchange;1882 St. Johns;36;"BG""";Bulgarie;46;"CY""";Chypre;09/07/1990 22:47;08:16.0;35512;53680.906
2880;Air India;2045 St. johns Ave.;25;"BE""";Belgique;38;"BI""";Burundi;03/08/1980 15:13;40:00.0;10896;93120.34
2881;Happ Aluminum Siding Co.;3385 University Ave.;24;"PW""";Belau;20;"BS""";Bahamas;04/11/2004 07:07;06:40.0;57790;24776.844
2882;Masterlands Cleaning;1715 Chicago Ave.;27;"BM""";Bermudes;46;"CY""";Chypre;16/05/1986 05:00;06:40.0;37140;68331.414
2883;Block Boats and Lures;1715 Chicago Ave.;7;"AO""";Angola;28;"BT""";Bhoutan;01/12/2004 14:40;06:40.0;71536;80206.08
2884;Air India;1126 Hillcrest Ave;49;"CG""";Congo;25;"BE""";Belgique;12/07/1987 23:28;33:20.0;78897;92948.42
2885;P K M Packaging Supply;3181 Barkwood Ct.;13;"AR""";Argentine;44;"CL""";Chili;07/07/1993 16:47;21:36.0;67030;87204.5
2886;Keep Cool Air Conditioner Repa;22 Clay rd.;36;"BG""";Bulgarie;32;"BA""";Bosnie-Herz?govine;29/09/2000 14:33;06:40.0;19034;91723.3
2887;Salt & Pepper Catering Service;313 Grove Ave.;5;"DE""";Allemagne;24;"PW""";Belau;08/07/1970 16:47;33:20.0;4060;27944.674
2888;Pac Builders;1575 Oakwood Ave.;40;"KH""";Cambodge;36;"BG""";Bulgarie;29/06/1972 22:07;48:16.0;95366;69226.48
2889;Jay's Cabinet Company;632 Roger Williams;22;"BD""";Bangladesh;25;"BE""";Belgique;04/12/1982 05:22;14:56.0;54918;93570.9
2890;Hilco Auto Body;2148 Eastview Dr.;47;"CO""";Colombie;24;"PW""";Belau;07/03/1972 07:07;28:16.0;71986;85827.64
2891;Michael Montgomery Hair Saloon;4259 W. Lake Ave.;15;"AW""";Aruba;27;"BM""";Bermudes;21/08/1996 05:00;46:40.0;38188;52254.984
2892;Morgan Construction Co;616 Cobblestone Cir.;37;"BF""";Burkina Faso;7;"AO""";Angola;04/04/1970 06:53;41:36.0;91040;35017.66
2893;DBN Bank;785 Highland place;41;"CM""";Cameroun;49;"CG""";Congo;16/05/2002 09:53;00:00.0;52860;51588.207
2894;Ernie's Foriegn Car Service;4467 Sheridan Rd.;6;"AD""";Andorre;13;"AR""";Argentine;02/04/1993 14:13;34:56.0;41659;7550.59
2895;Lee Stairworks and Carpentry,;231 Sheriden Rd.;12;"SA""";Arabie saoudite;36;"BG""";Bulgarie;18/11/1986 19:48;33:20.0;48928;50773.816
2896;Got It All Electronics Supply;1658 Second St.;41;"CM""";Cameroun;5;"DE""";Allemagne;16/04/2002 15:28;01:36.0;82334;35232.74
2897;Peterson Roberts Carpentry;12 Skokie Valley Rd.;45;"CN""";Chine;40;"KH""";Cambodge;07/04/2004 20:48;46:40.0;4168;49889.58
2898;Arthur M. Feildberg Galleries;430 Oakland Drive;14;"AM""";Arm?nie;22;"BD""";Bangladesh;15/12/2000 01:07;34:56.0;31454;86127.03
2899;MedicServe Medical Supply;1658 Second St.;37;"BF""";Burkina Faso;47;"CO""";Colombie;12/02/1974 11:20;00:00.0;94880;10592.082
2900;Keep Cool Air Conditioner Repa;456 Grossman Ln.;45;"CN""";Chine;15;"AW""";Aruba;11/03/2001 01:07;13:20.0;39911;51888.688
2901;Morgan Construction Co;313 Grove Ave.;28;"BT""";Bhoutan;37;"BF""";Burkina Faso;17/03/2004 05:07;00:00.0;74204;24787.19
2902;Nina's Snow Plowing;600 Central Ave.;48;"KM""";Comores;41;"CM""";Cameroun;22/02/2001 13:33;48:16.0;37557;27463.389
2903;Kosmo Consulting;1975 elmwood Circle;46;"CY""";Chypre;6;"AD""";Andorre;05/12/2000 16:40;00:00.0;2700;70358.586
2904;Pac Builders;1907 S. Prospect Ave.;12;"SA""";Arabie saoudite;12;"SA""";Arabie saoudite;06/03/2001 00:55;13:20.0;28359;31120.715
2905;Peterson Roberts Carpentry;1831 Beverly Place #9D;26;"BZ""";Belize;41;"CM""";Cameroun;02/02/2000 19:08;20:00.0;82246;52408.023
2906;Shaggy's Grooming Services;600 Central Ave;34;"BR""";Br?sil;45;"CN""";Chine;27/04/1980 17:13;21:36.0;56000;76074.7
2907;Hilco Auto Body;231 Sheriden Rd.;17;"AT""";Autriche;14;"AM""";Arm?nie;26/11/1992 06:40;00:00.0;14585;26032.26
2908;Gilbert Co.;12 Fort Sheriden Ave.;41;"CM""";Cameroun;37;"BF""";Burkina Faso;01/03/1985 04:40;20:00.0;70123;64584.99
2909;Ernie's Foriegn Car Service;425 Lake Ave.;18;"AZ""";Azerba?djan;45;"CN""";Chine;21/03/2000 01:22;46:40.0;2576;68624.36
2910;Deer Lake Inn;1101 Deerfield Place;25;"BE""";Belgique;28;"BT""";Bhoutan;26/01/1989 06:40;01:36.0;49326;25121.064
2911;Glenwood Credit Union;574 Chicago Ave.;49;"CG""";Congo;48;"KM""";Comores;17/09/1975 16:33;08:16.0;71360;57120.152
2912;Parties Galore Golf Course;1882 St. Johns;18;"AZ""";Azerba?djan;46;"CY""";Chypre;30/01/1982 00:53;46:40.0;9868;53690.47
2913;Kosmo Consulting;433 Burton Ave.;48;"KM""";Comores;12;"SA""";Arabie saoudite;13/07/2006 17:42;34:56.0;18888;395.7483
2914;Mergenthaler Inc.;4522 N. Greenview Apt. 1B;24;"PW""";Belau;26;"BZ""";Belize;11/04/1994 22:33;13:20.0;81367;73692.945
2915;Park District Of America;367Bluebird Terr.;29;"BY""";Bi?lorussie;34;"BR""";Br?sil;01/07/1985 22:07;33:20.0;86214;70218.93
2916;Trapezoid Studios;220 Vine Ave.;14;"AM""";Arm?nie;17;"AT""";Autriche;26/10/1970 22:15;01:36.0;45172;44416.027
2917;Lickmen Restoration;367Bluebird Terr.;19;"BJ""";B?nin;41;"CM""";Cameroun;03/04/2007 12:33;46:40.0;10689;34740.766
2918;Palmer Golf Supplies;643 De Temple Rd.;39;"CI""";C?te d'Ivoire;18;"AZ""";Azerba?djan;02/07/1992 19:00;40:00.0;35727;65780.94
2919;Parkway Auto Body;854 Woodbine;16;"AU""";Australie;25;"BE""";Belgique;02/07/2005 06:33;21:36.0;73859;71348.63
2920;Got It All Electronics Supply;2479 Woodridge Drive;38;"BI""";Burundi;49;"CG""";Congo;02/05/1972 05:02;34:56.0;44479;97336.125
2921;Nina's Snow Plowing;628 Orwenstensia;7;"AO""";Angola;18;"AZ""";Azerba?djan;03/02/2005 14:53;08:16.0;74640;6848.368
2922;Pasifico Inc.;224  Highwood Ave.;15;"AW""";Aruba;48;"KM""";Comores;17/11/2007 11:47;20:00.0;32532;65264.64
2923;Esmarda Chemical Manufacturers;1155 Ridgewood Drive;19;"BJ""";B?nin;24;"PW""";Belau;27/07/2001 07:42;28:16.0;47462;23675.904
2924;Doll House Rock;139 Bay Colony Dr.;27;"BM""";Bermudes;29;"BY""";Bi?lorussie;19/03/2005 05:22;48:16.0;46860;16200.936
2925;Camp Oconomowoc;788 Tennyson Ave.;25;"BE""";Belgique;14;"AM""";Arm?nie;08/02/1970 21:20;48:16.0;4940;65058.473
2926;Lutz Soft Cloth Car Wash;1957 Huntington Ave.;46;"CY""";Chypre;19;"BJ""";B?nin;07/11/1980 15:47;33:20.0;58230;91579.234
2927;Chicagoland Cleaners;12 Craven Way;46;"CY""";Chypre;39;"CI""";C?te d'Ivoire;11/10/1971 21:13;13:20.0;62433;31666.152
2928;Gourmet the Frog;505 N. Frances St.;7;"AO""";Angola;16;"AU""";Australie;25/01/1992 00:40;41:36.0;87712;35285.277
2929;Transformation Enterprises;632 Roger Williams;26;"BZ""";Belize;38;"BI""";Burundi;01/03/1975 17:35;41:36.0;11932;40508.586
2930;BBQ Smith's Tex Mex;746 Judson Place;35;"BN""";Brunei;7;"AO""";Angola;14/08/1977 18:22;01:36.0;1251;64666.594
2931;Shaggy's Grooming Services;225 Jeffrys Place;40;"KH""";Cambodge;15;"AW""";Aruba;28/08/2006 22:20;34:56.0;64025;95514.34
2932;P K M Packaging Supply;2112 Ravine Drive;34;"BR""";Br?sil;19;"BJ""";B?nin;24/06/2001 03:13;34:56.0;99750;42731.207
2933;Crossroads Construction, Inc.;1185 County line Rd.;21;"BH""";Bahre?n;27;"BM""";Bermudes;20/08/2004 03:02;34:56.0;50608;79995.5
2934;Parkway Auto Body;201-C Frontage Rd.;27;"BM""";Bermudes;25;"BE""";Belgique;28/11/1971 07:07;34:56.0;95600;24375.49
2935;Marcy Elaine Bakery;3181 Barkwood Ct.;7;"AO""";Angola;46;"CY""";Chypre;18/09/2001 05:53;46:40.0;78530;73065.61
2936;First National Bank of Ottowa;355 Golf Rd.;1;"AF""";Afghanistan;46;"CY""";Chypre;13/09/1980 03:27;46:40.0;84741;29780.174
2937;Mergenthaler Inc.;673 Calais Drive;26;"BZ""";Belize;7;"AO""";Angola;09/11/1975 01:08;34:56.0;49916;1920.048
2938;Funnyface Amusement Games;245 Oakridge Ave.;40;"KH""";Cambodge;26;"BZ""";Belize;08/11/1993 23:07;01:36.0;86852;85004.55
2939;Nyman Interior Design;2148 Eastview Dr.;42;"CA""";Canada;35;"BN""";Brunei;11/01/1972 17:47;54:56.0;83256;41444.97
2940;Chands CPA;1750 Lily Court;4;"DZ""";Alg?rie;40;"KH""";Cambodge;09/07/1980 22:48;06:40.0;76295;45600.176
2941;Tub's Furniture Store;1770 first St.;26;"BZ""";Belize;34;"BR""";Br?sil;06/12/2001 04:27;46:40.0;61320;33340.12
2942;Air Indonesia;1486 Oakwood;1;"AF""";Afghanistan;21;"BH""";Bahre?n;14/10/2000 01:13;08:16.0;56302;6392.4575
2943;Perimeter Security Consultants;2032 Northbrook Ct.;16;"AU""";Australie;27;"BM""";Bermudes;21/11/1971 08:27;26:40.0;43406;57328.844
2944;Cutter Lawn Mower Repair;3160 Summit Ave.;27;"BM""";Bermudes;7;"AO""";Angola;05/10/1978 19:27;00:00.0;2600;12676.537
2945;Childress Child Day Care;3062 Lindenwood Ln.;17;"AT""";Autriche;1;"AF""";Afghanistan;28/04/2000 01:40;34:56.0;14188;65235.277
2946;Lake Shore Publishing;242 Ashland Ave.;48;"KM""";Comores;26;"BZ""";Belize;16/11/1985 03:33;06:40.0;76312;64224.195
2947;Portugal, Liddy, & Son Ltd.;1882 St. Johns;5;"DE""";Allemagne;40;"KH""";Cambodge;26/01/2006 18:27;53:20.0;46353;10160.889
2948;Schmidt Denists;135 Lakewood place;27;"BM""";Bermudes;42;"CA""";Canada;06/11/1994 22:13;01:36.0;44734;15754.451
2949;janice Mann Accounting Service;1535 Knollwood Drive;29;"BY""";Bi?lorussie;4;"DZ""";Alg?rie;16/11/1989 06:13;01:36.0;13032;12319.832
2950;Camp Oconomowoc;1486 Old Deerfield Rd.;8;"AI""";Anguilla;26;"BZ""";Belize;28/04/1982 08:35;34:56.0;22772;51305.777
2951;K L Consulting;1714 Clifton Rd.;5;"DE""";Allemagne;1;"AF""";Afghanistan;14/01/1987 22:00;13:20.0;54764;57568.38
2952;Truck-X Muffler Repair;3100 Trailer Way;46;"CY""";Chypre;16;"AU""";Australie;02/12/2006 13:48;14:56.0;68560;34990.652
2953;Chands CPA;616 Cobblestone Cir.;3;"AL""";Albanie;27;"BM""";Bermudes;10/01/1970 13:48;00:00.0;24863;19400.652
2954;Michael Montgomery Hair Saloon;12 Broadview Lane;5;"DE""";Allemagne;17;"AT""";Autriche;25/07/1999 11:53;41:36.0;69044;33555.68
2955;Green Bay Travel Services;2267 Anderson Lane;27;"BM""";Bermudes;48;"KM""";Comores;19/06/1992 14:20;34:56.0;57058;26477.93
2956;Loyal Order of Buffalo;2505 Allison ct.;5;"DE""";Allemagne;5;"DE""";Allemagne;22/09/1993 20:48;53:20.0;67840;61306.86
2957;Highland Woods City Hall;1155 Ridgewood Drive;41;"CM""";Cameroun;27;"BM""";Bermudes;20/03/1996 22:13;46:40.0;23714;27856.291
2958;DBN Bank;629 Kincaid Ave.;45;"CN""";Chine;29;"BY""";Bi?lorussie;21/07/2003 16:07;06:40.0;35162;51876.098
2959;MedicServe Medical Supply;14836 W. River Oaks Dr.;35;"BN""";Brunei;8;"AI""";Anguilla;27/05/2006 23:02;21:36.0;70138;11737.634
2960;janice Mann Accounting Service;244 Briar Ln;11;"AN""";Antilles n?erlandaises;5;"DE""";Allemagne;10/03/1989 10:02;00:00.0;60220;37169.562
2961;Marks, Marks, and Kaplan Ltd.;120 high St.;50;"KP""";Cor?e du Nord;46;"CY""";Chypre;16/09/2001 05:00;14:56.0;51712;65982.78
2962;Glassman & Stone;917 Fairview Ave.  Apt. 982;7;"AO""";Angola;3;"AL""";Albanie;25/12/1992 05:07;00:00.0;98400;92480.28
2963;Cutter Lawn Mower Repair;21 Lakeview Terrace #2312;34;"BR""";Br?sil;5;"DE""";Allemagne;30/11/1972 19:33;14:56.0;77810;27164.635
2964;Griffith Paving and Sealcoatin;1575 Oak Ave.  Apt. 2C;44;"CL""";Chili;27;"BM""";Bermudes;24/03/1974 03:22;00:00.0;17518;14504.086
2965;John G. Hartling Ltd.;1957 Huntington Ave.;45;"CN""";Chine;5;"DE""";Allemagne;17/06/2006 02:48;08:16.0;53400;12612.79
2966;Hilco Auto Body;511 Hill;41;"CM""";Cameroun;41;"CM""";Cameroun;11/03/1977 11:22;06:40.0;16262;89986.33
2967;Tub's Furniture Store;1715 Chicago Ave.;7;"AO""";Angola;45;"CN""";Chine;08/07/1998 13:13;33:20.0;87560;78374.03
2968;Ernie's Foriegn Car Service;1486 Old Deerfield Rd.;22;"BD""";Bangladesh;35;"BN""";Brunei;03/10/1997 18:33;06:40.0;9655;52286.25
2969;Flinn Mosquito and Pest Contro;3478 Bryn Mawr St.;38;"BI""";Burundi;11;"AN""";Antilles n?erlandaises;06/02/2006 03:08;01:36.0;92952;48767.293
2970;Chicagoland Cleaners;2936 Arlington Ave.;46;"CY""";Chypre;50;"KP""";Cor?e du Nord;31/12/1977 14:42;20:00.0;61998;62172.05
2971;Hilco Auto Body;3148 cottonwood Ct.;21;"BH""";Bahre?n;7;"AO""";Angola;19/05/1971 19:55;06:40.0;73117;94880.39
2972;Ampro Office Team Ltd.;1234 Devonshire Court;27;"BM""";Bermudes;34;"BR""";Br?sil;05/02/2001 23:35;00:00.0;29814;20176.336
2973;Hilco Auto Body;3181 Barkwood Ct.;42;"CA""";Canada;44;"CL""";Chili;09/06/1977 00:20;53:20.0;80356;54696.465
2974;Highland Heights Gift Shop;12 Fort Sheriden Ave.;41;"CM""";Cameroun;45;"CN""";Chine;04/09/1971 11:15;06:40.0;32002;8650.145
2975;Mail Boxes Et. Al.;35 Glenlake Dr.;43;"CV""";Cap-Vert;41;"CM""";Cameroun;30/09/1970 00:47;34:56.0;37415;28707.883
2976;Yale Remins Temp Agency;1859 Green Bay Rd.;34;"BR""";Br?sil;7;"AO""";Angola;06/11/2007 16:42;28:16.0;12880;58609.59
2977;Myers Chocolates and Confectio;21 Lakeview Terrace #2312;24;"PW""";Belau;22;"BD""";Bangladesh;15/09/1972 00:07;01:36.0;35742;3980.5986
2978;Hardee Woodwork Ltd.;788 Tennyson Ave.;43;"CV""";Cap-Vert;38;"BI""";Burundi;19/03/1975 22:27;33:20.0;27976;63520.656
2979;Sigman and Freud Psychiatry;2505 Allison ct.;1;"AF""";Afghanistan;46;"CY""";Chypre;17/12/1994 21:33;53:20.0;55884;45858.258
2980;George Lee Antiques;115 Judson Rd.;45;"CN""";Chine;21;"BH""";Bahre?n;10/10/1993 14:33;13:20.0;79919;88008.625
2981;K L Consulting;3478 Bryn Mawr St.;8;"AI""";Anguilla;27;"BM""";Bermudes;13/12/1974 00:42;20:00.0;75714;74529.37
2982;Camp Oconomowoc;1954 First St.;33;"BW""";Botswana;42;"CA""";Canada;30/06/2001 15:53;21:36.0;17600;83920.78
2983;Truck-X Muffler Repair;2632 Prarie Ln.;25;"BE""";Belgique;41;"CM""";Cameroun;11/07/2006 03:40;00:00.0;84800;42208.926
2984;Dean Grant Buick and Crysler;4522 N. Greenview Apt. 1B;42;"CA""";Canada;43;"CV""";Cap-Vert;21/04/2006 03:13;34:56.0;69048;65069.64
2986;Bill's Dive Shop;3385 University Ave.;25;"BE""";Belgique;24;"PW""";Belau;12/10/2006 21:40;54:56.0;61914;51779.05
2987;Deer Lake Inn;969 Saxony Drive;10;"AG""";Antigua-et-Barbuda;43;"CV""";Cap-Vert;05/08/1977 12:08;48:16.0;31692;48924.277
2988;Air France;10 Marquette Rd.;43;"CV""";Cap-Vert;1;"AF""";Afghanistan;18/09/2001 05:53;34:56.0;9210;21912.098
2989;Pasifico Inc.;430 Oakland Drive;43;"CV""";Cap-Vert;45;"CN""";Chine;22/02/1992 12:00;14:56.0;24530;95840.2
2990;Maintence Services of Maine;220 Vine Ave.;18;"AZ""";Azerba?djan;8;"AI""";Anguilla;18/01/1980 07:08;33:20.0;77444;59768.46
2991;Mail Boxes Et. Al.;2024 St.Johns Ave.;14;"AM""";Arm?nie;33;"BW""";Botswana;27/08/2001 06:07;53:20.0;89512;36420.598
2992;Dapper's Antiques;1547 Vine;15;"AW""";Aruba;25;"BE""";Belgique;14/03/1978 05:07;20:00.0;94720;70784.19
2993;Air Indonesia;3148 cottonwood Ct.;10;"AG""";Antigua-et-Barbuda;42;"CA""";Canada;02/01/2005 21:07;08:16.0;54333;18371.953
2994;Pac Builders;135 Lakewood place;15;"AW""";Aruba;45;"CN""";Chine;26/09/1994 07:13;26:40.0;18075;60870.258
2995;Marks, Marks, and Kaplan Ltd.;1831 Beverly Place #9D;48;"KM""";Comores;25;"BE""";Belgique;13/04/1990 10:47;48:16.0;15200;37981.46
2996;Dean Grant Buick and Crysler;367Bluebird Terr.;37;"BF""";Burkina Faso;10;"AG""";Antigua-et-Barbuda;24/06/1993 14:08;14:56.0;43828;76868.0
2997;Dependable Plumbing and Sewer;1831 Beverly Place #9D;3;"AL""";Albanie;43;"CV""";Cap-Vert;28/08/2001 13:00;00:00.0;15859;23925.46
2998;DBN Bank;225 Jeffrys Place;48;"KM""";Comores;43;"CV""";Cap-Vert;29/10/2002 14:00;48:16.0;8755;19630.512
2999;AAA Daniels Antiques;2479 Woodridge Drive;33;"BW""";Botswana;18;"AZ""";Azerba?djan;15/05/2001 02:07;14:56.0;30866;6844.219
3000;Crosstracks Car Wash;1839 McCraren Rd.;50;"KP""";Cor?e du Nord;14;"AM""";Arm?nie;11/07/1983 00:22;53:20.0;2295;91452.33
3001;Moveit Motercycle Service;4259 W. Lake Ave.;34;"BR""";Br?sil;15;"AW""";Aruba;02/12/1970 23:08;13:20.0;11484;72089.51
3002;Dean Barnett Furniture Repair;1486 Old Deerfield Rd.;18;"AZ""";Azerba?djan;10;"AG""";Antigua-et-Barbuda;18/09/1994 04:47;26:40.0;78334;51290.242
3003;Bernhardt Ltd.;1550 Ridge Rd.;49;"CG""";Congo;15;"AW""";Aruba;17/02/2002 09:47;14:56.0;4165;58120.652
3004;North Shore Appliance Service;115 Judson Rd.;45;"CN""";Chine;48;"KM""";Comores;24/07/1977 14:47;41:36.0;2394;28822.451
3005;Lake Shore Publishing;937 Judson Ave.;48;"KM""";Comores;37;"BF""";Burkina Faso;29/08/2001 20:20;40:00.0;58640;73808.414
3006;Foy Aviation;218 Oakridge Ave.;24;"PW""";Belau;3;"AL""";Albanie;11/03/1977 11:22;46:40.0;5805;25094.861
3007;Vecot Inc.;218 Oakridge Ave.;34;"BR""";Br?sil;48;"KM""";Comores;16/07/1990 21:27;40:00.0;20967;5832.289
3008;Smith & Wesson Militia;425 Lake Ave.;44;"CL""";Chili;33;"BW""";Botswana;13/04/2000 07:08;54:56.0;20014;45285.957
3009;Highland Woods City Hall;465 Stratford Rd.;45;"CN""";Chine;50;"KP""";Cor?e du Nord;20/08/1978 12:20;33:20.0;99916;66814.36
3010;Car Suite Cleaners;12 Craven Way;5;"DE""";Allemagne;34;"BR""";Br?sil;06/08/1985 08:07;26:40.0;59154;67624.31
3011;Hardee Woodwork Ltd.;1957 Huntington Ave.;10;"AG""";Antigua-et-Barbuda;18;"AZ""";Azerba?djan;03/07/1994 19:27;20:00.0;70644;70996.73
3012;Tub's Furniture Store;673 Calais Drive;6;"AD""";Andorre;49;"CG""";Congo;21/10/1996 13:13;20:00.0;74838;59100.17
3013;Pivot Point College;2870 Skokie Rd.;8;"AI""";Anguilla;45;"CN""";Chine;01/11/2001 12:02;00:00.0;97662;7300.288
3014;Dapper's Antiques;929 Brittany Ave.;16;"AU""";Australie;48;"KM""";Comores;27/06/1992 07:42;46:40.0;92520;37080.914
3015;Eva Galler Galleries Inc.;1777 balsamic Ave.;44;"CL""";Chili;24;"PW""";Belau;22/02/1975 00:13;20:00.0;86693;98520.54
3016;Lidhal design Corp.;225 Jeffrys Place;34;"BR""";Br?sil;34;"BR""";Br?sil;10/06/1989 06:33;41:36.0;34108;83530.2
3017;Bako Delicatessen;854 Woodbine;47;"CO""";Colombie;44;"CL""";Chili;10/10/2001 05:40;20:00.0;38698;42400.94
3018;Park District Of America;42 Valley Rd.;17;"AT""";Autriche;45;"CN""";Chine;10/01/1986 00:13;33:20.0;36860;6000.7295
3019;American Apartments;1535 Knollwood Drive;50;"KP""";Cor?e du Nord;5;"DE""";Allemagne;01/05/2006 19:42;00:00.0;7667;57220.445
3020;Caranisco Homes;218 Oakridge Ave.;40;"KH""";Cambodge;10;"AG""";Antigua-et-Barbuda;17/03/1977 15:20;00:00.0;6448;39530.59
3021;Pete's Auto Repair;3487 Green Bay Rd.;49;"CG""";Congo;6;"AD""";Andorre;18/06/1996 20:48;00:00.0;74590;84136.25
3022;Eva Galler Galleries Inc.;1444 Chantilly Ln.;21;"BH""";Bahre?n;8;"AI""";Anguilla;25/08/2005 16:07;00:00.0;80150;13084.839
3023;Chicagoland Cleaners;1547 Vine;36;"BG""";Bulgarie;16;"AU""";Australie;31/12/1987 14:40;26:40.0;3866;83274.96
3024;Darcy Frame and Matting Servic;2870 Skokie Rd.;45;"CN""";Chine;44;"CL""";Chili;26/06/1983 19:27;40:00.0;18348;52074.92
3025;MedicServe Medical Supply;788 Tennyson Ave.;4;"DZ""";Alg?rie;34;"BR""";Br?sil;30/10/2003 07:47;00:00.0;24970;86760.06
3026;Parties Galore Golf Course;669 Kikaid;37;"BF""";Burkina Faso;47;"CO""";Colombie;27/06/1985 23:40;00:00.0;5618;39732.8
3027;Johnson, Erico & Co CPA's;241 Callan Rd.;18;"AZ""";Azerba?djan;17;"AT""";Autriche;23/11/1980 04:00;53:20.0;53285;27866.473
3028;Nel Video Productions;1831 Beverly Place #9D;39;"CI""";C?te d'Ivoire;50;"KP""";Cor?e du Nord;14/08/1993 12:22;21:36.0;62184;1064.552
3029;Peterson Roberts Carpentry;77 Blackhawk Rd;20;"BS""";Bahamas;40;"KH""";Cambodge;20/06/1996 09:40;06:40.0;61480;72420.81
3030;Ebert Music Center;1234 Devonshire Court;40;"KH""";Cambodge;49;"CG""";Congo;24/01/2000 19:33;41:36.0;93888;26470.352
3031;Air Indonesia;355 Golf Rd.;37;"BF""";Burkina Faso;21;"BH""";Bahre?n;24/01/1971 10:13;01:36.0;31515;55668.61
3032;Funnyface Amusement Games;445 Park Ave.;31;"BO""";Bolivie;36;"BG""";Bulgarie;14/07/2006 19:00;48:16.0;78360;56256.902
3033;Doll House Rock;632 Florence Dr.;38;"BI""";Burundi;45;"CN""";Chine;14/06/1972 09:53;54:56.0;64241;84144.375
3034;Bill's Dive Shop;643 De Temple Rd.;24;"PW""";Belau;4;"DZ""";Alg?rie;22/03/2007 12:42;14:56.0;85936;75483.01
3035;Facelift Kitchen and Bath;218 Oakridge Ave.;12;"SA""";Arabie saoudite;37;"BF""";Burkina Faso;01/11/2001 21:07;40:00.0;3164;58476.75
3036;Loyal Order of Buffalo;5518 Madison St.;37;"BF""";Burkina Faso;18;"AZ""";Azerba?djan;03/07/1980 09:13;00:00.0;29602;45710.555
3037;Pete's Auto Repair;3150 Skokie Valley Rd.;12;"SA""";Arabie saoudite;39;"CI""";C?te d'Ivoire;28/07/1982 19:02;00:00.0;48772;34298.465
3038;Libra & Sons;21 Lakeview Terrace #2312;42;"CA""";Canada;20;"BS""";Bahamas;30/04/1975 15:27;40:00.0;57738;15016.13
3039;Bee Line Publishing;1619 Judson Ave. Apt #34B;35;"BN""";Brunei;40;"KH""";Cambodge;20/06/2006 07:40;26:40.0;41926;32163.016
3040;North Park Lighting Galleries;1233 Arbor Rd.;13;"AR""";Argentine;37;"BF""";Burkina Faso;31/12/1986 15:35;00:00.0;25450;86653.41
3041;Lutz Soft Cloth Car Wash;266 Green Bay Rd.;42;"CA""";Canada;31;"BO""";Bolivie;26/11/1974 19:48;26:40.0;81150;18692.578
3042;Glenwood Credit Union;43078 Kennedy Dr.;41;"CM""";Cameroun;38;"BI""";Burundi;04/06/1990 01:40;08:16.0;31135;65412.11
3043;Glassman & Stone;807 Old Trail Rd.;41;"CM""";Cameroun;24;"PW""";Belau;27/11/1997 03:07;26:40.0;62400;46430.38
3044;Foy Aviation;746 Judson Place;24;"PW""";Belau;12;"SA""";Arabie saoudite;07/06/1974 09:55;53:20.0;27070;53820.887
3045;Meonits & Mogogni Inc.;45 South Deer Creek Drive;25;"BE""";Belgique;37;"BF""";Burkina Faso;19/07/2000 05:53;46:40.0;42168;93840.95
3046;Kosmo Consulting;5518 Madison St.;44;"CL""";Chili;12;"SA""";Arabie saoudite;05/02/1989 05:33;13:20.0;51620;79826.45
3047;Pasifico Inc.;3059 Priscilla Court;37;"BF""";Burkina Faso;42;"CA""";Canada;04/12/1987 14:42;20:00.0;9470;27132.94
3048;Happ Aluminum Siding Co.;1 Twin Oaks Place;40;"KH""";Cambodge;35;"BN""";Brunei;14/06/1996 14:47;21:36.0;47876;30000.738
3049;Truck-X Muffler Repair;746 Judson Place;17;"AT""";Autriche;13;"AR""";Argentine;12/07/1971 01:42;20:00.0;49008;11040.599
3050;Futoons Cartoons Emporium;1915 Lewis Ln.  Apt 13;15;"AW""";Aruba;42;"CA""";Canada;10/01/2000 22:13;01:36.0;26530;26122.484
3051;Mail Boxes Et. Al.;1233 Arbor Rd.;36;"BG""";Bulgarie;41;"CM""";Cameroun;22/04/1975 12:00;13:20.0;62282;75490.92
3052;Gourmet the Frog;899 Harvard Ct;6;"AD""";Andorre;41;"CM""";Cameroun;29/03/2006 06:15;20:00.0;54966;68530.87
3053;Dean Barnett Furniture Repair;1660 Park Ave.;8;"AI""";Anguilla;24;"PW""";Belau;19/01/1993 07:08;53:20.0;52620;47744.59
3054;Vanity Town;1619 Judson Ave. Apt #34B;19;"BJ""";B?nin;25;"BE""";Belgique;03/02/2002 01:33;26:40.0;80059;41512.465
3055;Highland Lanes;1954 First St.;24;"PW""";Belau;44;"CL""";Chili;26/05/1983 13:27;08:16.0;32319;92430.56
3056;Hilco Auto Body;505 N. Frances St.;4;"DZ""";Alg?rie;37;"BF""";Burkina Faso;16/09/2002 02:20;06:40.0;94535;37486.223
3057;Hardee Woodwork Ltd.;1957 Huntington Ave.;27;"BM""";Bermudes;40;"KH""";Cambodge;09/07/1985 13:27;33:20.0;25569;44864.867
3058;Froggy's Gourmet Catering;770 Exmoor Rd.;32;"BA""";Bosnie-Herz?govine;17;"AT""";Autriche;04/07/1993 16:33;40:00.0;47636;63096.543
3059;Jay's Cabinet Company;1831 Beverly Place #9D;44;"CL""";Chili;15;"AW""";Aruba;02/01/2007 19:48;28:16.0;22144;23700.4
3060;Hibbard Road Suppliers;77 Blackhawk Rd;19;"BJ""";B?nin;36;"BG""";Bulgarie;05/06/1971 21:00;13:20.0;81640;61792.11
3061;Salt & Pepper Catering Service;245 Oakridge Ave.;15;"AW""";Aruba;6;"AD""";Andorre;22/08/2000 23:13;00:00.0;41125;30048.91
3062;Hilco Auto Body;857 Woodbine Rd;8;"AI""";Anguilla;8;"AI""";Anguilla;19/10/1989 12:33;40:00.0;9905;54868.67
3064;Hilco Auto Body;406 Trinity Ct.;23;"BB""";Barbade;24;"PW""";Belau;23/10/2002 03:13;26:40.0;36416;54640.125
3065;Glenwood Credit Union;3344 Beachwood Ln.;44;"CL""";Chili;4;"DZ""";Alg?rie;22/12/2001 19:20;20:00.0;78951;26576.23
3066;Corbins, Rodriguez, & Savocchi;600 Central Ave;38;"BI""";Burundi;27;"BM""";Bermudes;26/06/1980 10:33;00:00.0;68544;15110.698
3067;Lake Shore Publishing;785 Highland place;19;"BJ""";B?nin;32;"BA""";Bosnie-Herz?govine;28/05/2004 03:40;53:20.0;25423;18160.328
3068;Flinn Mosquito and Pest Contro;22 Clay rd.;4;"DZ""";Alg?rie;44;"CL""";Chili;10/05/1987 00:07;13:20.0;29702;886.2896
3069;Parties Galore Golf Course;857 Woodbine Rd;14;"AM""";Arm?nie;19;"BJ""";B?nin;29/04/2000 03:13;28:16.0;9434;21645.586
3070;First National Bank of Ottowa;266 Green Bay Rd.;37;"BF""";Burkina Faso;15;"AW""";Aruba;26/12/2000 03:07;33:20.0;20130;222.2853
3071;Air Indonesia;632 Roger Williams;24;"PW""";Belau;8;"AI""";Anguilla;12/03/2003 11:08;34:56.0;44294;42120.277
3072;janice Mann Accounting Service;1619 Judson Ave. Apt #34B;22;"BD""";Bangladesh;44;"CL""";Chili;30/03/2002 14:53;06:40.0;60417;52569.277
3073;Myers Chocolates and Confectio;4467 Sheridan Rd.;29;"BY""";Bi?lorussie;23;"BB""";Barbade;31/12/2000 22:28;06:40.0;7164;86263.99
3074;Block Boats and Lures;77 Blackhawk Rd;10;"AG""";Antigua-et-Barbuda;44;"CL""";Chili;13/09/2000 09:40;40:00.0;86591;24438.209
3075;Salt & Pepper Catering Service;1859 Green Bay Rd.;41;"CM""";Cameroun;38;"BI""";Burundi;30/08/2000 14:33;46:40.0;44857;8582.925
3076;Sigman and Freud Psychiatry;3100 Trailer Way;4;"DZ""";Alg?rie;19;"BJ""";B?nin;01/08/2000 16:07;26:40.0;23204;20928.584
3077;Nina's Snow Plowing;629 Kincaid Ave.;48;"KM""";Comores;4;"DZ""";Alg?rie;18/05/1974 10:07;54:56.0;58320;12134.955
3078;Futoons Cartoons Emporium;629 Kincaid Ave.;17;"AT""";Autriche;14;"AM""";Arm?nie;17/12/2003 13:22;00:00.0;65334;22678.928
3079;Highland Lanes;600 Central Ave;11;"AN""";Antilles n?erlandaises;37;"BF""";Burkina Faso;17/06/2005 05:27;01:36.0;60580;11612.636
3080;Salt & Pepper Catering Service;1799 Rosemary Way;31;"BO""";Bolivie;24;"PW""";Belau;15/11/1992 04:00;34:56.0;19285;63786.945
3081;Got It All Electronics Supply;1858 Balsam Way;42;"CA""";Canada;22;"BD""";Bangladesh;04/04/2007 16:20;46:40.0;74976;5780.44
3082;Portugal, Liddy, & Son Ltd.;3062 Lindenwood Ln.;2;"ZA""";Afrique du Sud;29;"BY""";Bi?lorussie;18/10/2001 15:42;26:40.0;55288;70958.27
3083;Morton Roofing and Siding;632 Florence Dr.;39;"CI""";C?te d'Ivoire;10;"AG""";Antigua-et-Barbuda;06/03/1983 19:35;26:40.0;17011;59799.414
3084;Nina's Snow Plowing;2112 Ravine Drive;4;"DZ""";Alg?rie;41;"CM""";Cameroun;18/06/1983 05:53;46:40.0;96033;64990.35
3085;Yale Remins Temp Agency;1714 Clifton Rd.;44;"CL""";Chili;4;"DZ""";Alg?rie;29/03/2000 03:20;13:20.0;12513;3264.056
3086;Doll House Rock;4522 N. Greenview Apt. 1B;8;"AI""";Anguilla;48;"KM""";Comores;06/12/1972 03:20;48:16.0;98299;46400.69
3087;Loyal Order of Buffalo;433 Burton Ave.;8;"AI""";Anguilla;17;"AT""";Autriche;08/11/2002 14:55;00:00.0;94861;30745.469
3088;Transformation Enterprises;465 Stratford Rd.;33;"BW""";Botswana;11;"AN""";Antilles n?erlandaises;07/01/1992 23:35;41:36.0;50094;83397.29
3089;Lee Stairworks and Carpentry,;35 Glenlake Dr.;20;"BS""";Bahamas;31;"BO""";Bolivie;20/08/2003 21:27;33:20.0;67100;35368.094
3090;Nina's Snow Plowing;1077 Court Ave.;3;"AL""";Albanie;42;"CA""";Canada;29/10/2000 06:42;33:20.0;25571;20107.04
3091;DBN Bank;406 Trinity Ct.;46;"CY""";Chypre;2;"ZA""";Afrique du Sud;28/01/1975 16:53;00:00.0;78434;37413.914
3092;Marcy Elaine Bakery;1019 Deerfield Rd.;50;"KP""";Cor?e du Nord;39;"CI""";C?te d'Ivoire;05/07/1985 09:27;20:00.0;74340;95545.78
3093;Brand Y Creative Services;1679 McCraren;41;"CM""";Cameroun;4;"DZ""";Alg?rie;25/12/2004 22:00;46:40.0;84900;38484.566
3094;janice Mann Accounting Service;445 Park Ave.;39;"CI""";C?te d'Ivoire;44;"CL""";Chili;22/06/2002 01:42;21:36.0;67114;75400.42
3095;Cotton Thumb Ltd.;1912 Old Briar Lane #2;24;"PW""";Belau;8;"AI""";Anguilla;04/09/1985 17:40;28:16.0;27520;87974.47
3096;Schnitzer Denist College;201-C Frontage Rd.;37;"BF""";Burkina Faso;8;"AI""";Anguilla;03/08/2002 02:47;53:20.0;31574;52336.098
3097;Mail Boxes Et. Al.;38976 Forest View Rd.;48;"KM""";Comores;33;"BW""";Botswana;01/06/1970 04:47;34:56.0;28806;17993.316
3098;Happ Aluminum Siding Co.;242 Ashland Ave.;43;"CV""";Cap-Vert;20;"BS""";Bahamas;11/05/1985 23:53;08:16.0;42120;7806.875
3099;Pac Builders;139 Bay Colony Dr.;41;"CM""";Cameroun;3;"AL""";Albanie;14/07/1990 13:53;08:16.0;19716;27764.729
3100;Portugal, Liddy, & Son Ltd.;4522 N. Greenview Apt. 1B;3;"AL""";Albanie;46;"CY""";Chypre;18/07/2000 02:07;13:20.0;43069;58670.598
3101;Myers Chocolates and Confectio;241 Callan Rd.;39;"CI""";C?te d'Ivoire;50;"KP""";Cor?e du Nord;11/02/2001 10:53;33:20.0;58601;47060.46
3102;Nirabi Auto Service;175 beech St.;16;"AU""";Australie;41;"CM""";Cameroun;18/05/1987 10:08;21:36.0;28256;775.7478
3103;Quad City Cleaning;1915 Lewis Ln.  Apt 13;14;"AM""";Arm?nie;39;"CI""";C?te d'Ivoire;06/07/1990 02:22;28:16.0;86848;34640.51
3104;Facelift Kitchen and Bath;38976 Forest View Rd.;5;"DE""";Allemagne;24;"PW""";Belau;21/01/1996 04:53;46:40.0;73982;7932.804
3105;Acturial Enterprises Ltd.;1535 Knollwood Drive;43;"CV""";Cap-Vert;37;"BF""";Burkina Faso;21/07/1992 07:27;06:40.0;94304;57048.8
3106;Chands CPA;1954 First St.;34;"BR""";Br?sil;48;"KM""";Comores;13/06/2001 17:13;33:20.0;63591;88365.734
3107;Lake Shore Beaches;201-C Frontage Rd.;40;"KH""";Cambodge;43;"CV""";Cap-Vert;23/04/2001 08:00;53:20.0;22664;37748.52
3108;Kermit the Pet Shop;45 South Deer Creek Drive;35;"BN""";Brunei;41;"CM""";Cameroun;13/12/2000 04:40;20:00.0;33845;68746.75
3109;Masterlands Cleaning;770 Exmoor Rd.;11;"AN""";Antilles n?erlandaises;3;"AL""";Albanie;10/12/1989 02:27;20:00.0;13290;43811.15
3110;Acme Chemical Supply;857 Woodbine Rd;2;"ZA""";Afrique du Sud;39;"CI""";C?te d'Ivoire;07/05/2005 06:07;46:40.0;57416;13450.886
3111;AA Advertising;512 Hill;44;"CL""";Chili;16;"AU""";Australie;14/05/1980 14:47;06:40.0;42980;22216.693
3112;Camp Oconomowoc;1065 Hillcrest Circle;22;"BD""";Bangladesh;14;"AM""";Arm?nie;08/04/1990 08:33;06:40.0;41612;84245.79
3113;Block Boats and Lures;2644 Princeton Ln.;5;"DE""";Allemagne;5;"DE""";Allemagne;05/10/2003 00:47;13:20.0;11136;16835.71
3114;Jay's Cabinet Company;115 Judson Rd.;29;"BY""";Bi?lorussie;43;"CV""";Cap-Vert;31/07/1980 22:35;20:00.0;76644;36888.906
3115;Venturi Discount Drugs;334 Lynn Terrace;42;"CA""";Canada;34;"BR""";Br?sil;04/04/1989 14:33;00:00.0;91005;66600.445
3116;Elm Place Business Supplies;937 Judson Ave.;50;"KP""";Cor?e du Nord;40;"KH""";Cambodge;28/11/2005 08:42;54:56.0;74250;86102.125
3117;Moveit Motercycle Service;406 Trinity Ct.;40;"KH""";Cambodge;35;"BN""";Brunei;24/08/1977 09:40;53:20.0;29140;14047.299
3118;Happ Aluminum Siding Co.;355 Golf Rd.;18;"AZ""";Azerba?djan;11;"AN""";Antilles n?erlandaises;21/12/1982 06:27;08:16.0;62784;68736.68
3119;AAA Daniels Antiques;1270 Linden Ave.;48;"KM""";Comores;2;"ZA""";Afrique du Sud;24/12/1971 22:00;21:36.0;79616;65000.145
3120;Cotton Thumb Ltd.;1619 Judson Ave. Apt #34B;34;"BR""";Br?sil;44;"CL""";Chili;23/08/1996 12:33;14:56.0;99856;96054.37
3121;Parkway Auto Body;2510 Crain;50;"KP""";Cor?e du Nord;22;"BD""";Bangladesh;09/09/1971 02:22;00:00.0;63350;53424.418
3122;Park District Of America;2678 Sheridan Rd.;41;"CM""";Cameroun;5;"DE""";Allemagne;21/03/2005 05:20;28:16.0;82456;80510.25
3123;Funnyface Amusement Games;1714 Clifton Rd.;25;"BE""";Belgique;29;"BY""";Bi?lorussie;05/06/1990 16:33;13:20.0;42556;53160.13
3124;North Shore Appliance Service;1920 Sunnyside Ave.;16;"AU""";Australie;42;"CA""";Canada;08/09/1972 12:33;40:00.0;34720;48494.7
3125;Johnson, Erico & Co CPA's;4763 Blackhawk Rd.;5;"DE""";Allemagne;50;"KP""";Cor?e du Nord;12/08/1975 08:20;33:20.0;69140;42761.133
3126;Facelift Kitchen and Bath;1633 McGovern place;23;"BB""";Barbade;40;"KH""";Cambodge;19/02/1983 18:28;41:36.0;18430;59800.91
3127;Morgan Construction Co;2510 Crain;39;"CI""";C?te d'Ivoire;18;"AZ""";Azerba?djan;05/05/2001 23:00;33:20.0;43829;56025.777
3128;Salt & Pepper Catering Service;2505 Allison ct.;34;"BR""";Br?sil;48;"KM""";Comores;13/12/1985 13:08;33:20.0;39304;47443.824
3129;Rythmics Ltd.;367Bluebird Terr.;26;"BZ""";Belize;34;"BR""";Br?sil;11/08/2001 08:48;34:56.0;92745;78530.58
3130;Futoons Cartoons Emporium;852 Sumac Rd.;41;"CM""";Cameroun;50;"KP""";Cor?e du Nord;23/06/1993 10:22;21:36.0;74240;44615.2
3131;Elle Hypnosis and Therapy Cent;1907 S. Prospect Ave.;26;"BZ""";Belize;41;"CM""";Cameroun;21/06/1992 12:48;20:00.0;66315;68912.67
3132;Rythmics Ltd.;12 Craven Way;12;"SA""";Arabie saoudite;25;"BE""";Belgique;28/12/1989 14:53;06:40.0;81535;69506.21
3133;Lake Shore Beaches;210 Cresant Rd.;29;"BY""";Bi?lorussie;16;"AU""";Australie;07/12/1971 04:15;00:00.0;73898;35248.188
3134;Resnick DDS;445 Park Ave.;45;"CN""";Chine;5;"DE""";Allemagne;24/03/1985 15:48;21:36.0;13830;53715.25
3135;Toggle & Myerson Ltd;241 Callan Rd.;22;"BD""";Bangladesh;23;"BB""";Barbade;30/01/2006 09:22;21:36.0;80000;84690.336
3136;Rythmics Ltd.;872 Virginia Rd.;13;"AR""";Argentine;39;"CI""";C?te d'Ivoire;15/08/1970 01:15;48:16.0;26184;47751.656
3137;Facelift Kitchen and Bath;839 Burton Ave;41;"CM""";Cameroun;34;"BR""";Br?sil;13/06/2003 02:22;21:36.0;77656;80305.01
3138;Griffith Paving and Sealcoatin;854 Woodbine;19;"BJ""";B?nin;26;"BZ""";Belize;22/04/1996 20:07;00:00.0;65744;72226.22
3139;Arthur M. Feildberg Galleries;2870 Skokie Rd.;37;"BF""";Burkina Faso;41;"CM""";Cameroun;20/12/1993 15:07;01:36.0;14199;34400.816
3140;Glenwood Credit Union;1234 Devonshire Court;22;"BD""";Bangladesh;26;"BZ""";Belize;19/01/1978 12:13;00:00.0;89650;53500.31
3141;Gilbert Co.;1185 County line Rd.;40;"KH""";Cambodge;12;"SA""";Arabie saoudite;18/10/1977 23:00;53:20.0;33178;29217.947
3142;Percy Photography;456 Groverland Ave.;46;"CY""";Chypre;29;"BY""";Bi?lorussie;25/06/2003 01:13;48:16.0;75610;56871.938
3143;janice Mann Accounting Service;1126 Hillcrest Ave;40;"KH""";Cambodge;45;"CN""";Chine;18/04/2006 19:40;40:00.0;94128;4704.5806
3144;Parkway Auto Body;812 North Ave.;23;"BB""";Barbade;22;"BD""";Bangladesh;04/01/1990 04:28;33:20.0;40565;37781.68
3145;Lake Shore Publishing;1575 Oak Ave.  Apt. 2C;19;"BJ""";B?nin;13;"AR""";Argentine;29/12/2001 08:00;01:36.0;13713;27782.115
3146;Lidhal design Corp.;899 Harvard Ct;30;"MM""";Birmanie;41;"CM""";Cameroun;19/02/2000 00:02;00:00.0;56394;58342.39
3147;Air Barbados;21 Lakeview Terrace #2312;13;"AR""";Argentine;19;"BJ""";B?nin;07/02/1996 02:27;20:00.0;13363;18696.602
3148;Mail Boxes Et. Al.;21 Lakeview Terrace #2312;32;"BA""";Bosnie-Herz?govine;37;"BF""";Burkina Faso;30/06/1999 00:47;53:20.0;55416;19675.102
3149;Kosmo Consulting;969 Saxony Drive;19;"BJ""";B?nin;22;"BD""";Bangladesh;15/05/2000 20:22;21:36.0;63500;52816.043
3150;Brand Y Creative Services;35 Glenlake Dr.;3;"AL""";Albanie;40;"KH""";Cambodge;18/03/2007 06:40;06:40.0;41425;84325.984
3151;Lickmen Restoration;406 Trinity Ct.;27;"BM""";Bermudes;46;"CY""";Chypre;28/12/1986 04:15;01:36.0;69120;64775.44
3152;Transformation Enterprises;1875 Roger Williams Ave.;18;"AZ""";Azerba?djan;40;"KH""";Cambodge;13/10/2007 10:22;13:20.0;68524;31792.887
3153;Toggle & Myerson Ltd;614 green bay Rd.;48;"KM""";Comores;23;"BB""";Barbade;07/12/1987 18:27;33:20.0;19411;61355.664
3154;North West Gas Co.;4467 Sheridan Rd.;29;"BY""";Bi?lorussie;19;"BJ""";B?nin;20/12/1977 21:07;28:16.0;37700;10092.638
3155;Venturi Discount Drugs;785 Highland place;20;"BS""";Bahamas;30;"MM""";Birmanie;27/08/1990 04:22;14:56.0;32575;68456.43
3156;Pete's Auto Repair;1547 Knolwood Rd.;16;"AU""";Australie;13;"AR""";Argentine;19/01/1982 22:28;01:36.0;81354;83975.38
3157;Nirabi Auto Service;1704 Ridgelee Rd;37;"BF""";Burkina Faso;32;"BA""";Bosnie-Herz?govine;15/07/2002 14:20;13:20.0;26833;19098.992
3158;Nel Video Productions;3150 Skokie Valley Rd.;31;"BO""";Bolivie;19;"BJ""";B?nin;04/10/1977 09:00;33:20.0;84021;66656.945
3159;Smith Communications Inc.;1920 Sunnyside Ave.;47;"CO""";Colombie;3;"AL""";Albanie;04/07/1994 06:33;26:40.0;35027;52672.258
3160;Air Barbados;3062 Lindenwood Ln.;26;"BZ""";Belize;27;"BM""";Bermudes;04/06/2000 00:20;00:00.0;41808;83600.41
3161;Maintence Services of Maine;1859 Green Bay Rd.;11;"AN""";Antilles n?erlandaises;18;"AZ""";Azerba?djan;26/04/1977 11:53;20:00.0;66700;85602.48
3162;Air India;313 Grove Ave.;35;"BN""";Brunei;48;"KM""";Comores;13/09/1985 12:47;46:40.0;56570;19108.5
3163;Acturial Enterprises Ltd.;643 De Temple Rd.;20;"BS""";Bahamas;29;"BY""";Bi?lorussie;26/12/2000 03:07;00:00.0;60654;1264.4402
3164;Jay's Cabinet Company;201-C Frontage Rd.;21;"BH""";Bahre?n;20;"BS""";Bahamas;31/07/1996 09:00;00:00.0;45441;68050.625
3165;Metro Appliance Service;430 Oakland Drive;11;"AN""";Antilles n?erlandaises;16;"AU""";Australie;09/03/1972 03:33;53:20.0;27224;64468.785
3166;Nina's Snow Plowing;512 Hill;9;"AQ""";Antarctique;37;"BF""";Burkina Faso;14/03/2002 20:53;00:00.0;80443;7688.4277
3167;Schmidt Denists;600 Central Ave;11;"AN""";Antilles n?erlandaises;31;"BO""";Bolivie;28/03/1986 13:20;34:56.0;22990;82470.43
3168;Venturi Discount Drugs;120 high St.;45;"CN""";Chine;47;"CO""";Colombie;06/02/1994 09:35;13:20.0;44760;34750.64
3169;Brand Y Creative Services;1701 W. Mellody Rd.;24;"PW""";Belau;26;"BZ""";Belize;14/12/1996 01:35;06:40.0;82900;44300.395
3170;Parkway Auto Body;1101 Deerfield Place;45;"CN""";Chine;11;"AN""";Antilles n?erlandaises;01/03/1978 11:33;40:00.0;23536;48925.316
3171;Ebert Music Center;1450 Harding Ave.;48;"KM""";Comores;35;"BN""";Brunei;03/08/1993 07:40;26:40.0;70880;34560.465
3172;Brand Y Creative Services;839 Burton Ave;22;"BD""";Bangladesh;20;"BS""";Bahamas;09/06/1985 22:20;40:00.0;86612;41590.992
3173;Nyman Interior Design;1155 Ridgewood Drive;10;"AG""";Antigua-et-Barbuda;21;"BH""";Bahre?n;04/04/1983 10:27;08:16.0;9134;97282.266
3174;Chicagoland Cleaners;865 Old Tall Tree Lane;37;"BF""";Burkina Faso;11;"AN""";Antilles n?erlandaises;16/09/2006 22:20;13:20.0;53904;41152.348
3175;Camp Oconomowoc;3478 Bryn Mawr St.;31;"BO""";Bolivie;9;"AQ""";Antarctique;27/05/1974 16:20;21:36.0;81764;10142.882
3176;Derbin Contracting Services;1777 balsamic Ave.;1;"AF""";Afghanistan;11;"AN""";Antilles n?erlandaises;20/09/1983 11:00;53:20.0;23544;10058.856
3177;Pac Builders;726 White Oaks Ave.;47;"CO""";Colombie;45;"CN""";Chine;25/02/1978 04:02;08:16.0;28688;44704.734
3178;Dean Grant Buick and Crysler;266 Green Bay Rd.;47;"CO""";Colombie;24;"PW""";Belau;27/11/1985 08:15;26:40.0;58400;94757.664
3179;Lake Shore Beaches;2870 Skokie Rd.;18;"AZ""";Azerba?djan;45;"CN""";Chine;10/11/1978 15:33;26:40.0;17656;25714.19
3180;Hi-Land Art & Frame;785 Highland place;4;"DZ""";Alg?rie;48;"KM""";Comores;14/08/1986 11:40;01:36.0;4798;18241.953
3181;Schnitzer Denist College;1907 S. Prospect Ave.;21;"BH""";Bahre?n;22;"BD""";Bangladesh;17/11/1983 14:28;14:56.0;87125;35502.566
3182;Dean Grant Buick and Crysler;302-A Crestwood Village Rd.;24;"PW""";Belau;10;"AG""";Antigua-et-Barbuda;16/05/2002 17:42;46:40.0;2258;87076.84
3183;Air India;456 Grossman Ln.;49;"CG""";Congo;37;"BF""";Burkina Faso;02/05/2002 20:22;26:40.0;12812;9956.794
3184;Lambert & Locke Legal Services;302-A Crestwood Village Rd.;1;"AF""";Afghanistan;31;"BO""";Bolivie;25/08/2001 06:08;06:40.0;77790;63225.48
3185;Nirabi Auto Service;225 Jeffrys Place;27;"BM""";Bermudes;1;"AF""";Afghanistan;21/11/1989 14:00;20:00.0;34630;98138.984
3186;Mac Computer Warehouse;1633 McGovern place;41;"CM""";Cameroun;47;"CO""";Colombie;15/03/2005 10:27;06:40.0;20030;92428.195
3187;Lidhal design Corp.;1233 Arbor Rd.;50;"KP""";Cor?e du Nord;47;"CO""";Colombie;17/03/2003 02:15;26:40.0;31534;88446.28
3188;Futoons Cartoons Emporium;1975 elmwood Circle;1;"AF""";Afghanistan;18;"AZ""";Azerba?djan;10/11/1974 14:55;41:36.0;88156;82226.81
3189;Mail Boxes Et. Al.;1575 Oak Ave.  Apt. 2C;10;"AG""";Antigua-et-Barbuda;4;"DZ""";Alg?rie;13/08/1992 18:35;26:40.0;5371;77095.625
3190;Glassman & Stone;5518 Madison St.;44;"CL""";Chili;21;"BH""";Bahre?n;05/06/1978 14:07;13:20.0;27968;5268.63
3191;Energy Source Diet Centers;2936 Arlington Ave.;47;"CO""";Colombie;24;"PW""";Belau;01/04/1970 06:40;53:20.0;32276;83304.72
3192;Chicagoland Cleaners;1235 Easton Rd.;16;"AU""";Australie;49;"CG""";Congo;10/07/1997 03:00;41:36.0;83267;14600.089
3193;Schmidt Denists;2032 Northbrook Ct.;7;"AO""";Angola;1;"AF""";Afghanistan;29/08/1974 17:55;54:56.0;94245;61760.316
3194;Corbins, Rodriguez, & Savocchi;430 Oakland Drive;36;"BG""";Bulgarie;27;"BM""";Bermudes;14/02/2001 11:07;54:56.0;28351;51649.062
3195;Air France;244 Briar Ln;22;"BD""";Bangladesh;41;"CM""";Cameroun;01/09/2000 10:20;20:00.0;57216;11036.113
3196;Highland Heights Gift Shop;3901 Chester Ave. Apt. 3C;6;"AD""";Andorre;50;"KP""";Cor?e du Nord;25/10/2004 02:22;34:56.0;87606;91475.695
3197;Michael Montgomery Hair Saloon;4763 Blackhawk Rd.;14;"AM""";Arm?nie;1;"AF""";Afghanistan;14/08/1974 16:48;13:20.0;5438;97155.85
3198;Nina's Snow Plowing;1875 Roger Williams Ave.;11;"AN""";Antilles n?erlandaises;10;"AG""";Antigua-et-Barbuda;12/03/1985 18:27;34:56.0;82805;17787.47
3199;Flinn Mosquito and Pest Contro;1575 Oak Ave.  Apt. 2C;31;"BO""";Bolivie;44;"CL""";Chili;16/04/2003 14:33;28:16.0;86238;59110.07
3200;Gordon & Son Brockerage Ltd.;210 Cresant Rd.;27;"BM""";Bermudes;47;"CO""";Colombie;11/09/2005 20:35;41:36.0;60635;3204.0232
3201;Woodworks Co.;210 Cresant Rd.;25;"BE""";Belgique;16;"AU""";Australie;02/07/2000 13:53;46:40.0;89858;76836.34
3202;Lidhal design Corp.;872 Virginia Rd.;43;"CV""";Cap-Vert;7;"AO""";Angola;29/06/1998 07:00;08:16.0;40000;94480.8
3203;Johnson, Erico & Co CPA's;456 Groverland Ave.;1;"AF""";Afghanistan;36;"BG""";Bulgarie;11/11/2001 17:33;06:40.0;45340;99916.53
3204;Lake Shore Publishing;785 Highland place;35;"BN""";Brunei;22;"BD""";Bangladesh;17/02/1992 11:48;40:00.0;43400;61040.82
3205;Schnitzer Denist College;1858 Balsam Way;48;"KM""";Comores;6;"AD""";Andorre;10/09/2000 21:42;54:56.0;12144;11894.404
3206;Air France;12 Walker Ave.;34;"BR""";Br?sil;14;"AM""";Arm?nie;21/12/1972 15:33;20:00.0;41418;64112.43
3207;Masterlands Cleaning;937 Judson Ave.;32;"BA""";Bosnie-Herz?govine;11;"AN""";Antilles n?erlandaises;07/04/2000 19:07;33:20.0;20999;12748.629
3208;AA Advertising;550 Sheridan;4;"DZ""";Alg?rie;31;"BO""";Bolivie;25/01/2001 08:53;54:56.0;8600;3700.9443
3209;Vecot Inc.;4259 W. Lake Ave.;50;"KP""";Cor?e du Nord;27;"BM""";Bermudes;19/08/2006 01:00;20:00.0;32224;35475.375
3210;Marcy Elaine Bakery;616 Cobblestone Cir.;32;"BA""";Bosnie-Herz?govine;25;"BE""";Belgique;17/05/2004 05:15;20:00.0;81048;6665.421
3211;Lake Shore Beaches;1770 first St.;23;"BB""";Barbade;43;"CV""";Cap-Vert;18/03/1977 10:02;06:40.0;57641;57200.934
3212;Green Bay Travel Services;1486 Oakwood;35;"BN""";Brunei;1;"AF""";Afghanistan;17/10/1992 23:13;00:00.0;15276;75118.64
3213;Cosmo Skin Care Center;965 Marion Place Apt. 65C;3;"AL""";Albanie;35;"BN""";Brunei;29/07/1971 10:22;40:00.0;94840;1417.167
3214;Terrinni & Son Auto and Truck;1920 Sunnyside Ave.;12;"SA""";Arabie saoudite;48;"KM""";Comores;09/12/1985 07:07;33:20.0;9594;18368.72
3215;Marks, Marks, and Kaplan Ltd.;456 Groverland Ave.;37;"BF""";Burkina Faso;34;"BR""";Br?sil;06/03/2001 00:55;54:56.0;61557;58188.1
3216;Nel Video Productions;1436 Waverly Rd.;10;"AG""";Antigua-et-Barbuda;32;"BA""";Bosnie-Herz?govine;25/08/2001 05:13;46:40.0;83420;18087.16
3217;Masterlands Cleaning;770 Exmoor Rd.;21;"BH""";Bahre?n;4;"DZ""";Alg?rie;27/11/1975 22:40;33:20.0;99714;52700.047
3218;Lee Stairworks and Carpentry,;2267 Anderson Lane;41;"CM""";Cameroun;50;"KP""";Cor?e du Nord;22/12/1978 18:40;06:40.0;26450;3285.7444
3220;Dapper's Antiques;54 Lakeview Terrace;14;"AM""";Arm?nie;23;"BB""";Barbade;22/07/2004 04:35;40:00.0;9428;48564.34
3221;Deer Lake Inn;367Bluebird Terr.;23;"BB""";Barbade;35;"BN""";Brunei;10/03/1982 16:55;21:36.0;75860;7216.838
3222;Metro Appliance Service;218 Oakridge Ave.;15;"AW""";Aruba;3;"AL""";Albanie;18/07/1970 15:40;54:56.0;21702;7628.095
3223;Doll House Rock;643 De Temple Rd.;25;"BE""";Belgique;12;"SA""";Arabie saoudite;22/06/2000 01:40;08:16.0;38089;62520.746
3224;Venturi Discount Drugs;662 Lyons Circle;2;"ZA""";Afrique du Sud;37;"BF""";Burkina Faso;25/05/2001 18:47;08:16.0;45472;78414.445
3225;Glassman & Stone;1795 Lake Cook Rd.;32;"BA""";Bosnie-Herz?govine;10;"AG""";Antigua-et-Barbuda;26/02/2000 18:53;54:56.0;68044;55960.758
3227;American Deli Workers Union;4259 W. Lake Ave.;24;"PW""";Belau;41;"CM""";Cameroun;08/11/2006 00:27;40:00.0;54740;92976.79
3228;Gourmet the Frog;12 Skokie Valley Rd.;38;"BI""";Burundi;11;"AN""";Antilles n?erlandaises;02/08/2000 08:07;26:40.0;90308;63886.14
3229;Nirabi Auto Service;2148 Eastview Dr.;14;"AM""";Arm?nie;14;"AM""";Arm?nie;02/09/2000 23:40;34:56.0;54194;68368.79
3230;Toggle & Myerson Ltd;4763 Blackhawk Rd.;17;"AT""";Autriche;23;"BB""";Barbade;29/10/2000 09:55;00:00.0;89224;15464.871
3231;Michael Montgomery Hair Saloon;512 Hill;5;"DE""";Allemagne;15;"AW""";Aruba;01/10/1998 01:00;21:36.0;9020;66400.03
3232;K L Consulting;2600 Winsor Mall;32;"BA""";Bosnie-Herz?govine;25;"BE""";Belgique;24/02/2007 06:53;26:40.0;37123;13574.052
3233;Cradle the Call;456 Grossman Ln.;1;"AF""";Afghanistan;2;"ZA""";Afrique du Sud;07/02/1987 12:40;00:00.0;13346;45096.25
3234;Percy Photography;1658 Second St.;2;"ZA""";Afrique du Sud;32;"BA""";Bosnie-Herz?govine;23/11/2005 01:35;33:20.0;10664;44856.902
3235;Masterlands Cleaning;673 Calais Drive;37;"BF""";Burkina Faso;12;"SA""";Arabie saoudite;12/10/1978 01:27;53:20.0;48482;20600.98
3236;Innman Paint and Glass;1957 Huntington Ave.;37;"BF""";Burkina Faso;24;"PW""";Belau;26/09/1972 04:48;01:36.0;2810;88400.48
3237;Park District Of America;969 Saxony Drive;14;"AM""";Arm?nie;38;"BI""";Burundi;04/10/1989 19:02;54:56.0;36000;83438.695
3238;North Shore Appliance Service;550 Sheridan;39;"CI""";C?te d'Ivoire;14;"AM""";Arm?nie;18/08/2000 13:28;46:40.0;99568;2241.88
3239;Meonits & Mogogni Inc.;628 Orwenstensia;16;"AU""";Australie;17;"AT""";Autriche;13/08/1990 16:07;28:16.0;98861;82850.11
3240;Crossroads Construction, Inc.;425 Lake Ave.;22;"BD""";Bangladesh;5;"DE""";Allemagne;17/09/2006 14:33;40:00.0;49820;98352.18
3241;Venturi Discount Drugs;241 Callan Rd.;11;"AN""";Antilles n?erlandaises;32;"BA""";Bosnie-Herz?govine;06/10/1997 02:07;26:40.0;67368;58075.508
3242;Shaggy's Grooming Services;1436 Waverly Rd.;1;"AF""";Afghanistan;1;"AF""";Afghanistan;14/06/1980 04:07;20:00.0;87808;37600.12
3243;Pac Builders;1535 Knollwood Drive;21;"BH""";Bahre?n;2;"ZA""";Afrique du Sud;28/10/1993 10:20;41:36.0;58880;55315.887
3244;Gordon & Son Brockerage Ltd.;3150 Skokie Valley Rd.;1;"AF""";Afghanistan;37;"BF""";Burkina Faso;22/10/2000 08:33;40:00.0;53099;7275.084
3245;Ebert Music Center;1450 Harding Ave.;22;"BD""";Bangladesh;37;"BF""";Burkina Faso;04/06/2001 17:40;46:40.0;60470;71867.305
3246;Pasifico Inc.;2510 Crain;12;"SA""";Arabie saoudite;14;"AM""";Arm?nie;03/03/2006 06:28;01:36.0;80490;63334.957
3247;Morton Roofing and Siding;430 Oakland Drive;10;"AG""";Antigua-et-Barbuda;39;"CI""";C?te d'Ivoire;09/05/1970 19:55;53:20.0;12214;56120.35
3248;Mail Boxes Et. Al.;1619 Judson Ave. Apt #34B;48;"KM""";Comores;16;"AU""";Australie;04/09/2005 15:00;53:20.0;97644;60740.633
3249;Salt & Pepper Catering Service;581 Hill St. Apt. 234;30;"MM""";Birmanie;22;"BD""";Bangladesh;07/12/2003 06:28;46:40.0;95981;79229.01
3250;Air Indonesia;1547 Knolwood Rd.;1;"AF""";Afghanistan;11;"AN""";Antilles n?erlandaises;11/04/1974 15:48;08:16.0;58708;77977.78
3251;North West Gas Co.;1337 Cavell Ave.;43;"CV""";Cap-Vert;1;"AF""";Afghanistan;07/01/2000 04:15;33:20.0;55789;70159.53
3252;Glassman & Stone;2220 Grant Blvd.;14;"AM""";Arm?nie;21;"BH""";Bahre?n;24/07/1989 06:07;08:16.0;94583;57845.938
3253;Green Shoes Corp.;2632 Prarie Ln.;16;"AU""";Australie;1;"AF""";Afghanistan;08/01/1996 18:55;20:00.0;33186;41016.312
3254;Palmer Golf Supplies;614 green bay Rd.;1;"AF""";Afghanistan;22;"BD""";Bangladesh;30/08/2007 19:53;00:00.0;75608;92092.27
3255;Crosstracks Car Wash;1287 Glencoe Ave.;32;"BA""";Bosnie-Herz?govine;12;"SA""";Arabie saoudite;12/01/2001 08:40;53:20.0;10276;76840.43
3256;Pasifico Inc.;1770 first St.;27;"BM""";Bermudes;10;"AG""";Antigua-et-Barbuda;18/04/1994 21:13;53:20.0;18887;46944.0
3257;Crosstracks Car Wash;313 Grove Ave.;3;"AL""";Albanie;48;"KM""";Comores;21/10/2000 14:20;01:36.0;99450;24574.596
3258;Cradle the Call;355 Golf Rd.;25;"BE""";Belgique;30;"MM""";Birmanie;14/03/1987 22:40;20:00.0;13538;39760.195
3259;Highland Lanes;1482 Concorde Circle;8;"AI""";Anguilla;1;"AF""";Afghanistan;07/04/1990 15:53;41:36.0;32613;58646.445
3260;P K M Packaging Supply;1547 Knolwood Rd.;38;"BI""";Burundi;43;"CV""";Cap-Vert;06/06/1983 16:07;01:36.0;62831;14281.666
3261;Meonits & Mogogni Inc.;2024 St.Johns Ave.;6;"AD""";Andorre;14;"AM""";Arm?nie;24/06/2002 09:15;06:40.0;91596;49492.055
3262;Green Bay Travel Services;22 Clay rd.;24;"PW""";Belau;16;"AU""";Australie;27/08/2000 19:42;28:16.0;80270;94611.34
3263;Ebert Music Center;2922 Twin Oaks Drive;20;"BS""";Bahamas;1;"AF""";Afghanistan;19/01/2003 21:20;53:20.0;45075;9204.518
3264;Metro Appliance Service;1547 Knolwood Rd.;6;"AD""";Andorre;32;"BA""";Bosnie-Herz?govine;03/10/2004 15:00;01:36.0;31112;67230.03
3265;Marks, Marks, and Kaplan Ltd.;1185 County line Rd.;20;"BS""";Bahamas;27;"BM""";Bermudes;07/01/1975 11:48;21:36.0;98992;27400.068
3266;First National Bank of Ottowa;662 Lyons Circle;2;"ZA""";Afrique du Sud;3;"AL""";Albanie;22/08/2004 19:40;33:20.0;30351;79177.66
3267;Gilbert Co.;2267 Anderson Lane;31;"BO""";Bolivie;25;"BE""";Belgique;28/03/2001 09:47;34:56.0;32000;43479.496
3268;Air Barbados;614 green bay Rd.;5;"DE""";Allemagne;8;"AI""";Anguilla;02/10/2001 19:53;33:20.0;66124;32828.797
3269;Esmarda Chemical Manufacturers;839 Burton Ave;30;"MM""";Birmanie;38;"BI""";Burundi;09/11/2001 14:28;40:00.0;60840;98438.23
3270;Lee Stairworks and Carpentry,;1954 First St.;1;"AF""";Afghanistan;6;"AD""";Andorre;01/05/1972 01:15;33:20.0;31732;54395.71
3271;Meonits & Mogogni Inc.;1535 Knollwood Drive;11;"AN""";Antilles n?erlandaises;24;"PW""";Belau;20/08/2000 21:02;26:40.0;9548;33325.25
3272;Glenn Oaks Office Supplies;3478 Bryn Mawr St.;22;"BD""";Bangladesh;20;"BS""";Bahamas;04/07/1993 16:33;41:36.0;94042;49542.195
3273;Kapp Camera and Video;669 Kikaid;45;"CN""";Chine;6;"AD""";Andorre;07/06/1971 17:27;33:20.0;16028;64093.57
3274;Pasifico Inc.;965 Marion Place Apt. 65C;27;"BM""";Bermudes;20;"BS""";Bahamas;27/12/2001 17:07;13:20.0;60050;55529.867
3275;Nina's Snow Plowing;21 Lakeview Terrace #2312;21;"BH""";Bahre?n;2;"ZA""";Afrique du Sud;21/09/1970 11:13;53:20.0;64645;75536.33
3276;Perimeter Security Consultants;3150 Skokie Valley Rd.;7;"AO""";Angola;31;"BO""";Bolivie;27/05/1982 07:02;34:56.0;76115;91460.836
3277;Froggy's Gourmet Catering;1859 Green Bay Rd.;24;"PW""";Belau;5;"DE""";Allemagne;18/08/2000 13:00;20:00.0;49930;21070.58
3278;Car Suite Cleaners;1486 Old Deerfield Rd.;34;"BR""";Br?sil;30;"MM""";Birmanie;02/09/1982 08:33;48:16.0;54930;76504.29
3279;DBN Bank;465 Stratford Rd.;47;"CO""";Colombie;1;"AF""";Afghanistan;18/01/1977 09:22;46:40.0;38640;52752.496
3280;Quad City Cleaning;616 Cobblestone Cir.;34;"BR""";Br?sil;11;"AN""";Antilles n?erlandaises;12/03/1974 06:00;06:40.0;64836;61338.74
3281;Masterlands Cleaning;1065 Hillcrest Circle;15;"AW""";Aruba;22;"BD""";Bangladesh;08/04/1997 12:47;06:40.0;13443;81446.0
3282;John G. Hartling Ltd.;430 Oakland Drive;41;"CM""";Cameroun;45;"CN""";Chine;28/10/1972 23:40;33:20.0;95584;29114.129
3283;Funnyface Amusement Games;313 Grove Ave.;41;"CM""";Cameroun;27;"BM""";Bermudes;08/02/2005 06:00;06:40.0;66436;54376.99
3284;Griffith Paving and Sealcoatin;671 Blackstone Ave.;47;"CO""";Colombie;21;"BH""";Bahre?n;27/09/1990 10:22;26:40.0;41600;78598.84
3285;Green Bay Travel Services;35 Glenlake Dr.;17;"AT""";Autriche;7;"AO""";Angola;22/06/2000 20:22;08:16.0;4047;31961.857
3286;Highland Woods City Hall;770 Exmoor Rd.;20;"BS""";Bahamas;24;"PW""";Belau;20/02/2003 22:02;01:36.0;98808;40876.406
3287;Michael Montgomery Hair Saloon;242 Ashland Ave.;35;"BN""";Brunei;34;"BR""";Br?sil;29/03/2003 22:55;33:20.0;46450;53120.758
3288;North Shore Appliance Service;3344 Beachwood Ln.;44;"CL""";Chili;47;"CO""";Colombie;24/04/1977 04:20;00:00.0;39705;94880.016
3289;Innman Paint and Glass;1337 Cavell Ave.;20;"BS""";Bahamas;34;"BR""";Br?sil;02/07/1974 13:27;08:16.0;6166;23804.102
3290;Glassman & Stone;3100 Trailer Way;21;"BH""";Bahre?n;15;"AW""";Aruba;12/07/1972 04:33;48:16.0;9882;20233.258
3291;Air Indonesia;38976 Forest View Rd.;4;"DZ""";Alg?rie;41;"CM""";Cameroun;23/02/1989 01:20;53:20.0;50249;78112.62
3292;Corbins, Rodriguez, & Savocchi;139 Bay Colony Dr.;35;"BN""";Brunei;41;"CM""";Cameroun;07/02/2003 09:47;13:20.0;68500;22736.176
3293;Glenwood Credit Union;865 Old Tall Tree Lane;38;"BI""";Burundi;47;"CO""";Colombie;09/03/2004 06:00;40:00.0;70504;30148.691
3294;Lickmen Restoration;1954 First St.;25;"BE""";Belgique;17;"AT""";Autriche;09/04/1980 03:47;33:20.0;4432;29515.89
3295;Energy Source Diet Centers;1 Twin Oaks Place;29;"BY""";Bi?lorussie;20;"BS""";Bahamas;02/04/1970 10:27;40:00.0;7600;94496.88
3296;Crossroads Construction, Inc.;1954 First St.;38;"BI""";Burundi;35;"BN""";Brunei;20/01/1985 00:02;53:20.0;29871;41886.797
3297;Hoffman Printing Center;3181 Barkwood Ct.;20;"BS""";Bahamas;44;"CL""";Chili;11/07/1993 15:13;40:00.0;59216;36440.348
3298;Smith Communications Inc.;1715 Chicago Ave.;35;"BN""";Brunei;20;"BS""";Bahamas;11/11/2005 00:02;48:16.0;49348;99456.23
3299;Bernhardt Ltd.;600 Central Ave;7;"AO""";Angola;21;"BH""";Bahre?n;03/04/1987 14:53;26:40.0;64708;40152.85
3300;Doll House Rock;1770 first St.;42;"CA""";Canada;4;"DZ""";Alg?rie;31/08/1993 21:02;33:20.0;45370;3552.9658
3301;Hart Corporation;120 high St.;41;"CM""";Cameroun;35;"BN""";Brunei;03/12/1989 14:53;41:36.0;71264;35986.375
3302;North Shore Appliance Service;788 Tennyson Ave.;8;"AI""";Anguilla;38;"BI""";Burundi;26/04/2005 11:02;00:00.0;35460;33488.914
3303;Bako Delicatessen;1975 elmwood Circle;27;"BM""";Bermudes;25;"BE""";Belgique;16/03/1971 08:27;13:20.0;12536;83939.86
3304;Schnitzer Denist College;12 Walker Ave.;29;"BY""";Bi?lorussie;29;"BY""";Bi?lorussie;22/10/1990 13:53;40:00.0;44630;59458.945
3305;Lake Shore Publishing;175 beech St.;18;"AZ""";Azerba?djan;38;"BI""";Burundi;15/11/2006 10:13;14:56.0;81838;24500.55
3306;Marks, Marks, and Kaplan Ltd.;224  Highwood Ave.;9;"AQ""";Antarctique;20;"BS""";Bahamas;16/01/2003 10:00;40:00.0;99485;18310.072
3307;Highland Heights Gift Shop;1619 Judson Ave. Apt #34B;3;"AL""";Albanie;35;"BN""";Brunei;18/07/2001 17:13;40:00.0;73932;41595.77
3308;Toggle & Myerson Ltd;970 Vilas Circle;42;"CA""";Canada;7;"AO""";Angola;05/02/1977 21:48;20:00.0;3775;23898.484
3309;Tub's Furniture Store;35 Glenlake Dr.;28;"BT""";Bhoutan;42;"CA""";Canada;03/12/1985 03:08;33:20.0;61880;98997.07
3310;Resnick DDS;1 Twin Oaks Place;50;"KP""";Cor?e du Nord;41;"CM""";Cameroun;26/05/1970 00:48;20:00.0;22343;45153.547
3311;Kapp Camera and Video;788 Tennyson Ave.;18;"AZ""";Azerba?djan;8;"AI""";Anguilla;18/09/2000 03:00;00:00.0;82532;52060.453
3312;Salt & Pepper Catering Service;1799 Rosemary Way;39;"CI""";C?te d'Ivoire;27;"BM""";Bermudes;25/12/2001 00:28;26:40.0;86508;74655.64
3313;Green Bay Travel Services;886 Yale Lane;39;"CI""";C?te d'Ivoire;29;"BY""";Bi?lorussie;29/01/1974 14:00;34:56.0;84590;5728.4575
3314;Portugal, Liddy, & Son Ltd.;355 Golf Rd.;26;"BZ""";Belize;18;"AZ""";Azerba?djan;12/05/1978 14:22;46:40.0;74052;35496.332
3315;Percy Photography;1155 Ridgewood Drive;6;"AD""";Andorre;9;"AQ""";Antarctique;20/05/1996 03:40;33:20.0;98050;61900.793
3316;Woodworks Co.;1 Twin Oaks Place;35;"BN""";Brunei;3;"AL""";Albanie;31/08/1996 22:35;46:40.0;81040;56871.906
3317;Eva Galler Galleries Inc.;2644 Princeton Ln.;39;"CI""";C?te d'Ivoire;42;"CA""";Canada;03/04/2005 15:33;06:40.0;2853;14120.38
3318;George Lee Antiques;225 Jeffrys Place;50;"KP""";Cor?e du Nord;28;"BT""";Bhoutan;13/08/1974 22:07;00:00.0;21768;59472.754
3319;Acturial Enterprises Ltd.;3487 Green Bay Rd.;47;"CO""";Colombie;50;"KP""";Cor?e du Nord;03/12/2001 20:53;00:00.0;31016;42732.75
3320;Meonits & Mogogni Inc.;1287 Glencoe Ave.;37;"BF""";Burkina Faso;18;"AZ""";Azerba?djan;15/04/1998 01:27;06:40.0;20780;66429.94
3321;Lambert & Locke Legal Services;600 Central Ave;33;"BW""";Botswana;39;"CI""";C?te d'Ivoire;30/06/1993 01:27;06:40.0;58032;86900.1
3322;Camp Stuff;1777 balsamic Ave.;34;"BR""";Br?sil;39;"CI""";C?te d'Ivoire;11/07/2006 07:40;48:16.0;73107;8040.4185
3323;Nirabi Auto Service;3385 University Ave.;6;"AD""";Andorre;26;"BZ""";Belize;06/06/2001 05:00;21:36.0;2400;54336.92
3324;Doerner's Awnings and Canopies;662 Lyons Circle;26;"BZ""";Belize;6;"AD""";Andorre;06/07/1971 06:48;06:40.0;42112;41593.863
3325;Myles Building Consultants;2870 Skokie Rd.;38;"BI""";Burundi;35;"BN""";Brunei;01/06/1986 17:28;06:40.0;94760;27164.154
3326;Arthur M. Feildberg Galleries;1882 St. Johns;2;"ZA""";Afrique du Sud;39;"CI""";C?te d'Ivoire;19/07/1992 07:28;53:20.0;99530;16100.54
3327;Yale Remins Temp Agency;1 Twin Oaks Place;4;"DZ""";Alg?rie;50;"KP""";Cor?e du Nord;16/12/2001 15:22;14:56.0;98338;75444.99
3328;Trapezoid Studios;970 Vilas Circle;36;"BG""";Bulgarie;47;"CO""";Colombie;19/06/2001 12:07;28:16.0;19088;61594.344
3329;Lickmen Restoration;1 Twin Oaks Place;25;"BE""";Belgique;37;"BF""";Burkina Faso;09/11/2001 10:00;00:00.0;14688;28835.582
3330;Hibbard Road Suppliers;1155 Ridgewood Drive;40;"KH""";Cambodge;33;"BW""";Botswana;27/08/1983 20:20;34:56.0;50820;86055.68
3331;North Park Lighting Galleries;1575 Oak Ave.  Apt. 2C;3;"AL""";Albanie;34;"BR""";Br?sil;15/01/1982 07:22;06:40.0;39728;93660.43
3332;Cosmo Skin Care Center;632 Florence Dr.;45;"CN""";Chine;6;"AD""";Andorre;30/05/1990 10:33;54:56.0;43552;90060.35
3333;Schnitzer Denist College;899 Harvard Ct;23;"BB""";Barbade;26;"BZ""";Belize;04/01/2006 18:40;54:56.0;77820;36775.777
3334;Lambert & Locke Legal Services;788 Tennyson Ave.;27;"BM""";Bermudes;38;"BI""";Burundi;15/03/1982 08:02;33:20.0;70024;65096.062
3335;Mail Boxes Et. Al.;1550 Ridge Rd.;34;"BR""";Br?sil;2;"ZA""";Afrique du Sud;04/04/1994 23:53;46:40.0;6500;41320.168
3336;Bernhardt Ltd.;1777 balsamic Ave.;9;"AQ""";Antarctique;4;"DZ""";Alg?rie;28/11/2004 22:02;20:00.0;34907;91588.21
3337;Moveit Motercycle Service;865 Old Tall Tree Lane;9;"AQ""";Antarctique;36;"BG""";Bulgarie;28/04/1974 17:53;41:36.0;56510;68540.96
3338;Gilbert Co.;1831 Beverly Place #9D;31;"BO""";Bolivie;25;"BE""";Belgique;18/05/1977 19:15;46:40.0;1400;18749.848
3339;Elm Place Business Supplies;1270 Linden Ave.;46;"CY""";Chypre;40;"KH""";Cambodge;03/12/1992 16:27;48:16.0;46218;74102.984
3340;Hart Corporation;1547 Vine;6;"AD""";Andorre;3;"AL""";Albanie;10/10/1972 11:13;48:16.0;40230;65350.996
3341;Hibop Heating and Air Conditio;2112 Ravine Drive;43;"CV""";Cap-Vert;45;"CN""";Chine;06/04/1975 23:47;40:00.0;70712;21557.803
3342;Crossroads Construction, Inc.;2936 Arlington Ave.;9;"AQ""";Antarctique;23;"BB""";Barbade;01/04/2006 17:35;33:20.0;60228;80.078
3343;Bill's Dive Shop;1019 Deerfield Rd.;25;"BE""";Belgique;27;"BM""";Bermudes;10/01/1989 18:27;26:40.0;16976;73167.164
3344;K L Consulting;1799 Rosemary Way;17;"AT""";Autriche;34;"BR""";Br?sil;02/11/1983 13:22;21:36.0;316;8261.654
3345;Resnick DDS;854 Woodbine;25;"BE""";Belgique;9;"AQ""";Antarctique;25/04/1980 08:40;06:40.0;31100;16868.42
3346;Bee Line Publishing;220 Vine Ave.;18;"AZ""";Azerba?djan;9;"AQ""";Antarctique;05/07/1990 18:47;01:36.0;13665;39376.984
3347;Perimeter Security Consultants;1547 Vine;24;"PW""";Belau;31;"BO""";Bolivie;11/01/1977 10:42;53:20.0;46857;12550.336
3348;Myles Building Consultants;218 Oakridge Ave.;15;"AW""";Aruba;46;"CY""";Chypre;26/05/1992 07:00;14:56.0;55735;73655.36
3349;Keep Cool Air Conditioner Repa;1220 Heather Lane;26;"BZ""";Belize;6;"AD""";Andorre;13/12/1980 03:48;20:00.0;39312;79484.805
3350;Resnick DDS;844 Spruce St.;28;"BT""";Bhoutan;43;"CV""";Cap-Vert;04/03/2001 06:53;20:00.0;91700;23761.332
3351;Tub's Furniture Store;425 Lake Ave.;10;"AG""";Antigua-et-Barbuda;9;"AQ""";Antarctique;27/10/2005 03:07;46:40.0;74138;39264.87
3352;Dean Grant Buick and Crysler;1233 Arbor Rd.;19;"BJ""";B?nin;25;"BE""";Belgique;12/05/2007 11:55;13:20.0;86561;64420.164
3353;Darcy Frame and Matting Servic;1220 Heather Lane;28;"BT""";Bhoutan;17;"AT""";Autriche;25/06/2001 13:40;54:56.0;84032;55155.35
3354;Pac Builders;917 Fairview Ave.  Apt. 982;7;"AO""";Angola;25;"BE""";Belgique;10/12/1996 23:20;13:20.0;92376;33031.35
3355;Kermit the Pet Shop;1957 Huntington Ave.;38;"BI""";Burundi;18;"AZ""";Azerba?djan;17/07/2000 03:42;26:40.0;51722;26360.857
3356;Nirabi Auto Service;1859 Green Bay Rd.;49;"CG""";Congo;24;"PW""";Belau;07/09/2007 13:15;33:20.0;46565;14673.923
3357;Air India;22 Clay rd.;50;"KP""";Cor?e du Nord;15;"AW""";Aruba;14/11/2001 14:40;06:40.0;32744;20574.645
3358;Car Suite Cleaners;2148 Eastview Dr.;16;"AU""";Australie;26;"BZ""";Belize;07/09/1996 02:33;33:20.0;80003;92340.734
3359;Innman Paint and Glass;1245 Eastwood;24;"PW""";Belau;28;"BT""";Bhoutan;26/07/1987 13:13;46:40.0;69400;44250.375
3360;Myles Building Consultants;3150 Skokie Valley Rd.;29;"BY""";Bi?lorussie;10;"AG""";Antigua-et-Barbuda;20/01/1993 20:00;00:00.0;35344;52000.254
3361;Arthur M. Feildberg Galleries;218 Oakridge Ave.;28;"BT""";Bhoutan;19;"BJ""";B?nin;11/10/2004 00:47;01:36.0;74350;65090.203
3362;Derbin Contracting Services;616 Cobblestone Cir.;16;"AU""";Australie;28;"BT""";Bhoutan;06/05/1977 21:53;40:00.0;12918;10250.373
3363;Arthur M. Feildberg Galleries;2112 Ravine Drive;45;"CN""";Chine;7;"AO""";Angola;22/06/2000 22:35;00:00.0;85543;47360.72
3364;Green Shoes Corp.;1831 Beverly Place #9D;1;"AF""";Afghanistan;38;"BI""";Burundi;13/05/2000 00:33;28:16.0;59752;90246.12
3365;Highland Woods City Hall;1065 Hillcrest Circle;42;"CA""";Canada;49;"CG""";Congo;14/11/2000 11:07;06:40.0;69025;71235.055
3366;Ampro Office Team Ltd.;1907 S. Prospect Ave.;48;"KM""";Comores;50;"KP""";Cor?e du Nord;04/03/2001 23:33;33:20.0;27680;38900.832
3367;Yale Remins Temp Agency;334 Lynn Terrace;45;"CN""";Chine;16;"AU""";Australie;06/07/2002 15:55;53:20.0;56960;44641.363
3368;Doll House Rock;2024 St.Johns Ave.;16;"AU""";Australie;24;"PW""";Belau;14/09/1977 16:47;01:36.0;9414;67804.414
3369;Doerner's Awnings and Canopies;1575 Oakwood Ave.;21;"BH""";Bahre?n;29;"BY""";Bi?lorussie;26/02/1985 10:00;00:00.0;2064;83125.05
3370;Foy Aviation;2148 Eastview Dr.;18;"AZ""";Azerba?djan;28;"BT""";Bhoutan;27/10/2003 15:08;46:40.0;20976;49120.785
3371;Cutter Lawn Mower Repair;2112 Ravine Drive;37;"BF""";Burkina Faso;16;"AU""";Australie;21/05/1977 02:48;53:20.0;25120;7968.9375
3372;Ernie's Foriegn Car Service;1949 Cloverdale Rd.;26;"BZ""";Belize;45;"CN""";Chine;27/03/2002 03:33;20:00.0;7517;71438.336
3373;Cotton Thumb Ltd.;245 Oakridge Ave.;47;"CO""";Colombie;1;"AF""";Afghanistan;09/01/1992 03:22;40:00.0;14042;90160.76
3374;Elle Hypnosis and Therapy Cent;77 Blackhawk Rd;41;"CM""";Cameroun;42;"CA""";Canada;30/07/2001 07:00;33:20.0;85222;99832.78
3375;John G. Hartling Ltd.;1750 Lily Court;19;"BJ""";B?nin;48;"KM""";Comores;21/05/1997 08:33;54:56.0;71478;91205.59
3376;Hoffman Printing Center;1486 Old Deerfield Rd.;38;"BI""";Burundi;45;"CN""";Chine;06/02/1980 15:47;41:36.0;73950;40056.12
3377;Mail Boxes Et. Al.;1860 Parkside Ln.;6;"AD""";Andorre;16;"AU""";Australie;10/03/1975 16:13;26:40.0;61630;16279.246
3378;Hart Corporation;4467 Sheridan Rd.;23;"BB""";Barbade;21;"BH""";Bahre?n;29/06/2000 11:27;06:40.0;53328;61132.96
3379;Innman Paint and Glass;1220 Heather Lane;32;"BA""";Bosnie-Herz?govine;18;"AZ""";Azerba?djan;24/08/2000 19:40;33:20.0;22155;1156.75
3380;Block Boats and Lures;2922 Twin Oaks Drive;34;"BR""";Br?sil;37;"BF""";Burkina Faso;17/03/1982 08:00;53:20.0;75573;37438.926
3381;Lambert & Locke Legal Services;969 Saxony Drive;2;"ZA""";Afrique du Sud;26;"BZ""";Belize;05/10/1980 21:55;33:20.0;46542;19504.445
3382;Glassman & Stone;1882 St. Johns;47;"CO""";Colombie;47;"CO""";Colombie;04/02/1983 17:22;48:16.0;26880;27828.707
3383;Palmer Golf Supplies;1858 Balsam Way;37;"BF""";Burkina Faso;41;"CM""";Cameroun;16/11/2006 21:35;41:36.0;41024;97362.15
3384;Green Bay Travel Services;139 Bay Colony Dr.;9;"AQ""";Antarctique;19;"BJ""";B?nin;28/08/1982 06:20;46:40.0;91776;6400.0527
3385;George Lee Antiques;511 Hill;35;"BN""";Brunei;38;"BI""";Burundi;25/02/1970 13:20;53:20.0;48470;95610.1
3386;Eva Galler Galleries Inc.;10 Marquette Rd.;10;"AG""";Antigua-et-Barbuda;6;"AD""";Andorre;01/03/1970 00:40;20:00.0;99840;13962.55
3387;Doll House Rock;632 Roger Williams;50;"KP""";Cor?e du Nord;23;"BB""";Barbade;31/07/2001 18:20;54:56.0;33128;33440.938
3388;Pivot Point College;139 Bay Colony Dr.;45;"CN""";Chine;32;"BA""";Bosnie-Herz?govine;18/07/2004 01:53;20:00.0;43200;2584.6328
3389;Highland Woods City Hall;2870 Skokie Rd.;30;"MM""";Birmanie;34;"BR""";Br?sil;26/10/1990 08:48;54:56.0;5305;66864.02
3390;Car Suite Cleaners;785 Highland place;11;"AN""";Antilles n?erlandaises;2;"ZA""";Afrique du Sud;01/05/2000 23:02;14:56.0;15872;13830.074
3391;Bako Delicatessen;1619 Judson Ave. Apt #34B;26;"BZ""";Belize;47;"CO""";Colombie;26/04/1974 09:20;20:00.0;37200;27842.236
3392;John G. Hartling Ltd.;1770 first St.;3;"AL""";Albanie;37;"BF""";Burkina Faso;10/06/1996 10:47;41:36.0;49392;94451.85
3393;American Apartments;965 Marion Place Apt. 65C;27;"BM""";Bermudes;9;"AQ""";Antarctique;26/11/2000 15:07;40:00.0;63604;45364.793
3394;Innman Paint and Glass;12 Broadview Lane;40;"KH""";Cambodge;35;"BN""";Brunei;30/05/2000 16:48;33:20.0;15950;94366.16
3395;Quad City Cleaning;12 Skokie Valley Rd.;47;"CO""";Colombie;10;"AG""";Antigua-et-Barbuda;14/11/2004 17:07;28:16.0;89210;50760.426
3396;Gourmet the Frog;2220 Grant Blvd.;31;"BO""";Bolivie;50;"KP""";Cor?e du Nord;19/02/1970 07:20;46:40.0;47728;30334.186
3397;Nel Video Productions;59 Cordon Terr.;12;"SA""";Arabie saoudite;45;"CN""";Chine;10/02/1986 06:13;13:20.0;33680;9344.995
3398;Glenn Oaks Office Supplies;1287 Glencoe Ave.;5;"DE""";Allemagne;30;"MM""";Birmanie;18/08/1971 11:40;48:16.0;98816;54441.453
3399;Mail Boxes Et. Al.;1882 St. Johns;10;"AG""";Antigua-et-Barbuda;11;"AN""";Antilles n?erlandaises;31/10/1975 04:00;33:20.0;84324;98520.87
3400;Air Guatamala;750 Homewood Ave.;1;"AF""";Afghanistan;26;"BZ""";Belize;28/07/1977 02:07;06:40.0;90930;44983.625
3401;Truck-X Muffler Repair;2678 Sheridan Rd.;4;"DZ""";Alg?rie;3;"AL""";Albanie;27/06/1971 20:47;33:20.0;77196;2502.707
3402;Mac Computer Warehouse;839 Burton Ave;37;"BF""";Burkina Faso;27;"BM""";Bermudes;23/11/1980 04:00;40:00.0;31719;32015.297
3403;Sigman and Freud Psychiatry;38976 Forest View Rd.;34;"BR""";Br?sil;40;"KH""";Cambodge;31/07/1975 18:33;28:16.0;43726;80981.625
3404;Ernie's Foriegn Car Service;852 Sumac Rd.;7;"AO""";Angola;47;"CO""";Colombie;14/09/2006 21:55;01:36.0;46154;39672.15
3405;Sigman and Freud Psychiatry;1019 Deerfield Rd.;6;"AD""";Andorre;31;"BO""";Bolivie;25/06/1980 06:47;26:40.0;20126;32672.09
3406;Bee Line Publishing;1486 Old Deerfield Rd.;47;"CO""";Colombie;12;"SA""";Arabie saoudite;23/02/2007 21:48;20:00.0;47888;30656.867
3407;Kapp Camera and Video;1009 marvel Way;47;"CO""";Colombie;5;"DE""";Allemagne;22/01/2002 11:47;54:56.0;72454;76928.81
3408;Innman Paint and Glass;929 Brittany Ave.;10;"AG""";Antigua-et-Barbuda;10;"AG""";Antigua-et-Barbuda;03/09/1982 01:13;46:40.0;35247;53542.06
3409;Glenwood Credit Union;1777 balsamic Ave.;33;"BW""";Botswana;1;"AF""";Afghanistan;28/07/2000 19:42;06:40.0;15610;10496.591
3410;Happ Aluminum Siding Co.;266 Green Bay Rd.;27;"BM""";Bermudes;4;"DZ""";Alg?rie;11/07/2002 16:07;41:36.0;43006;61754.848
3411;Morton Roofing and Siding;1704 Ridgelee Rd;3;"AL""";Albanie;37;"BF""";Burkina Faso;26/11/2001 23:08;34:56.0;84180;70028.09
3412;Park District Of America;1233 Arbor Rd.;18;"AZ""";Azerba?djan;34;"BR""";Br?sil;04/08/1986 09:15;34:56.0;39082;36025.805
3413;Sigman and Freud Psychiatry;1019 Deerfield Rd.;6;"AD""";Andorre;7;"AO""";Angola;12/02/1986 13:47;00:00.0;89919;64051.316
3414;Morgan Construction Co;807 Old Trail Rd.;47;"CO""";Colombie;6;"AD""";Andorre;01/10/2006 07:53;08:16.0;66569;16553.588
3415;MedicServe Medical Supply;218 Oakridge Ave.;45;"CN""";Chine;47;"CO""";Colombie;01/01/1996 01:33;26:40.0;65524;57664.66
3416;Marks, Marks, and Kaplan Ltd.;139 Bay Colony Dr.;16;"AU""";Australie;47;"CO""";Colombie;04/04/1972 18:27;41:36.0;84880;42720.926
3417;Facelift Kitchen and Bath;5518 Madison St.;42;"CA""";Canada;10;"AG""";Antigua-et-Barbuda;27/03/2000 07:33;34:56.0;24585;89600.47
3418;Lake Shore Publishing;1839 McCraren Rd.;24;"PW""";Belau;33;"BW""";Botswana;26/05/1972 21:27;21:36.0;71915;18650.262
3419;Vecot Inc.;367Bluebird Terr.;44;"CL""";Chili;27;"BM""";Bermudes;16/08/1975 14:22;26:40.0;31936;77840.06
3420;Crossroads Construction, Inc.;1715 Chicago Ave.;2;"ZA""";Afrique du Sud;3;"AL""";Albanie;13/11/1996 15:47;48:16.0;58005;54480.63
3421;Hart Corporation;1920 Sunnyside Ave.;8;"AI""";Anguilla;18;"AZ""";Azerba?djan;07/04/2000 21:20;26:40.0;42784;30648.447
3422;Keyth Contracting and Repair;1287 Glencoe Ave.;34;"BR""";Br?sil;6;"AD""";Andorre;11/12/1974 20:55;54:56.0;30184;48040.53
3423;Bill's Dive Shop;2045 St. johns Ave.;9;"AQ""";Antarctique;47;"CO""";Colombie;12/12/1993 12:40;53:20.0;89340;81792.13
3424;Block Boats and Lures;750 Homewood Ave.;6;"AD""";Andorre;45;"CN""";Chine;28/10/1999 09:40;34:56.0;20380;51200.215
3425;Childress Child Day Care;1 Twin Oaks Place;20;"BS""";Bahamas;16;"AU""";Australie;05/10/1987 11:15;06:40.0;80240;2840.8032
3426;Mergenthaler Inc.;812 North Ave.;44;"CL""";Chili;42;"CA""";Canada;03/01/1990 20:53;06:40.0;98452;47250.535
3427;Elm Place Business Supplies;917 Fairview Ave.  Apt. 982;15;"AW""";Aruba;24;"PW""";Belau;26/10/1983 15:42;40:00.0;37008;39120.87
3428;Highland Lanes;1777 balsamic Ave.;47;"CO""";Colombie;44;"CL""";Chili;03/03/2000 18:55;13:20.0;16831;4674.488
3429;Funnyface Amusement Games;1155 Ridgewood Drive;30;"MM""";Birmanie;2;"ZA""";Afrique du Sud;02/11/2006 11:35;53:20.0;18138;17985.29
3430;Kermit the Pet Shop;1220 Heather Lane;30;"MM""";Birmanie;8;"AI""";Anguilla;11/10/2003 20:20;34:56.0;84100;39945.055
3431;Crosstracks Car Wash;3385 University Ave.;6;"AD""";Andorre;34;"BR""";Br?sil;25/06/2000 01:00;26:40.0;5442;41840.527
3432;Highland Woods City Hall;600 Central Ave;28;"BT""";Bhoutan;9;"AQ""";Antarctique;20/07/2005 07:53;01:36.0;25544;85071.18
3433;Kermit the Pet Shop;5518 Madison St.;41;"CM""";Cameroun;6;"AD""";Andorre;25/12/2006 01:08;53:20.0;94152;56000.684
3434;Bill's Dive Shop;511 Hill;47;"CO""";Colombie;20;"BS""";Bahamas;18/08/1998 01:27;01:36.0;3032;36468.9
3435;First National Bank of Ottowa;2112 Ravine Drive;42;"CA""";Canada;44;"CL""";Chili;29/03/1972 14:28;06:40.0;47621;88399.04
3436;Lake Shore Beaches;1126 Hillcrest Ave;7;"AO""";Angola;15;"AW""";Aruba;21/03/2000 03:35;01:36.0;93840;86676.47
3437;Gordon & Son Brockerage Ltd.;3150 Skokie Valley Rd.;21;"BH""";Bahre?n;47;"CO""";Colombie;02/04/2002 00:15;46:40.0;29216;24864.404
3438;Keyth Contracting and Repair;425 Lake Ave.;47;"CO""";Colombie;30;"MM""";Birmanie;31/03/2006 12:42;48:16.0;28366;39202.42
3439;Got It All Electronics Supply;1619 Judson Ave. Apt #34B;6;"AD""";Andorre;30;"MM""";Birmanie;22/08/2000 12:07;00:00.0;20448;242.755
3440;Bill's Dive Shop;456 Groverland Ave.;14;"AM""";Arm?nie;6;"AD""";Andorre;15/11/1985 18:28;40:00.0;69328;62860.246
3441;Myers Chocolates and Confectio;201-C Frontage Rd.;43;"CV""";Cap-Vert;28;"BT""";Bhoutan;25/10/1986 22:33;28:16.0;74160;28380.197
3442;Lennox Air Pollution Control;22 Clay rd.;30;"MM""";Birmanie;41;"CM""";Cameroun;02/01/2007 01:07;06:40.0;10722;41555.445
3443;Parkway Auto Body;2220 Grant Blvd.;49;"CG""";Congo;47;"CO""";Colombie;22/04/2005 22:42;14:56.0;59607;32068.33
3444;Lake Shore Beaches;4259 W. Lake Ave.;17;"AT""";Autriche;42;"CA""";Canada;05/06/1971 00:48;26:40.0;65279;49642.184
3445;Percy Photography;965 Marion Place Apt. 65C;34;"BR""";Br?sil;7;"AO""";Angola;23/11/2002 16:02;46:40.0;70278;75420.4
3446;Terrinni & Son Auto and Truck;266 Green Bay Rd.;47;"CO""";Colombie;21;"BH""";Bahre?n;26/09/1978 04:08;26:40.0;41908;90140.03
3447;Parkway Auto Body;618 Sheriden rd.;23;"BB""";Barbade;47;"CO""";Colombie;17/12/1977 09:47;21:36.0;4527;73684.1
3448;Meonits & Mogogni Inc.;2644 Princeton Ln.;2;"ZA""";Afrique du Sud;6;"AD""";Andorre;23/01/1975 09:07;28:16.0;67956;12291.703
3449;Chicagoland Cleaners;456 Groverland Ave.;29;"BY""";Bi?lorussie;14;"AM""";Arm?nie;07/10/1975 16:22;54:56.0;37434;15950.623
3450;Lutz Soft Cloth Car Wash;865 Old Tall Tree Lane;11;"AN""";Antilles n?erlandaises;43;"CV""";Cap-Vert;21/03/2005 12:55;48:16.0;6122;95702.87
3451;Eva Galler Galleries Inc.;505 N. Frances St.;47;"CO""";Colombie;30;"MM""";Birmanie;05/06/1978 03:00;46:40.0;40700;94511.51
3452;Morgan Construction Co;844 Spruce St.;11;"AN""";Antilles n?erlandaises;49;"CG""";Congo;06/09/2006 04:22;46:40.0;90483;60744.41
3453;Moveit Motercycle Service;2600 Winsor Mall;32;"BA""";Bosnie-Herz?govine;17;"AT""";Autriche;16/06/2006 20:20;14:56.0;33684;25343.016
3454;Ampro Office Team Ltd.;1270 Linden Ave.;38;"BI""";Burundi;34;"BR""";Br?sil;18/08/1994 17:28;06:40.0;43614;76304.63
3455;Nina's Snow Plowing;4467 Sheridan Rd.;22;"BD""";Bangladesh;47;"CO""";Colombie;25/04/1987 06:35;00:00.0;8022;46775.79
3456;Flinn Mosquito and Pest Contro;302-A Crestwood Village Rd.;9;"AQ""";Antarctique;23;"BB""";Barbade;18/09/2000 11:53;48:16.0;32096;80186.47
3457;Mac Computer Warehouse;3181 Barkwood Ct.;25;"BE""";Belgique;2;"ZA""";Afrique du Sud;28/11/1993 15:20;00:00.0;69284;90280.05
3458;P K M Packaging Supply;616 Cobblestone Cir.;24;"PW""";Belau;29;"BY""";Bi?lorussie;09/02/1986 02:27;53:20.0;2378;55800.598
3459;Sigman and Freud Psychiatry;425 Lake Ave.;2;"ZA""";Afrique du Sud;11;"AN""";Antilles n?erlandaises;12/03/1997 20:53;08:16.0;90491;69258.95
3460;American Deli Workers Union;5518 Madison St.;9;"AQ""";Antarctique;47;"CO""";Colombie;23/12/1977 12:15;48:16.0;74672;29760.283
3461;Bee Line Publishing;201-C Frontage Rd.;34;"BR""";Br?sil;11;"AN""";Antilles n?erlandaises;01/02/2005 18:27;40:00.0;78728;2395.184
3462;Myers Chocolates and Confectio;1550 Ridge Rd.;25;"BE""";Belgique;32;"BA""";Bosnie-Herz?govine;28/03/2000 00:02;00:00.0;96380;61245.984
3463;Keyth Contracting and Repair;632 Florence Dr.;49;"CG""";Congo;38;"BI""";Burundi;08/08/1994 16:33;48:16.0;65470;69296.38
3464;Morton Roofing and Siding;224  Highwood Ave.;33;"BW""";Botswana;22;"BD""";Bangladesh;21/11/2005 14:13;34:56.0;7025;17086.277
3465;Camp Stuff;839 Burton Ave;21;"BH""";Bahre?n;9;"AQ""";Antarctique;17/06/1980 23:02;20:00.0;50155;33472.844
3466;Transformation Enterprises;313 Grove Ave.;47;"CO""";Colombie;25;"BE""";Belgique;03/07/2005 15:13;41:36.0;98599;82320.12
3467;Lee Stairworks and Carpentry,;2045 St. johns Ave.;6;"AD""";Andorre;24;"PW""";Belau;20/11/2004 12:00;28:16.0;84043;33458.56
3468;Highland Woods City Hall;852 Sumac Rd.;47;"CO""";Colombie;2;"ZA""";Afrique du Sud;02/09/2000 14:07;40:00.0;13000;66005.23
3469;Kapp Camera and Video;245 Oakridge Ave.;18;"AZ""";Azerba?djan;9;"AQ""";Antarctique;20/04/2005 15:08;41:36.0;26538;10968.591
3470;Foy Aviation;1679 McCraren;2;"ZA""";Afrique du Sud;34;"BR""";Br?sil;19/08/2006 12:07;46:40.0;47334;78400.336
3471;Marks, Marks, and Kaplan Ltd.;1436 Waverly Rd.;37;"BF""";Burkina Faso;25;"BE""";Belgique;21/03/2005 05:20;26:40.0;27045;55532.2
3472;North Park Lighting Galleries;1547 Knolwood Rd.;18;"AZ""";Azerba?djan;49;"CG""";Congo;01/12/2000 14:53;48:16.0;51960;67807.195
3473;Meonits & Mogogni Inc.;807 Old Trail Rd.;1;"AF""";Afghanistan;33;"BW""";Botswana;21/01/2000 09:47;33:20.0;92589;54088.688
3474;Keyth Contracting and Repair;1287 Glencoe Ave.;22;"BD""";Bangladesh;21;"BH""";Bahre?n;12/09/2003 12:48;00:00.0;1107;64854.85
3475;Froggy's Gourmet Catering;59 Cordon Terr.;21;"BH""";Bahre?n;47;"CO""";Colombie;04/10/2007 04:08;00:00.0;64768;79696.57
3476;Glenwood Credit Union;2632 Prarie Ln.;36;"BG""";Bulgarie;6;"AD""";Andorre;18/07/2005 07:15;46:40.0;76581;31412.098
3477;Hilco Auto Body;917 Fairview Ave.  Apt. 982;31;"BO""";Bolivie;47;"CO""";Colombie;26/03/2001 06:40;48:16.0;59131;26700.379
3478;Peterson Roberts Carpentry;218 Oakridge Ave.;37;"BF""";Burkina Faso;18;"AZ""";Azerba?djan;25/02/1998 09:47;53:20.0;28718;24832.72
3479;Futoons Cartoons Emporium;4522 N. Greenview Apt. 1B;20;"BS""";Bahamas;2;"ZA""";Afrique du Sud;09/05/2006 10:35;40:00.0;13766;44006.5
3480;Hi-Land Art & Frame;2632 Prarie Ln.;7;"AO""";Angola;37;"BF""";Burkina Faso;04/09/2002 01:40;34:56.0;70680;93446.26
3481;Dependable Plumbing and Sewer;1482 Concorde Circle;43;"CV""";Cap-Vert;18;"AZ""";Azerba?djan;12/05/1975 12:48;40:00.0;69696;70180.49
3483;Smith Communications Inc.;1660 Park Ave.;18;"AZ""";Azerba?djan;22;"BD""";Bangladesh;26/11/1970 00:28;00:00.0;7696;61167.812
3484;Cotton Thumb Ltd.;225 Jeffrys Place;17;"AT""";Autriche;21;"BH""";Bahre?n;27/10/1972 19:53;33:20.0;41739;4400.0747
3485;Air France;77 Blackhawk Rd;48;"KM""";Comores;36;"BG""";Bulgarie;16/04/1986 09:22;06:40.0;26190;62768.67
3486;Pivot Point College;3344 Beachwood Ln.;12;"SA""";Arabie saoudite;31;"BO""";Bolivie;22/10/2004 03:27;14:56.0;18381;15765.363
3487;Acme Chemical Supply;857 Woodbine Rd;34;"BR""";Br?sil;37;"BF""";Burkina Faso;13/03/2006 09:20;33:20.0;94502;72158.08
3488;Percy Photography;139 Bay Colony Dr.;30;"MM""";Birmanie;20;"BS""";Bahamas;02/10/2000 11:27;48:16.0;23500;7363.6636
3489;Green Bay Travel Services;1715 Chicago Ave.;21;"BH""";Bahre?n;7;"AO""";Angola;31/01/1970 09:48;13:20.0;50049;28897.967
3490;Hibbard Road Suppliers;1957 Huntington Ave.;48;"KM""";Comores;43;"CV""";Cap-Vert;08/12/2006 21:22;53:20.0;57264;86986.664
3491;K L Consulting;511 Hill;4;"DZ""";Alg?rie;32;"BA""";Bosnie-Herz?govine;01/12/2006 02:53;20:00.0;84590;78515.84
3492;PGS Associates;1 Twin Oaks Place;3;"AL""";Albanie;18;"AZ""";Azerba?djan;21/12/2001 06:28;13:20.0;34870;21037.176
3493;Caranisco Homes;865 Old Tall Tree Lane;23;"BB""";Barbade;17;"AT""";Autriche;09/02/1992 18:27;46:40.0;32805;67839.445
3494;Moveit Motercycle Service;600 Central Ave.;14;"AM""";Arm?nie;48;"KM""";Comores;06/03/1987 03:33;14:56.0;85072;70720.56
3495;Dapper's Antiques;1915 Lewis Ln.  Apt 13;36;"BG""";Bulgarie;12;"SA""";Arabie saoudite;06/08/2001 16:47;06:40.0;41640;4751.133
3496;Nitelites Party Rental;872 Virginia Rd.;45;"CN""";Chine;34;"BR""";Br?sil;05/02/1980 00:53;20:00.0;40244;45448.086
3497;Futoons Cartoons Emporium;1859 Green Bay Rd.;28;"BT""";Bhoutan;30;"MM""";Birmanie;29/04/2006 13:15;33:20.0;8728;98320.56
3498;Perimeter Security Consultants;2600 Winsor Mall;43;"CV""";Cap-Vert;21;"BH""";Bahre?n;15/04/1989 17:13;28:16.0;61295;12320.103
3499;Foy Aviation;3181 Barkwood Ct.;25;"BE""";Belgique;48;"KM""";Comores;15/12/1974 08:15;46:40.0;17075;83940.03
3500;Parties Galore Golf Course;1954 First St.;44;"CL""";Chili;4;"DZ""";Alg?rie;29/05/2001 02:33;54:56.0;32680;44256.656
3501;Bako Delicatessen;1220 Heather Lane;14;"AM""";Arm?nie;3;"AL""";Albanie;08/05/2001 06:33;00:00.0;61328;9379.75
3502;Foy Aviation;135 Lakewood place;8;"AI""";Anguilla;23;"BB""";Barbade;07/06/2006 03:00;46:40.0;91748;23578.727
3503;Chands CPA;886 Yale Lane;37;"BF""";Burkina Faso;14;"AM""";Arm?nie;16/08/2005 14:47;00:00.0;62742;92067.77
3504;Nirabi Auto Service;1859 Green Bay Rd.;46;"CY""";Chypre;36;"BG""";Bulgarie;23/01/1977 00:28;00:00.0;59284;80913.75
3505;AA Advertising;1701 W. Mellody Rd.;42;"CA""";Canada;45;"CN""";Chine;07/04/1985 22:13;40:00.0;21294;68760.586
3506;Keep Cool Air Conditioner Repa;581 Hill St. Apt. 234;7;"AO""";Angola;28;"BT""";Bhoutan;08/08/1990 08:20;33:20.0;28620;30005.314
3507;Jay's Cabinet Company;3100 Trailer Way;12;"SA""";Arabie saoudite;43;"CV""";Cap-Vert;27/02/1977 14:00;46:40.0;18461;7200.6772
3508;Truck-X Muffler Repair;4259 W. Lake Ave.;44;"CL""";Chili;25;"BE""";Belgique;03/01/1997 14:00;14:56.0;83305;5252.6694
3509;Keyth Contracting and Repair;1949 Cloverdale Rd.;31;"BO""";Bolivie;44;"CL""";Chili;04/04/2007 07:15;26:40.0;11440;90367.03
3510;Happ Aluminum Siding Co.;2510 Crain;31;"BO""";Bolivie;14;"AM""";Arm?nie;15/03/2004 00:53;48:16.0;26625;27886.14
3511;Shaggy's Grooming Services;1450 Harding Ave.;32;"BA""";Bosnie-Herz?govine;8;"AI""";Anguilla;20/05/1989 21:40;34:56.0;30222;92608.52
3512;Bill's Dive Shop;1907 S. Prospect Ave.;42;"CA""";Canada;37;"BF""";Burkina Faso;24/05/2001 22:35;20:00.0;9434;85176.8
3513;Cradle the Call;614 green bay Rd.;48;"KM""";Comores;46;"CY""";Chypre;09/02/1978 08:13;21:36.0;53280;15850.179
3514;Garfield Appliance Service;632 Florence Dr.;37;"BF""";Burkina Faso;42;"CA""";Canada;01/05/1978 09:40;48:16.0;90071;55000.22
3515;Cradle the Call;1714 Clifton Rd.;16;"AU""";Australie;7;"AO""";Angola;04/04/1978 17:47;13:20.0;92992;21068.488
3516;Innman Paint and Glass;614 green bay Rd.;17;"AT""";Autriche;12;"SA""";Arabie saoudite;12/08/2001 21:40;20:00.0;87245;11581.061
3517;Shaggy's Grooming Services;1770 first St.;29;"BY""";Bi?lorussie;44;"CL""";Chili;31/01/2000 04:00;41:36.0;93960;40092.918
3518;Camp Stuff;969 Saxony Drive;50;"KP""";Cor?e du Nord;31;"BO""";Bolivie;24/03/1982 14:15;00:00.0;85642;31975.662
3519;Air France;600 Central Ave;4;"DZ""";Alg?rie;31;"BO""";Bolivie;18/01/1996 21:20;40:00.0;45553;57056.707
3520;Garfield Appliance Service;245 Oakridge Ave.;37;"BF""";Burkina Faso;32;"BA""";Bosnie-Herz?govine;18/08/1980 16:20;41:36.0;67816;78824.6
3521;Hardee Woodwork Ltd.;673 Calais Drive;17;"AT""";Autriche;42;"CA""";Canada;24/10/1975 06:20;13:20.0;71680;42992.883
3522;DBN Bank;2148 Eastview Dr.;44;"CL""";Chili;48;"KM""";Comores;10/12/2000 03:22;13:20.0;30597;88888.91
3523;Hibbard Road Suppliers;241 Callan Rd.;37;"BF""";Burkina Faso;37;"BF""";Burkina Faso;13/10/2005 11:40;00:00.0;2936;3568.977
3524;Lake Shore Beaches;1715 Chicago Ave.;36;"BG""";Bulgarie;16;"AU""";Australie;14/01/1992 03:33;20:00.0;31025;67808.664
3525;Gourmet the Frog;854 Woodbine;42;"CA""";Canada;17;"AT""";Autriche;22/02/2000 11:22;00:00.0;42993;74365.48
3526;Doll House Rock;1619 Judson Ave. Apt #34B;19;"BJ""";B?nin;29;"BY""";Bi?lorussie;26/07/1985 05:27;28:16.0;81938;26478.38
3527;Mac Computer Warehouse;2644 Princeton Ln.;28;"BT""";Bhoutan;50;"KP""";Cor?e du Nord;13/06/1989 08:48;13:20.0;79942;73500.11
3528;Lutz Soft Cloth Car Wash;12 Fort Sheriden Ave.;48;"KM""";Comores;4;"DZ""";Alg?rie;13/03/1977 18:55;53:20.0;93625;62366.71
3529;Shaggy's Grooming Services;465 Stratford Rd.;7;"AO""";Angola;37;"BF""";Burkina Faso;26/11/2004 20:13;46:40.0;46990;2720.903
3530;Sigman and Freud Psychiatry;600 Central Ave;27;"BM""";Bermudes;17;"AT""";Autriche;01/02/1986 16:40;34:56.0;30000;18594.514
3531;Hart Corporation;1660 Park Ave.;21;"BH""";Bahre?n;44;"CL""";Chili;03/06/2006 14:33;00:00.0;31816;41000.57
3532;Foy Aviation;1185 County line Rd.;28;"BT""";Bhoutan;37;"BF""";Burkina Faso;12/08/1989 22:20;08:16.0;89712;22592.74
3533;Myles Building Consultants;1436 Waverly Rd.;44;"CL""";Chili;36;"BG""";Bulgarie;16/06/1992 14:07;08:16.0;95872;71250.71
3534;Gilbert Co.;1337 Cavell Ave.;4;"DZ""";Alg?rie;42;"CA""";Canada;12/05/2000 09:02;46:40.0;20328;98205.72
3535;Bako Delicatessen;1270 Linden Ave.;6;"AD""";Andorre;19;"BJ""";B?nin;29/07/1989 15:55;26:40.0;70730;49666.715
3536;Sigman and Freud Psychiatry;2510 Crain;35;"BN""";Brunei;28;"BT""";Bhoutan;19/10/1977 17:42;40:00.0;11290;94176.45
3537;Hardee Woodwork Ltd.;1839 McCraren Rd.;31;"BO""";Bolivie;48;"KM""";Comores;02/07/2001 03:15;20:00.0;65790;89480.49
3538;Cosmo Skin Care Center;2936 Arlington Ave.;12;"SA""";Arabie saoudite;7;"AO""";Angola;31/05/1998 08:33;48:16.0;57346;39055.43
3539;Glenn Oaks Office Supplies;59 Cordon Terr.;1;"AF""";Afghanistan;27;"BM""";Bermudes;22/12/2000 18:28;53:20.0;2716;85570.77
3540;Jay's Cabinet Company;2045 St. johns Ave.;46;"CY""";Chypre;21;"BH""";Bahre?n;22/01/2001 14:13;13:20.0;41088;95680.625
3541;Hi-Land Art & Frame;3150 Skokie Valley Rd.;24;"PW""";Belau;28;"BT""";Bhoutan;12/01/2000 18:00;41:36.0;28272;7336.712
3542;Hart Corporation;135 Lakewood place;30;"MM""";Birmanie;44;"CL""";Chili;25/01/1974 15:33;13:20.0;93362;74456.71
3543;Lambert & Locke Legal Services;1 Twin Oaks Place;3;"AL""";Albanie;4;"DZ""";Alg?rie;28/08/1974 14:08;48:16.0;42688;6468.0957
3544;Kapp Camera and Video;1155 Ridgewood Drive;26;"BZ""";Belize;6;"AD""";Andorre;29/09/2006 04:20;48:16.0;18436;81876.13
3545;Green Bay Travel Services;12 Skokie Valley Rd.;9;"AQ""";Antarctique;35;"BN""";Brunei;14/06/2006 19:15;54:56.0;42000;50930.594
3546;PGS Associates;1220 Heather Lane;33;"BW""";Botswana;31;"BO""";Bolivie;17/09/2001 08:47;01:36.0;67164;67931.38
3547;PGS Associates;1575 Oak Ave.  Apt. 2C;8;"AI""";Anguilla;12;"SA""";Arabie saoudite;27/02/2000 20:13;08:16.0;96768;32048.775
3548;Doerner's Awnings and Canopies;574 Chicago Ave.;1;"AF""";Afghanistan;1;"AF""";Afghanistan;19/10/1971 23:40;46:40.0;82390;19900.84
3549;Portugal, Liddy, & Son Ltd.;581 Hill St. Apt. 234;24;"PW""";Belau;46;"CY""";Chypre;30/04/1985 10:07;21:36.0;94607;68136.54
3550;Hoffman Printing Center;662 Lyons Circle;33;"BW""";Botswana;24;"PW""";Belau;27/11/1972 15:48;48:16.0;5652;92141.93
3551;Hi-Land Art & Frame;872 Virginia Rd.;10;"AG""";Antigua-et-Barbuda;30;"MM""";Birmanie;24/08/2006 03:13;33:20.0;4144;7306.743
3552;Bako Delicatessen;1155 Ridgewood Drive;47;"CO""";Colombie;3;"AL""";Albanie;11/10/1980 09:13;13:20.0;17338;17000.814
3553;Parties Galore Golf Course;2678 Sheridan Rd.;49;"CG""";Congo;26;"BZ""";Belize;09/06/2006 01:28;33:20.0;41320;23232.455
3554;Hibop Heating and Air Conditio;1715 Chicago Ave.;18;"AZ""";Azerba?djan;9;"AQ""";Antarctique;26/01/1970 00:00;20:00.0;6374;97922.64
3555;Cotton Thumb Ltd.;12 Walker Ave.;2;"ZA""";Afrique du Sud;33;"BW""";Botswana;01/03/1977 21:33;48:16.0;96948;57328.58
3556;Sigman and Freud Psychiatry;872 Virginia Rd.;6;"AD""";Andorre;8;"AI""";Anguilla;13/09/1982 02:08;46:40.0;73904;38525.145
3557;Childress Child Day Care;245 Oakridge Ave.;49;"CG""";Congo;1;"AF""";Afghanistan;01/05/2000 10:47;54:56.0;97487;81130.35
3558;Lambert & Locke Legal Services;1575 Oakwood Ave.;28;"BT""";Bhoutan;24;"PW""";Belau;19/07/1985 14:22;21:36.0;40365;59836.562
3559;Block Boats and Lures;807 Old Trail Rd.;8;"AI""";Anguilla;33;"BW""";Botswana;21/09/1992 19:27;06:40.0;42880;86468.086
3560;Doll House Rock;969 Saxony Drive;44;"CL""";Chili;10;"AG""";Antigua-et-Barbuda;26/10/1998 11:07;46:40.0;79365;2160.1653
3561;Lutz Soft Cloth Car Wash;770 Exmoor Rd.;36;"BG""";Bulgarie;47;"CO""";Colombie;05/10/1992 16:47;33:20.0;78208;65716.86
3562;Caranisco Homes;1858 Balsam Way;21;"BH""";Bahre?n;49;"CG""";Congo;08/02/1977 14:27;06:40.0;68544;14800.532
3563;Office Pro Supply Co.;852 Sumac Rd.;19;"BJ""";B?nin;18;"AZ""";Azerba?djan;02/11/2003 10:02;21:36.0;60482;51530.72
3564;Futoons Cartoons Emporium;175 beech St.;2;"ZA""";Afrique du Sud;2;"ZA""";Afrique du Sud;07/02/1992 01:48;13:20.0;50063;30688.818
3565;Pac Builders;14836 W. River Oaks Dr.;1;"AF""";Afghanistan;6;"AD""";Andorre;21/09/1997 01:00;48:16.0;39365;71750.38
3566;First National Bank of Ottowa;1912 Old Briar Lane #2;20;"BS""";Bahamas;49;"CG""";Congo;06/11/1994 05:33;54:56.0;38114;80032.97
3567;Bernhardt Ltd.;3062 Lindenwood Ln.;18;"AZ""";Azerba?djan;28;"BT""";Bhoutan;23/12/1972 23:07;53:20.0;11892;74058.56
3568;Schnitzer Denist College;750 Homewood Ave.;4;"DZ""";Alg?rie;8;"AI""";Anguilla;23/07/1980 01:27;41:36.0;57126;85440.92
3569;Crossroads Construction, Inc.;241 Callan Rd.;35;"BN""";Brunei;44;"CL""";Chili;28/09/2001 02:22;20:00.0;52676;58613.58
3570;Glenwood Credit Union;310 Walker Ave.;20;"BS""";Bahamas;36;"BG""";Bulgarie;22/09/1972 09:53;20:00.0;83340;44605.883
3571;Morton Roofing and Siding;1575 Oakwood Ave.;11;"AN""";Antilles n?erlandaises;21;"BH""";Bahre?n;10/08/1974 21:53;33:20.0;64174;90769.22
3572;Cutter Lawn Mower Repair;313 Grove Ave.;28;"BT""";Bhoutan;19;"BJ""";B?nin;01/09/2000 10:48;14:56.0;68770;47284.703
3573;Caranisco Homes;1875 Roger Williams Ave.;6;"AD""";Andorre;2;"ZA""";Afrique du Sud;11/01/1997 16:27;26:40.0;30719;96662.9
3574;Pete's Auto Repair;1750 Lily Court;4;"DZ""";Alg?rie;1;"AF""";Afghanistan;04/02/1971 07:20;06:40.0;78865;33526.207
3575;AA Advertising;1714 Clifton Rd.;18;"AZ""";Azerba?djan;20;"BS""";Bahamas;13/04/1977 06:13;48:16.0;41140;66480.98
3576;Doerner's Awnings and Canopies;512 Hill;35;"BN""";Brunei;18;"AZ""";Azerba?djan;19/03/2001 15:35;00:00.0;74880;2946.695
3577;Auto Interior Carpeting Compan;54 Lakeview Terrace;42;"CA""";Canada;4;"DZ""";Alg?rie;14/05/2002 02:20;33:20.0;52666;63904.418
3578;Marks, Marks, and Kaplan Ltd.;899 Harvard Ct;19;"BJ""";B?nin;35;"BN""";Brunei;14/02/1980 07:07;20:00.0;14400;52896.94
3579;Lutz Soft Cloth Car Wash;10 Marquette Rd.;49;"CG""";Congo;20;"BS""";Bahamas;24/07/1993 08:47;01:36.0;94023;52457.76
3580;Hibbard Road Suppliers;1882 St. Johns;22;"BD""";Bangladesh;11;"AN""";Antilles n?erlandaises;10/11/2004 18:40;40:00.0;91361;72520.83
3581;K L Consulting;899 Harvard Ct;45;"CN""";Chine;28;"BT""";Bhoutan;27/01/2000 04:40;34:56.0;29199;76992.29
3582;Elm Place Business Supplies;302-A Crestwood Village Rd.;48;"KM""";Comores;6;"AD""";Andorre;16/05/2001 09:00;20:00.0;15469;8820.8
3583;Gilbert Co.;115 Pleasent Ave.;42;"CA""";Canada;4;"DZ""";Alg?rie;30/04/2006 04:22;13:20.0;11870;16770.617
3584;Garfield Appliance Service;3344 Beachwood Ln.;33;"BW""";Botswana;18;"AZ""";Azerba?djan;26/10/1986 16:15;20:00.0;4660;93375.586
3585;Gourmet the Frog;969 Saxony Drive;17;"AT""";Autriche;35;"BN""";Brunei;30/05/1989 11:28;46:40.0;97740;52650.266
3586;PGS Associates;1019 Deerfield Rd.;36;"BG""";Bulgarie;42;"CA""";Canada;15/06/2004 16:07;48:16.0;49758;3304.532
3587;Michael Montgomery Hair Saloon;2267 Anderson Lane;50;"KP""";Cor?e du Nord;19;"BJ""";B?nin;25/02/1987 04:55;06:40.0;25527;29626.986
3588;Air India;218 Oakridge Ave.;22;"BD""";Bangladesh;49;"CG""";Congo;17/08/1999 15:27;14:56.0;19680;50050.914
3589;Bernhardt Ltd.;465 Stratford Rd.;49;"CG""";Congo;22;"BD""";Bangladesh;07/09/1970 04:48;21:36.0;12062;91659.16
3590;Mergenthaler Inc.;355 Golf Rd.;17;"AT""";Autriche;45;"CN""";Chine;30/04/1990 08:20;20:00.0;72678;47608.125
3591;American Apartments;2045 St. johns Ave.;11;"AN""";Antilles n?erlandaises;48;"KM""";Comores;20/08/1970 01:27;41:36.0;91426;84196.63
3592;Funnyface Amusement Games;618 Sheriden rd.;5;"DE""";Allemagne;42;"CA""";Canada;26/05/1996 17:15;26:40.0;93732;39536.83
3593;Foy Aviation;2220 Grant Blvd.;11;"AN""";Antilles n?erlandaises;33;"BW""";Botswana;15/07/1994 20:20;41:36.0;91015;87368.79
3594;Dependable Plumbing and Sewer;3385 University Ave.;17;"AT""";Autriche;17;"AT""";Autriche;18/05/2000 21:40;13:20.0;12495;24320.188
3595;Loyal Order of Buffalo;12 Fort Sheriden Ave.;17;"AT""";Autriche;36;"BG""";Bulgarie;08/11/2003 08:02;46:40.0;54873;39700.42
3596;Lambert & Locke Legal Services;43078 Kennedy Dr.;31;"BO""";Bolivie;50;"KP""";Cor?e du Nord;16/06/1997 23:27;08:16.0;52772;17910.613
3597;Truck-X Muffler Repair;1486 Oakwood;32;"BA""";Bosnie-Herz?govine;22;"BD""";Bangladesh;01/08/1970 03:55;53:20.0;57980;77840.97
3598;Gilbert Co.;1920 Sunnyside Ave.;31;"BO""";Bolivie;49;"CG""";Congo;05/12/1972 18:15;33:20.0;60900;31925.148
;;;;;;;;;;;;
3599;Highland Heights Gift Shop;2112 Ravine Drive;33;"BW""";Botswana;17;"AT""";Autriche;21/09/1990 15:28;34:56.0;9000;27960.021
3600;First National Bank of Ottowa;600 Central Ave;34;"BR""";Br?sil;11;"AN""";Antilles n?erlandaises;30/11/1990 10:13;20:00.0;22008;21630.283
3601;Metro Appliance Service;632 Roger Williams;35;"BN""";Brunei;5;"DE""";Allemagne;13/05/1987 00:20;41:36.0;83487;19505.46
3602;Got It All Electronics Supply;12 Walker Ave.;11;"AN""";Antilles n?erlandaises;11;"AN""";Antilles n?erlandaises;13/03/1972 02:00;54:56.0;48375;5376.4146
3603;Nina's Snow Plowing;3487 Green Bay Rd.;19;"BJ""";B?nin;17;"AT""";Autriche;24/04/2006 02:20;06:40.0;19817;74508.68
3604;Jay's Cabinet Company;218 Oakridge Ave.;35;"BN""";Brunei;17;"AT""";Autriche;17/06/2005 13:02;40:00.0;87136;52540.793
3605;AA Advertising;1486 Oakwood;2;"ZA""";Afrique du Sud;31;"BO""";Bolivie;04/01/2001 20:28;21:36.0;8388;46090.094
3606;Highland Woods City Hall;1858 Balsam Way;50;"KP""";Cor?e du Nord;32;"BA""";Bosnie-Herz?govine;12/07/2006 23:00;01:36.0;34000;28195.484
3607;Mac Computer Warehouse;750 Homewood Ave.;14;"AM""";Arm?nie;31;"BO""";Bolivie;02/04/1977 03:33;34:56.0;22526;4973.33
3608;Moveit Motercycle Service;643 De Temple Rd.;41;"CM""";Cameroun;33;"BW""";Botswana;18/11/2000 08:00;06:40.0;6396;82774.97
3609;Dean Barnett Furniture Repair;266 Green Bay Rd.;50;"KP""";Cor?e du Nord;34;"BR""";Br?sil;06/05/1983 10:07;34:56.0;84936;20124.836
3610;Cradle the Call;1450 Harding Ave.;23;"BB""";Barbade;35;"BN""";Brunei;28/05/2006 10:35;20:00.0;86875;74592.09
3611;Metro Appliance Service;1752 Clinton Ave.;9;"AQ""";Antarctique;11;"AN""";Antilles n?erlandaises;03/02/2004 00:15;33:20.0;9700;80040.07
3612;Pasifico Inc.;241 Callan Rd.;33;"BW""";Botswana;19;"BJ""";B?nin;04/08/2007 05:00;28:16.0;4666;53882.613
3613;AA Advertising;1799 Rosemary Way;8;"AI""";Anguilla;35;"BN""";Brunei;27/12/1994 03:47;01:36.0;94250;39286.37
3614;Tub's Furniture Store;1949 Cloverdale Rd.;5;"DE""";Allemagne;2;"ZA""";Afrique du Sud;10/11/2001 06:13;48:16.0;24544;82344.68
3615;PGS Associates;1714 Clifton Rd.;40;"KH""";Cambodge;50;"KP""";Cor?e du Nord;05/01/2006 22:27;26:40.0;27786;78501.0
3616;Myers Chocolates and Confectio;3150 Skokie Valley Rd.;28;"BT""";Bhoutan;14;"AM""";Arm?nie;30/05/1985 12:20;53:20.0;6724;22724.734
3617;Nirabi Auto Service;1486 Oakwood;37;"BF""";Burkina Faso;41;"CM""";Cameroun;18/04/2000 21:53;00:00.0;90064;7910.868
3618;Hibop Heating and Air Conditio;59 Cordon Terr.;14;"AM""";Arm?nie;50;"KP""";Cor?e du Nord;10/07/1972 15:42;40:00.0;14585;38130.67
3619;Green Bay Travel Services;632 Florence Dr.;6;"AD""";Andorre;23;"BB""";Barbade;16/05/2000 14:07;40:00.0;13324;55216.273
3620;Woodworks Co.;3385 University Ave.;28;"BT""";Bhoutan;9;"AQ""";Antarctique;15/06/1983 13:15;46:40.0;77464;75685.875
3621;Crossroads Construction, Inc.;2632 Prarie Ln.;26;"BZ""";Belize;33;"BW""";Botswana;18/10/1975 02:22;21:36.0;21824;55500.363
3623;Air India;1245 Eastwood;32;"BA""";Bosnie-Herz?govine;5;"DE""";Allemagne;26/03/2000 03:47;13:20.0;62958;78210.12
3624;Terrinni & Son Auto and Truck;1715 Chicago Ave.;3;"AL""";Albanie;40;"KH""";Cambodge;01/08/1974 23:15;46:40.0;88832;21372.064
3625;MedicServe Medical Supply;1450 Harding Ave.;17;"AT""";Autriche;28;"BT""";Bhoutan;13/02/2004 06:00;41:36.0;30624;44300.387
3626;Air Guatamala;45 South Deer Creek Drive;22;"BD""";Bangladesh;37;"BF""";Burkina Faso;07/11/2001 13:35;33:20.0;81985;29268.797
3627;Green Bay Travel Services;746 Judson Place;19;"BJ""";B?nin;14;"AM""";Arm?nie;11/11/2004 19:07;41:36.0;60590;29064.783
3628;Glenwood Credit Union;1752 Clinton Ave.;5;"DE""";Allemagne;6;"AD""";Andorre;14/04/1980 11:33;14:56.0;2188;11112.763
3629;Hart Corporation;115 Pleasent Ave.;35;"BN""";Brunei;28;"BT""";Bhoutan;10/10/1975 09:00;26:40.0;5005;47858.12
3630;Ernie's Foriegn Car Service;643 De Temple Rd.;14;"AM""";Arm?nie;26;"BZ""";Belize;21/10/1994 01:40;40:00.0;40400;54411.15
3631;MedicServe Medical Supply;1547 Vine;28;"BT""";Bhoutan;46;"CY""";Chypre;10/11/1998 12:13;06:40.0;54702;30852.541
3632;Keep Cool Air Conditioner Repa;746 Judson Place;7;"AO""";Angola;32;"BA""";Bosnie-Herz?govine;21/10/1975 13:42;33:20.0;81776;47388.695
3633;Schmidt Denists;872 Virginia Rd.;4;"DZ""";Alg?rie;3;"AL""";Albanie;23/08/2000 13:40;01:36.0;720;5390.9917
3634;Nirabi Auto Service;929 Brittany Ave.;49;"CG""";Congo;17;"AT""";Autriche;05/08/1972 11:53;13:20.0;59184;71900.42
3635;Pete's Auto Repair;965 Marion Place Apt. 65C;50;"KP""";Cor?e du Nord;22;"BD""";Bangladesh;08/12/1989 22:40;34:56.0;19146;59222.19
3636;Glassman & Stone;1550 Ridge Rd.;23;"BB""";Barbade;19;"BJ""";B?nin;25/09/1980 21:00;00:00.0;93716;38063.32
3637;Car Suite Cleaners;59 Cordon Terr.;28;"BT""";Bhoutan;5;"DE""";Allemagne;14/02/1972 14:55;28:16.0;61312;40702.758
3638;Trapezoid Studios;1714 Clifton Rd.;29;"BY""";Bi?lorussie;35;"BN""";Brunei;15/03/1971 04:40;13:20.0;90441;44174.38
3639;Auto Interior Carpeting Compan;115 Pleasent Ave.;11;"AN""";Antilles n?erlandaises;14;"AM""";Arm?nie;28/06/2001 08:20;20:00.0;20380;13460.984
3640;Air Barbados;2505 Allison ct.;40;"KH""";Cambodge;28;"BT""";Bhoutan;12/03/1970 22:02;53:20.0;10221;20622.338
3641;Esmarda Chemical Manufacturers;1550 Ridge Rd.;17;"AT""";Autriche;7;"AO""";Angola;01/06/1986 09:53;01:36.0;57300;20401.08
3642;Lee Stairworks and Carpentry,;673 Calais Drive;17;"AT""";Autriche;4;"DZ""";Alg?rie;06/05/1980 23:27;01:36.0;18212;18386.04
3643;AAA Daniels Antiques;1101 Deerfield Place;6;"AD""";Andorre;49;"CG""";Congo;04/02/2005 06:53;20:00.0;69856;59444.81
3644;AAA Daniels Antiques;12 Walker Ave.;39;"CI""";C?te d'Ivoire;50;"KP""";Cor?e du Nord;09/04/2000 18:07;54:56.0;84666;39544.727
3645;Air Indonesia;2112 Ravine Drive;49;"CG""";Congo;23;"BB""";Barbade;17/06/1990 13:55;33:20.0;87926;73032.43
3646;Esmarda Chemical Manufacturers;505 N. Frances St.;50;"KP""";Cor?e du Nord;28;"BT""";Bhoutan;04/11/2000 01:07;41:36.0;95618;71200.33
3647;Camp Oconomowoc;970 Vilas Circle;35;"BN""";Brunei;29;"BY""";Bi?lorussie;13/01/2006 23:35;14:56.0;61868;24224.43
3648;Kosmo Consulting;115 Judson Rd.;34;"BR""";Br?sil;11;"AN""";Antilles n?erlandaises;13/07/2004 07:27;33:20.0;49506;79028.48
3649;Eva Galler Galleries Inc.;3059 Priscilla Court;3;"AL""";Albanie;40;"KH""";Cambodge;09/01/1978 13:20;13:20.0;25680;3732.0095
3650;Flinn Mosquito and Pest Contro;2505 Allison ct.;46;"CY""";Chypre;17;"AT""";Autriche;01/03/1970 08:15;06:40.0;30317;13184.794
3651;Lennox Air Pollution Control;662 Lyons Circle;49;"CG""";Congo;17;"AT""";Autriche;08/09/2007 17:02;34:56.0;5852;23984.873
3652;Lickmen Restoration;1436 Waverly Rd.;13;"AR""";Argentine;6;"AD""";Andorre;16/10/1992 02:47;48:16.0;92302;47465.56
3653;Mail Boxes Et. Al.;2148 Eastview Dr.;33;"BW""";Botswana;39;"CI""";C?te d'Ivoire;29/07/1989 15:55;06:40.0;28704;36818.49
3654;North Shore Appliance Service;3901 Chester Ave. Apt. 3C;3;"AL""";Albanie;49;"CG""";Congo;14/09/2006 05:42;06:40.0;43664;58246.37
3655;Smith & Wesson Militia;139 Bay Colony Dr.;13;"AR""";Argentine;50;"KP""";Cor?e du Nord;23/12/2003 20:27;26:40.0;16982;46201.832
3656;Eva Galler Galleries Inc.;1234 Devonshire Court;50;"KP""";Cor?e du Nord;35;"BN""";Brunei;11/12/2001 16:40;20:00.0;16800;55577.64
3657;Childress Child Day Care;3344 Beachwood Ln.;1;"AF""";Afghanistan;34;"BR""";Br?sil;25/11/1985 00:42;08:16.0;17196;590.921
3658;Pac Builders;22 Clay rd.;24;"PW""";Belau;3;"AL""";Albanie;24/06/2006 11:40;53:20.0;97980;54290.12
3659;Highland Woods City Hall;4522 N. Greenview Apt. 1B;37;"BF""";Burkina Faso;46;"CY""";Chypre;09/09/1980 16:07;20:00.0;30830;16452.402
3660;Energy Source Diet Centers;115 Judson Rd.;39;"CI""";C?te d'Ivoire;49;"CG""";Congo;19/02/2004 05:08;48:16.0;94000;87680.12
3661;Salt & Pepper Catering Service;785 Highland place;13;"AR""";Argentine;13;"AR""";Argentine;08/05/2005 21:00;13:20.0;51000;85888.87
3662;MedicServe Medical Supply;210 Cresant Rd.;20;"BS""";Bahamas;33;"BW""";Botswana;13/02/1989 08:00;33:20.0;80731;76749.19
3663;Block Boats and Lures;218 Oakridge Ave.;17;"AT""";Autriche;3;"AL""";Albanie;15/08/2001 23:00;00:00.0;23728;18944.441
3664;Arthur M. Feildberg Galleries;302-A Crestwood Village Rd.;35;"BN""";Brunei;13;"AR""";Argentine;30/06/2004 17:13;26:40.0;31870;51668.39
3665;Portugal, Liddy, & Son Ltd.;12 Craven Way;1;"AF""";Afghanistan;50;"KP""";Cor?e du Nord;07/01/2006 05:48;46:40.0;21952;60680.598
3666;Schmidt Denists;1777 balsamic Ave.;46;"CY""";Chypre;1;"AF""";Afghanistan;16/03/1980 13:07;28:16.0;53088;24800.982
3667;Hibop Heating and Air Conditio;1436 Waverly Rd.;6;"AD""";Andorre;24;"PW""";Belau;20/01/1986 17:48;40:00.0;83301;69120.02
3668;Parties Galore Golf Course;1575 Oak Ave.  Apt. 2C;28;"BT""";Bhoutan;37;"BF""";Burkina Faso;25/05/1980 11:53;21:36.0;62312;21856.562
3669;Arthur M. Feildberg Galleries;115 Judson Rd.;47;"CO""";Colombie;39;"CI""";C?te d'Ivoire;15/02/1972 11:07;00:00.0;93514;76399.53
3670;Smith & Wesson Militia;1126 Hillcrest Ave;49;"CG""";Congo;13;"AR""";Argentine;29/06/2003 10:22;46:40.0;36891;33964.73
3671;Chands CPA;1799 Rosemary Way;36;"BG""";Bulgarie;20;"BS""";Bahamas;20/08/2001 10:33;28:16.0;4695;72612.21
3672;Morton Roofing and Siding;2045 St. johns Ave.;30;"MM""";Birmanie;17;"AT""";Autriche;04/02/1980 15:48;13:20.0;73856;41355.562
3673;Froggy's Gourmet Catering;2024 St.Johns Ave.;44;"CL""";Chili;35;"BN""";Brunei;22/10/1972 19:42;14:56.0;68125;77346.27
3674;Glassman & Stone;1220 Heather Lane;7;"AO""";Angola;1;"AF""";Afghanistan;19/12/1970 04:02;08:16.0;86260;59108.34
3675;Doerner's Awnings and Canopies;1065 Hillcrest Circle;47;"CO""";Colombie;46;"CY""";Chypre;02/12/2005 00:13;33:20.0;63309;8904.743
3676;Cosmo Skin Care Center;245 Oakridge Ave.;4;"DZ""";Alg?rie;6;"AD""";Andorre;09/06/1970 18:20;26:40.0;84902;84736.28
3677;DBN Bank;1 Twin Oaks Place;41;"CM""";Cameroun;28;"BT""";Bhoutan;14/07/1993 06:22;28:16.0;48000;4772.98
3678;Lambert & Locke Legal Services;218 Oakridge Ave.;10;"AG""";Antigua-et-Barbuda;47;"CO""";Colombie;05/01/1975 04:15;46:40.0;36264;63080.617
3679;Lake Shore Beaches;4522 N. Greenview Apt. 1B;1;"AF""";Afghanistan;49;"CG""";Congo;04/02/2005 18:40;26:40.0;5484;65930.63
3680;Glenwood Credit Union;231 Sheriden Rd.;22;"BD""";Bangladesh;36;"BG""";Bulgarie;23/10/1993 19:13;28:16.0;44800;36532.246
3681;New Dehli Auto Exchange;511 Maple Ave.  Apt. 1B;40;"KH""";Cambodge;30;"MM""";Birmanie;03/05/1985 01:15;13:20.0;12680;87508.89
3682;Hi-Land Art & Frame;2267 Anderson Lane;47;"CO""";Colombie;44;"CL""";Chili;10/05/2000 01:28;06:40.0;67792;46388.668
3683;Air Guatamala;218 Oakridge Ave.;24;"PW""";Belau;7;"AO""";Angola;29/06/1994 04:20;26:40.0;73660;97720.4
3684;Auto Interior Carpeting Compan;433 Burton Ave.;2;"ZA""";Afrique du Sud;47;"CO""";Colombie;30/11/2000 21:08;46:40.0;94412;90818.164
3685;Libra & Sons;2479 Woodridge Drive;31;"BO""";Bolivie;4;"DZ""";Alg?rie;20/01/1996 08:42;14:56.0;71614;98856.164
3686;Morgan Construction Co;4522 N. Greenview Apt. 1B;15;"AW""";Aruba;41;"CM""";Cameroun;18/12/2004 10:55;21:36.0;91652;72356.95
3687;Ebert Music Center;2267 Anderson Lane;45;"CN""";Chine;10;"AG""";Antigua-et-Barbuda;07/11/1983 13:33;13:20.0;17538;85652.67
3688;Arthur M. Feildberg Galleries;1270 Linden Ave.;31;"BO""";Bolivie;1;"AF""";Afghanistan;07/06/1989 06:20;06:40.0;79839;54144.355
3689;Keep Cool Air Conditioner Repa;35 Glenlake Dr.;1;"AF""";Afghanistan;22;"BD""";Bangladesh;16/12/2003 09:35;01:36.0;5148;38456.016
3690;Palmer Golf Supplies;852 Sumac Rd.;1;"AF""";Afghanistan;40;"KH""";Cambodge;06/09/1982 03:28;14:56.0;6720;43510.258
3691;Lake Shore Publishing;5518 Madison St.;24;"PW""";Belau;47;"CO""";Colombie;10/03/2004 20:53;20:00.0;22584;31816.227
3692;North Shore Appliance Service;3901 Chester Ave. Apt. 3C;5;"DE""";Allemagne;24;"PW""";Belau;01/07/2000 23:40;06:40.0;97366;3316.531
3693;Myers Chocolates and Confectio;581 Hill St. Apt. 234;14;"AM""";Arm?nie;2;"ZA""";Afrique du Sud;22/01/1987 07:47;33:20.0;57708;32392.48
3694;Doll House Rock;1233 Arbor Rd.;9;"AQ""";Antarctique;31;"BO""";Bolivie;26/03/1992 08:53;46:40.0;33568;35000.977
3695;Keyth Contracting and Repair;2032 Northbrook Ct.;34;"BR""";Br?sil;15;"AW""";Aruba;05/02/1975 19:20;54:56.0;32866;7267.1577
3696;Flinn Mosquito and Pest Contro;2870 Skokie Rd.;49;"CG""";Congo;45;"CN""";Chine;28/09/1983 21:02;06:40.0;66007;92982.36
3697;Office Pro Supply Co.;899 Harvard Ct;41;"CM""";Cameroun;31;"BO""";Bolivie;15/11/1985 10:53;14:56.0;49955;36905.055
3698;Air France;1547 Knolwood Rd.;43;"CV""";Cap-Vert;1;"AF""";Afghanistan;27/02/2003 02:00;46:40.0;74615;13400.034
3699;Dependable Plumbing and Sewer;139 Bay Colony Dr.;43;"CV""";Cap-Vert;1;"AF""";Afghanistan;28/10/1972 07:00;33:20.0;98432;88544.984
3700;Loyal Order of Buffalo;225 Jeffrys Place;20;"BS""";Bahamas;24;"PW""";Belau;15/12/2007 06:27;41:36.0;44676;7124.4023
3701;Acme Chemical Supply;225 Jeffrys Place;31;"BO""";Bolivie;5;"DE""";Allemagne;14/06/2000 15:00;20:00.0;58960;72980.25
3702;Park District Of America;1575 Oakwood Ave.;15;"AW""";Aruba;14;"AM""";Arm?nie;21/05/1972 02:33;28:16.0;80008;36765.9
3703;Pasifico Inc.;671 Blackstone Ave.;16;"AU""";Australie;9;"AQ""";Antarctique;07/07/1971 03:00;01:36.0;66613;93670.98
3704;Brand Y Creative Services;550 Sheridan;48;"KM""";Comores;34;"BR""";Br?sil;28/11/1978 11:20;06:40.0;19524;16525.797
3705;Meonits & Mogogni Inc.;929 Brittany Ave.;14;"AM""";Arm?nie;49;"CG""";Congo;09/03/1975 01:20;00:00.0;9667;47075.965
3706;Acme Chemical Supply;1875 Roger Williams Ave.;4;"DZ""";Alg?rie;41;"CM""";Cameroun;25/04/1977 08:07;33:20.0;61575;78150.2
3707;Perimeter Security Consultants;1235 Easton Rd.;42;"CA""";Canada;43;"CV""";Cap-Vert;26/05/2001 02:22;28:16.0;50503;85815.38
3708;Caranisco Homes;224  Highwood Ave.;31;"BO""";Bolivie;43;"CV""";Cap-Vert;11/05/1983 12:20;13:20.0;72400;32680.287
3709;Peterson Roberts Carpentry;2112 Ravine Drive;27;"BM""";Bermudes;20;"BS""";Bahamas;09/02/2004 07:33;40:00.0;76020;99488.625
3710;George Lee Antiques;218 Oakridge Ave.;15;"AW""";Aruba;31;"BO""";Bolivie;13/11/1983 19:33;53:20.0;55568;37230.926
3711;Masterlands Cleaning;1450 Harding Ave.;33;"BW""";Botswana;15;"AW""";Aruba;01/07/2005 19:27;41:36.0;36525;90204.23
3712;Pete's Auto Repair;1550 Ridge Rd.;7;"AO""";Angola;16;"AU""";Australie;29/10/1996 22:15;48:16.0;29834;66067.375
3713;Terrinni & Son Auto and Truck;2505 Allison ct.;18;"AZ""";Azerba?djan;48;"KM""";Comores;20/04/1975 12:02;20:00.0;13302;64364.15
3714;Glenn Oaks Office Supplies;220 Vine Ave.;38;"BI""";Burundi;14;"AM""";Arm?nie;06/09/2006 19:28;01:36.0;81000;34611.36
3715;Rythmics Ltd.;21 Lakeview Terrace #2312;14;"AM""";Arm?nie;4;"DZ""";Alg?rie;19/11/2000 16:27;34:56.0;47696;79850.945
3716;Derbin Contracting Services;1550 Ridge Rd.;30;"MM""";Birmanie;42;"CA""";Canada;17/01/1994 17:22;28:16.0;16588;7824.3247
3717;Highland Woods City Hall;1750 Lily Court;20;"BS""";Bahamas;31;"BO""";Bolivie;30/11/1994 12:53;00:00.0;36200;12624.328
3718;Vecot Inc.;2600 Winsor Mall;33;"BW""";Botswana;27;"BM""";Bermudes;06/11/1974 08:53;33:20.0;90427;45994.23
3719;Gilbert Co.;224  Highwood Ave.;28;"BT""";Bhoutan;15;"AW""";Aruba;28/07/2004 02:48;33:20.0;58182;36855.086
3720;Kosmo Consulting;2479 Woodridge Drive;23;"BB""";Barbade;33;"BW""";Botswana;15/08/1972 12:48;26:40.0;59052;23970.963
3721;Hardee Woodwork Ltd.;1287 Glencoe Ave.;41;"CM""";Cameroun;7;"AO""";Angola;30/05/1975 17:40;48:16.0;12284;43450.15
3722;Rythmics Ltd.;1535 Knollwood Drive;18;"AZ""";Azerba?djan;18;"AZ""";Azerba?djan;11/12/1971 19:22;06:40.0;65143;48718.66
3723;Metro Appliance Service;1750 Lily Court;13;"AR""";Argentine;38;"BI""";Burundi;06/07/2006 20:08;20:00.0;14530;30366.734
3724;Shaggy's Grooming Services;1547 Vine;12;"SA""";Arabie saoudite;14;"AM""";Arm?nie;02/08/2003 05:53;28:16.0;53918;80472.98
3725;Deer Lake Inn;614 green bay Rd.;42;"CA""";Canada;30;"MM""";Birmanie;24/07/1978 04:47;08:16.0;67832;5280.0
3726;Highland Heights Gift Shop;750 Homewood Ave.;11;"AN""";Antilles n?erlandaises;20;"BS""";Bahamas;28/04/1978 08:27;40:00.0;37640;88576.19
3727;Childress Child Day Care;3385 University Ave.;11;"AN""";Antilles n?erlandaises;33;"BW""";Botswana;21/01/2002 08:00;21:36.0;32904;53866.812
3728;Peterson Roberts Carpentry;77 Blackhawk Rd;19;"BJ""";B?nin;28;"BT""";Bhoutan;25/09/1977 02:47;41:36.0;55069;24212.096
3729;Hart Corporation;244 Briar Ln;26;"BZ""";Belize;23;"BB""";Barbade;30/03/2005 07:22;26:40.0;28053;58360.53
3730;Bee Line Publishing;43078 Kennedy Dr.;34;"BR""";Br?sil;41;"CM""";Cameroun;11/12/2005 14:02;28:16.0;54916;69484.66
3731;janice Mann Accounting Service;3059 Priscilla Court;50;"KP""";Cor?e du Nord;18;"AZ""";Azerba?djan;21/05/1978 20:35;06:40.0;22178;13777.687
3732;Transformation Enterprises;2224 Sherman Rd.;42;"CA""";Canada;13;"AR""";Argentine;25/08/1996 20:07;00:00.0;24375;5186.746
3733;Kapp Camera and Video;1245 Eastwood;29;"BY""";Bi?lorussie;12;"SA""";Arabie saoudite;10/03/2004 20:53;26:40.0;9779;58090.223
3734;Elm Place Business Supplies;1920 Sunnyside Ave.;30;"MM""";Birmanie;42;"CA""";Canada;14/12/1970 12:55;20:00.0;23250;14432.69
3735;AAA Daniels Antiques;406 Trinity Ct.;31;"BO""";Bolivie;11;"AN""";Antilles n?erlandaises;28/01/1994 23:33;33:20.0;61914;9319.355
3736;Air Barbados;1777 balsamic Ave.;12;"SA""";Arabie saoudite;11;"AN""";Antilles n?erlandaises;18/06/1985 17:27;06:40.0;4514;39712.266
3737;Palmer Golf Supplies;1234 Devonshire Court;9;"AQ""";Antarctique;19;"BJ""";B?nin;02/01/2000 22:13;33:20.0;28495;35998.984
3738;Innman Paint and Glass;2922 Twin Oaks Drive;20;"BS""";Bahamas;26;"BZ""";Belize;02/07/1970 01:42;40:00.0;13214;33567.22
3739;Jay's Cabinet Company;852 Sumac Rd.;5;"DE""";Allemagne;34;"BR""";Br?sil;05/06/1983 03:15;08:16.0;33360;30811.252
3740;American Apartments;750 Homewood Ave.;29;"BY""";Bi?lorussie;50;"KP""";Cor?e du Nord;16/05/1972 22:33;53:20.0;14112;64475.113
3741;Gourmet the Frog;1915 Lewis Ln.  Apt 13;33;"BW""";Botswana;42;"CA""";Canada;21/01/1986 02:53;14:56.0;41844;90375.945
3742;Hoffman Printing Center;1658 Second St.;30;"MM""";Birmanie;29;"BY""";Bi?lorussie;07/01/1974 14:13;00:00.0;29036;63655.457
3743;Innman Paint and Glass;1679 McCraren;6;"AD""";Andorre;30;"MM""";Birmanie;02/06/2004 19:13;13:20.0;22820;59150.85
3744;Glenn Oaks Office Supplies;574 Chicago Ave.;2;"ZA""";Afrique du Sud;31;"BO""";Bolivie;11/12/1982 13:07;20:00.0;85775;39390.44
3745;Cutter Lawn Mower Repair;1860 Parkside Ln.;11;"AN""";Antilles n?erlandaises;12;"SA""";Arabie saoudite;24/02/1990 02:42;34:56.0;79750;1970.7244
3746;Venturi Discount Drugs;1245 Eastwood;30;"MM""";Birmanie;9;"AQ""";Antarctique;28/07/1992 22:47;13:20.0;52875;54392.96
3747;Transformation Enterprises;746 Judson Place;2;"ZA""";Afrique du Sud;20;"BS""";Bahamas;31/05/2003 17:53;08:16.0;20500;41268.117
3748;Auto Interior Carpeting Compan;334 Lynn Terrace;2;"ZA""";Afrique du Sud;5;"DE""";Allemagne;02/01/1980 22:27;20:00.0;76790;69888.94
3749;Venturi Discount Drugs;1949 Cloverdale Rd.;20;"BS""";Bahamas;29;"BY""";Bi?lorussie;29/10/2004 01:07;46:40.0;5527;2384.196
3750;Parties Galore Golf Course;1882 St. Johns;29;"BY""";Bi?lorussie;33;"BW""";Botswana;28/03/2001 03:07;01:36.0;10056;1842.8364
3751;DBN Bank;12 Broadview Lane;19;"BJ""";B?nin;30;"MM""";Birmanie;16/10/1972 06:07;06:40.0;86224;88460.195
3752;Air India;1715 Chicago Ave.;9;"AQ""";Antarctique;6;"AD""";Andorre;26/03/2000 22:28;41:36.0;35433;99688.39
3753;Elle Hypnosis and Therapy Cent;600 Central Ave;2;"ZA""";Afrique du Sud;2;"ZA""";Afrique du Sud;20/10/2002 08:47;01:36.0;30580;85626.01
3754;Moveit Motercycle Service;852 Sumac Rd.;42;"CA""";Canada;11;"AN""";Antilles n?erlandaises;25/12/1978 09:48;13:20.0;50268;80878.445
3755;MedicServe Medical Supply;368 Woodland Rd.;27;"BM""";Bermudes;30;"MM""";Birmanie;09/12/1978 14:00;13:20.0;87328;62970.867
3756;Toggle & Myerson Ltd;4763 Blackhawk Rd.;3;"AL""";Albanie;2;"ZA""";Afrique du Sud;06/01/2004 05:35;33:20.0;60764;40354.645
3757;Marcy Elaine Bakery;629 Kincaid Ave.;12;"SA""";Arabie saoudite;2;"ZA""";Afrique du Sud;17/12/2004 10:28;00:00.0;55332;94150.26
3758;Cotton Thumb Ltd.;2922 Twin Oaks Drive;34;"BR""";Br?sil;20;"BS""";Bahamas;05/02/1970 00:55;33:20.0;43840;43102.85
3759;Air Mexico;1915 Lewis Ln.  Apt 13;46;"CY""";Chypre;29;"BY""";Bi?lorussie;01/09/1983 22:33;06:40.0;89972;60016.723
3760;Chands CPA;726 White Oaks Ave.;12;"SA""";Arabie saoudite;19;"BJ""";B?nin;19/01/1998 08:53;26:40.0;65936;25276.238
3761;Derbin Contracting Services;1575 Oak Ave.  Apt. 2C;10;"AG""";Antigua-et-Barbuda;9;"AQ""";Antarctique;20/08/2006 15:53;28:16.0;42953;17335.627
3762;Bee Line Publishing;2644 Princeton Ln.;15;"AW""";Aruba;2;"ZA""";Afrique du Sud;11/05/1992 17:00;40:00.0;20100;92312.23
3763;Hi-Land Art & Frame;210 Cresant Rd.;30;"MM""";Birmanie;42;"CA""";Canada;02/09/2002 05:00;33:20.0;49790;74910.125
3764;North West Gas Co.;1701 W. Mellody Rd.;4;"DZ""";Alg?rie;27;"BM""";Bermudes;25/09/1993 13:27;08:16.0;12020;96300.016
3765;Esmarda Chemical Manufacturers;2045 St. johns Ave.;46;"CY""";Chypre;3;"AL""";Albanie;17/02/1974 19:07;00:00.0;12005;30750.564
3766;Auto Interior Carpeting Compan;632 Florence Dr.;22;"BD""";Bangladesh;12;"SA""";Arabie saoudite;12/12/1997 04:13;54:56.0;35659;60881.035
3767;Hilco Auto Body;139 Bay Colony Dr.;4;"DZ""";Alg?rie;34;"BR""";Br?sil;24/05/1975 11:40;28:16.0;76728;99660.37
3768;Derbin Contracting Services;1270 Linden Ave.;1;"AF""";Afghanistan;46;"CY""";Chypre;16/12/2000 18:27;14:56.0;95712;62392.21
3769;Sigman and Freud Psychiatry;2678 Sheridan Rd.;44;"CL""";Chili;12;"SA""";Arabie saoudite;23/05/2003 09:28;46:40.0;93750;28578.916
3770;John G. Hartling Ltd.;231 Sheriden Rd.;43;"CV""";Cap-Vert;10;"AG""";Antigua-et-Barbuda;19/09/1982 06:07;08:16.0;71090;3089.1526
3771;Brand Y Creative Services;3181 Barkwood Ct.;33;"BW""";Botswana;15;"AW""";Aruba;02/12/1970 04:27;33:20.0;70566;87430.625
3772;Camp Stuff;2600 Winsor Mall;26;"BZ""";Belize;30;"MM""";Birmanie;31/03/2000 22:40;20:00.0;67920;17188.658
3773;Lake Shore Beaches;244 Briar Ln;14;"AM""";Arm?nie;4;"DZ""";Alg?rie;14/02/2001 22:13;26:40.0;43920;95520.445
3774;Air Guatamala;807 Old Trail Rd.;44;"CL""";Chili;46;"CY""";Chypre;29/05/1980 15:53;26:40.0;68538;51860.42
3775;K L Consulting;54 Lakeview Terrace;43;"CV""";Cap-Vert;22;"BD""";Bangladesh;08/02/1972 20:02;33:20.0;24160;76736.56
3776;Smith & Wesson Militia;35 Glenlake Dr.;42;"CA""";Canada;4;"DZ""";Alg?rie;19/04/1989 23:15;53:20.0;95187;82233.65
3777;PGS Associates;35 Glenlake Dr.;43;"CV""";Cap-Vert;1;"AF""";Afghanistan;15/11/1972 07:20;14:56.0;10214;73975.1
3778;Doll House Rock;965 Marion Place Apt. 65C;16;"AU""";Australie;44;"CL""";Chili;09/09/2002 22:22;34:56.0;36303;78274.39
3779;Lennox Air Pollution Control;1575 Oakwood Ave.;19;"BJ""";B?nin;43;"CV""";Cap-Vert;30/06/1978 14:07;40:00.0;83772;69460.76
3780;Dependable Plumbing and Sewer;1799 Rosemary Way;45;"CN""";Chine;33;"BW""";Botswana;25/09/1982 01:00;46:40.0;99840;50915.016
3781;Bernhardt Ltd.;1185 County line Rd.;38;"BI""";Burundi;26;"BZ""";Belize;20/01/1975 05:22;41:36.0;85695;29426.441
3782;Cosmo Skin Care Center;1185 County line Rd.;36;"BG""";Bulgarie;14;"AM""";Arm?nie;20/12/1992 04:55;00:00.0;60902;67824.85
3783;Mergenthaler Inc.;3062 Lindenwood Ln.;16;"AU""";Australie;44;"CL""";Chili;30/07/2000 17:27;08:16.0;75834;38474.246
3784;Nel Video Productions;135 Lakewood place;45;"CN""";Chine;43;"CV""";Cap-Vert;23/07/1992 22:35;08:16.0;72900;22824.37
3785;Venturi Discount Drugs;445 Park Ave.;13;"AR""";Argentine;42;"CA""";Canada;19/03/1983 22:13;46:40.0;80586;93896.32
3786;Percy Photography;1575 Oak Ave.  Apt. 2C;17;"AT""";Autriche;43;"CV""";Cap-Vert;16/12/1978 03:35;41:36.0;71632;75705.555
3787;Darcy Frame and Matting Servic;310 Walker Ave.;33;"BW""";Botswana;16;"AU""";Australie;11/05/1970 08:47;01:36.0;76402;88316.805
3788;Salt & Pepper Catering Service;43078 Kennedy Dr.;38;"BI""";Burundi;19;"BJ""";B?nin;10/11/2000 05:33;13:20.0;25035;85929.734
3789;Air France;852 Sumac Rd.;39;"CI""";C?te d'Ivoire;45;"CN""";Chine;09/04/2003 15:53;48:16.0;63890;21030.998
3790;North West Gas Co.;2600 Winsor Mall;25;"BE""";Belgique;38;"BI""";Burundi;11/07/1971 18:07;34:56.0;98224;60830.402
3791;Camp Stuff;1799 Rosemary Way;36;"BG""";Bulgarie;36;"BG""";Bulgarie;01/05/1980 12:08;28:16.0;95919;25560.898
3792;Derbin Contracting Services;1126 Hillcrest Ave;7;"AO""";Angola;16;"AU""";Australie;26/01/2000 12:53;08:16.0;8525;97614.02
3793;Schnitzer Denist College;1770 first St.;20;"BS""";Bahamas;45;"CN""";Chine;13/10/1982 04:22;08:16.0;51090;65369.75
3794;Gourmet the Frog;839 Burton Ave;30;"MM""";Birmanie;13;"AR""";Argentine;09/06/2005 03:00;13:20.0;4370;92910.2
3795;New Dehli Auto Exchange;22 Clay rd.;44;"CL""";Chili;17;"AT""";Autriche;24/02/2006 07:48;26:40.0;78100;85690.21
3796;Resnick DDS;310 Walker Ave.;21;"BH""";Bahre?n;33;"BW""";Botswana;14/08/2004 11:28;00:00.0;5920;93298.69
3797;Toggle & Myerson Ltd;2045 St. johns Ave.;16;"AU""";Australie;38;"BI""";Burundi;30/10/1982 05:27;28:16.0;25224;44812.03
3798;Cosmo Skin Care Center;433 Burton Ave.;7;"AO""";Angola;39;"CI""";C?te d'Ivoire;11/01/1992 10:55;13:20.0;91026;8117.3477
3799;Car Suite Cleaners;1077 Court Ave.;15;"AW""";Aruba;25;"BE""";Belgique;08/05/2000 00:33;54:56.0;95289;1577.1198
3800;Trapezoid Studios;210 Cresant Rd.;24;"PW""";Belau;36;"BG""";Bulgarie;16/03/1977 11:33;08:16.0;29915;33624.188
3801;Gourmet the Frog;242 Ashland Ave.;34;"BR""";Br?sil;7;"AO""";Angola;18/09/1994 04:47;28:16.0;67968;79957.06
3802;Energy Source Diet Centers;3148 cottonwood Ct.;17;"AT""";Autriche;20;"BS""";Bahamas;15/12/1971 15:47;46:40.0;62640;15195.245
3803;Acme Chemical Supply;1949 Cloverdale Rd.;4;"DZ""";Alg?rie;30;"MM""";Birmanie;10/10/2001 22:20;13:20.0;98831;18337.973
3804;Meonits & Mogogni Inc.;3150 Skokie Valley Rd.;19;"BJ""";B?nin;44;"CL""";Chili;26/02/2004 03:48;08:16.0;37952;26856.828
3805;Foy Aviation;231 Sheriden Rd.;28;"BT""";Bhoutan;21;"BH""";Bahre?n;06/05/1983 21:13;46:40.0;24240;87893.98
3806;Facelift Kitchen and Bath;245 Oakridge Ave.;3;"AL""";Albanie;16;"AU""";Australie;21/10/2003 02:33;53:20.0;27832;94239.17
3807;Toggle & Myerson Ltd;844 Spruce St.;27;"BM""";Bermudes;7;"AO""";Angola;27/05/2007 13:02;20:00.0;54105;79724.445
3808;Hilco Auto Body;120 high St.;36;"BG""";Bulgarie;15;"AW""";Aruba;06/02/1977 06:53;28:16.0;81368;39920.48
3809;Morgan Construction Co;788 Tennyson Ave.;39;"CI""";C?te d'Ivoire;24;"PW""";Belau;11/07/1983 09:27;33:20.0;37850;76450.05
3810;Schmidt Denists;1839 McCraren Rd.;26;"BZ""";Belize;34;"BR""";Br?sil;14/04/1994 22:47;01:36.0;13720;1273.2672
3811;Vanity Town;456 Grossman Ln.;5;"DE""";Allemagne;17;"AT""";Autriche;18/01/2006 19:35;26:40.0;15572;64832.297
3812;Futoons Cartoons Emporium;654 Walnut Rd.;24;"PW""";Belau;4;"DZ""";Alg?rie;25/10/2004 05:42;53:20.0;82168;78854.984
3813;Glassman & Stone;1859 Green Bay Rd.;42;"CA""";Canada;19;"BJ""";B?nin;22/09/2002 15:55;41:36.0;62384;15236.326
3814;Ernie's Foriegn Car Service;21 Lakeview Terrace #2312;21;"BH""";Bahre?n;28;"BT""";Bhoutan;28/09/1977 21:42;06:40.0;61692;95404.43
3815;Portugal, Liddy, & Son Ltd.;770 Exmoor Rd.;4;"DZ""";Alg?rie;3;"AL""";Albanie;26/02/1983 17:08;06:40.0;48494;10034.705
3817;North Park Lighting Galleries;600 Central Ave;36;"BG""";Bulgarie;36;"BG""";Bulgarie;01/09/1993 06:07;46:40.0;96625;6007.368
3818;Cotton Thumb Ltd.;4522 N. Greenview Apt. 1B;15;"AW""";Aruba;39;"CI""";C?te d'Ivoire;30/05/1996 04:35;41:36.0;93400;57252.195
3819;Bako Delicatessen;1436 Waverly Rd.;12;"SA""";Arabie saoudite;26;"BZ""";Belize;28/11/2002 18:02;26:40.0;29211;90090.03
3820;Elm Place Business Supplies;1975 elmwood Circle;48;"KM""";Comores;5;"DE""";Allemagne;07/03/1970 23:20;33:20.0;39455;16160.128
3821;John G. Hartling Ltd.;1235 Easton Rd.;26;"BZ""";Belize;24;"PW""";Belau;21/04/1993 03:40;00:00.0;44584;49754.555
3822;Green Bay Travel Services;175 beech St.;43;"CV""";Cap-Vert;42;"CA""";Canada;20/09/1986 12:33;20:00.0;61046;90496.68
3823;Funnyface Amusement Games;1715 Chicago Ave.;10;"AG""";Antigua-et-Barbuda;21;"BH""";Bahre?n;30/01/2001 16:40;46:40.0;26642;83258.63
3824;Nitelites Party Rental;1907 S. Prospect Ave.;41;"CM""";Cameroun;4;"DZ""";Alg?rie;29/07/1977 22:33;08:16.0;71503;98976.82
3825;AA Advertising;224  Highwood Ave.;24;"PW""";Belau;3;"AL""";Albanie;17/03/2003 14:27;26:40.0;81687;29530.752
3826;Ampro Office Team Ltd.;629 Kincaid Ave.;6;"AD""";Andorre;36;"BG""";Bulgarie;14/06/1978 00:08;20:00.0;96050;42958.664
3827;Happ Aluminum Siding Co.;456 Groverland Ave.;16;"AU""";Australie;15;"AW""";Aruba;26/12/2004 13:22;13:20.0;8098;41241.145
3828;Masterlands Cleaning;45 South Deer Creek Drive;38;"BI""";Burundi;12;"SA""";Arabie saoudite;16/05/2006 09:15;46:40.0;39357;26645.02
3829;MedicServe Medical Supply;3181 Barkwood Ct.;17;"AT""";Autriche;48;"KM""";Comores;27/06/2003 11:53;53:20.0;71843;72900.8
3830;Camp Oconomowoc;511 Hill;6;"AD""";Andorre;26;"BZ""";Belize;21/09/1970 22:20;13:20.0;92672;19370.412
3831;Gordon & Son Brockerage Ltd.;600 Central Ave.;45;"CN""";Chine;43;"CV""";Cap-Vert;01/06/2000 05:40;54:56.0;31960;78361.53
3832;Green Bay Travel Services;1235 Easton Rd.;48;"KM""";Comores;10;"AG""";Antigua-et-Barbuda;12/10/1983 10:47;28:16.0;39068;70046.33
3833;Froggy's Gourmet Catering;4522 N. Greenview Apt. 1B;11;"AN""";Antilles n?erlandaises;41;"CM""";Cameroun;20/02/1990 07:47;53:20.0;68758;67145.33
3834;Air Indonesia;3181 Barkwood Ct.;37;"BF""";Burkina Faso;24;"PW""";Belau;23/12/1990 13:47;53:20.0;35840;10810.112
3835;Nitelites Party Rental;231 Sheriden Rd.;9;"AQ""";Antarctique;6;"AD""";Andorre;09/12/2000 04:00;21:36.0;13440;30115.184
3836;Mergenthaler Inc.;1831 Beverly Place #9D;1;"AF""";Afghanistan;16;"AU""";Australie;09/03/1999 17:20;01:36.0;46263;27306.088
3837;Green Bay Travel Services;662 Lyons Circle;5;"DE""";Allemagne;38;"BI""";Burundi;01/04/1996 23:07;33:20.0;56524;79216.41
3838;Venturi Discount Drugs;4522 N. Greenview Apt. 1B;48;"KM""";Comores;17;"AT""";Autriche;16/09/1971 10:07;34:56.0;72354;57225.465
3839;Griffith Paving and Sealcoatin;2510 Crain;18;"AZ""";Azerba?djan;6;"AD""";Andorre;12/11/1983 23:22;33:20.0;17216;81436.11
3840;Air Barbados;1233 Arbor Rd.;45;"CN""";Chine;45;"CN""";Chine;19/03/2001 08:00;14:56.0;60704;80352.55
3841;Park District Of America;45 South Deer Creek Drive;25;"BE""";Belgique;48;"KM""";Comores;01/05/1992 23:40;06:40.0;37381;28520.816
3842;Myers Chocolates and Confectio;1235 Easton Rd.;30;"MM""";Birmanie;11;"AN""";Antilles n?erlandaises;26/09/1977 23:13;26:40.0;21630;26384.965
3843;Toggle & Myerson Ltd;334 Lynn Terrace;39;"CI""";C?te d'Ivoire;37;"BF""";Burkina Faso;12/03/1971 12:02;46:40.0;66288;33784.527
3844;Futoons Cartoons Emporium;302-A Crestwood Village Rd.;27;"BM""";Bermudes;9;"AQ""";Antarctique;11/08/1993 01:02;21:36.0;5784;16552.996
3845;Marcy Elaine Bakery;1575 Oak Ave.  Apt. 2C;31;"BO""";Bolivie;1;"AF""";Afghanistan;04/04/1990 12:08;33:20.0;38456;66544.12
3846;AAA Daniels Antiques;1450 Harding Ave.;42;"CA""";Canada;5;"DE""";Allemagne;24/11/2000 07:33;46:40.0;68776;80338.71
3847;Ernie's Foriegn Car Service;2045 St. johns Ave.;43;"CV""";Cap-Vert;48;"KM""";Comores;16/09/2004 17:27;54:56.0;45401;2168.542
3848;Acturial Enterprises Ltd.;445 Park Ave.;3;"AL""";Albanie;18;"AZ""";Azerba?djan;22/12/1986 18:27;01:36.0;81921;92524.01
3849;Darcy Frame and Matting Servic;2510 Crain;26;"BZ""";Belize;45;"CN""";Chine;02/12/2001 13:33;33:20.0;18705;89458.77
3850;Esmarda Chemical Manufacturers;225 Jeffrys Place;23;"BB""";Barbade;25;"BE""";Belgique;02/04/1986 12:02;53:20.0;33470;33964.19
3851;DBN Bank;12 Fort Sheriden Ave.;28;"BT""";Bhoutan;30;"MM""";Birmanie;04/08/2000 02:07;21:36.0;49145;53600.45
3852;Kapp Camera and Video;355 Golf Rd.;11;"AN""";Antilles n?erlandaises;39;"CI""";C?te d'Ivoire;31/08/2000 09:15;46:40.0;36973;60020.88
3853;Vanity Town;355 Golf Rd.;26;"BZ""";Belize;27;"BM""";Bermudes;19/01/2001 21:35;21:36.0;89131;82081.55
3854;Air France;1234 Devonshire Court;11;"AN""";Antilles n?erlandaises;31;"BO""";Bolivie;02/09/1986 00:07;34:56.0;59105;81561.11
3855;Jay's Cabinet Company;5518 Madison St.;24;"PW""";Belau;42;"CA""";Canada;12/09/2000 21:40;14:56.0;55996;71023.98
3856;Air Barbados;2600 Winsor Mall;37;"BF""";Burkina Faso;43;"CV""";Cap-Vert;20/07/1974 05:42;14:56.0;9240;10180.187
3857;Darcy Frame and Matting Servic;1795 Lake Cook Rd.;8;"AI""";Anguilla;3;"AL""";Albanie;26/01/2003 10:55;33:20.0;70086;17140.588
3858;Caranisco Homes;77 Blackhawk Rd;45;"CN""";Chine;26;"BZ""";Belize;17/02/2000 17:48;41:36.0;7600;11187.064
3859;Maintence Services of Maine;135 Lakewood place;12;"SA""";Arabie saoudite;23;"BB""";Barbade;12/08/2005 11:27;33:20.0;19136;76893.79
3860;Lambert & Locke Legal Services;1882 St. Johns;13;"AR""";Argentine;28;"BT""";Bhoutan;26/03/1986 22:27;33:20.0;84160;37439.04
3861;Facelift Kitchen and Bath;1575 Oakwood Ave.;12;"SA""";Arabie saoudite;11;"AN""";Antilles n?erlandaises;19/12/1986 18:13;26:40.0;42660;50280.4
3862;Lake Shore Publishing;3487 Green Bay Rd.;22;"BD""";Bangladesh;26;"BZ""";Belize;28/06/2000 07:40;26:40.0;39488;45254.117
3863;Metro Appliance Service;1770 first St.;13;"AR""";Argentine;11;"AN""";Antilles n?erlandaises;06/09/1978 04:20;41:36.0;69800;71375.62
3864;Highland Lanes;115 Judson Rd.;50;"KP""";Cor?e du Nord;24;"PW""";Belau;19/05/1983 22:22;53:20.0;35512;58696.586
3865;MedicServe Medical Supply;313 Grove Ave.;6;"AD""";Andorre;37;"BF""";Burkina Faso;05/05/2000 05:42;48:16.0;40317;68320.74
3866;Rythmics Ltd.;45 South Deer Creek Drive;14;"AM""";Arm?nie;8;"AI""";Anguilla;07/03/1986 17:20;13:20.0;40622;3713.5977
3867;Happ Aluminum Siding Co.;1799 Rosemary Way;40;"KH""";Cambodge;45;"CN""";Chine;30/08/1972 06:20;06:40.0;16854;3421.2815
3868;Glassman & Stone;1704 Ridgelee Rd;13;"AR""";Argentine;12;"SA""";Arabie saoudite;22/11/2004 05:07;06:40.0;46820;60104.65
3869;Bill's Dive Shop;1337 Cavell Ave.;36;"BG""";Bulgarie;13;"AR""";Argentine;14/06/2005 01:42;41:36.0;3680;73017.98
3870;Ampro Office Team Ltd.;600 Central Ave;36;"BG""";Bulgarie;12;"SA""";Arabie saoudite;08/10/2005 11:28;20:00.0;40670;17312.95
3871;Cutter Lawn Mower Repair;969 Saxony Drive;47;"CO""";Colombie;22;"BD""";Bangladesh;30/10/1974 01:08;26:40.0;60919;65676.56
3872;Lennox Air Pollution Control;785 Highland place;36;"BG""";Bulgarie;13;"AR""";Argentine;06/12/2006 06:13;53:20.0;57618;48436.203
3873;Air Indonesia;788 Tennyson Ave.;18;"AZ""";Azerba?djan;50;"KP""";Cor?e du Nord;06/02/1972 04:53;06:40.0;99014;65444.703
3874;Lake Shore Publishing;14836 W. River Oaks Dr.;25;"BE""";Belgique;6;"AD""";Andorre;09/10/1978 17:53;21:36.0;42126;46855.44
3875;AA Advertising;1009 marvel Way;10;"AG""";Antigua-et-Barbuda;14;"AM""";Arm?nie;02/05/2006 05:53;46:40.0;49201;24680.12
3876;Sigman and Freud Psychiatry;218 Oakridge Ave.;35;"BN""";Brunei;40;"KH""";Cambodge;03/03/1974 07:22;28:16.0;94656;93000.56
3877;Hardee Woodwork Ltd.;35 Glenlake Dr.;32;"BA""";Bosnie-Herz?govine;13;"AR""";Argentine;07/02/1997 07:20;06:40.0;93929;87205.586
3878;Keyth Contracting and Repair;1633 McGovern place;49;"CG""";Congo;36;"BG""";Bulgarie;27/09/2004 20:07;53:20.0;93464;6934.8193
3879;Smith & Wesson Militia;3062 Lindenwood Ln.;30;"MM""";Birmanie;36;"BG""";Bulgarie;03/03/1996 04:28;41:36.0;69644;42992.035
3880;PGS Associates;1337 Cavell Ave.;22;"BD""";Bangladesh;47;"CO""";Colombie;03/04/2000 06:13;40:00.0;25682;37201.023
3881;Sigman and Freud Psychiatry;2922 Twin Oaks Drive;16;"AU""";Australie;36;"BG""";Bulgarie;06/09/1982 12:33;14:56.0;46453;97425.39
3882;Doll House Rock;3478 Bryn Mawr St.;23;"BB""";Barbade;18;"AZ""";Azerba?djan;05/04/1990 15:55;06:40.0;2730;67428.15
3883;Perimeter Security Consultants;2045 St. johns Ave.;4;"DZ""";Alg?rie;25;"BE""";Belgique;15/04/1997 11:27;46:40.0;70676;47145.754
3884;Lee Stairworks and Carpentry,;2267 Anderson Lane;42;"CA""";Canada;10;"AG""";Antigua-et-Barbuda;08/03/2006 06:40;13:20.0;60958;12416.382
3885;Ernie's Foriegn Car Service;726 White Oaks Ave.;50;"KP""";Cor?e du Nord;35;"BN""";Brunei;03/07/2000 08:35;00:00.0;62400;35436.508
3886;Lake Shore Publishing;1550 Ridge Rd.;19;"BJ""";B?nin;32;"BA""";Bosnie-Herz?govine;26/08/1970 15:02;53:20.0;65074;53730.21
3887;Doerner's Awnings and Canopies;550 Sheridan;42;"CA""";Canada;49;"CG""";Congo;12/03/1978 14:13;54:56.0;4191;36063.992
3888;American Deli Workers Union;430 Oakland Drive;45;"CN""";Chine;30;"MM""";Birmanie;18/04/2005 05:53;13:20.0;60081;16612.906
3889;Quad City Cleaning;3344 Beachwood Ln.;24;"PW""";Belau;22;"BD""";Bangladesh;09/04/2000 23:15;20:00.0;54716;6125.0493
3890;Smith Communications Inc.;175 beech St.;5;"DE""";Allemagne;16;"AU""";Australie;26/11/2006 00:13;41:36.0;78603;2444.7004
3891;Lickmen Restoration;1912 Old Briar Lane #2;15;"AW""";Aruba;23;"BB""";Barbade;14/02/1987 11:20;13:20.0;80005;3970.5781
3892;Morgan Construction Co;1444 Chantilly Ln.;3;"AL""";Albanie;4;"DZ""";Alg?rie;15/12/1980 11:22;13:20.0;5440;53593.97
3893;Brand Y Creative Services;201-C Frontage Rd.;40;"KH""";Cambodge;42;"CA""";Canada;24/02/1985 13:33;33:20.0;61772;55625.836
3894;Woodworks Co.;4259 W. Lake Ave.;42;"CA""";Canada;50;"KP""";Cor?e du Nord;13/01/1972 14:13;33:20.0;88124;53703.277
3895;Pasifico Inc.;643 De Temple Rd.;10;"AG""";Antigua-et-Barbuda;19;"BJ""";B?nin;23/11/2001 11:48;06:40.0;75814;31808.852
3896;Highland Lanes;1220 Heather Lane;11;"AN""";Antilles n?erlandaises;42;"CA""";Canada;05/07/2000 23:00;26:40.0;1946;74462.78
3897;Pasifico Inc.;3487 Green Bay Rd.;19;"BJ""";B?nin;45;"CN""";Chine;19/09/1983 23:53;00:00.0;24663;15572.799
3898;Maintence Services of Maine;3901 Chester Ave. Apt. 3C;32;"BA""";Bosnie-Herz?govine;24;"PW""";Belau;22/02/1985 22:40;14:56.0;90135;57987.684
3899;Hibbard Road Suppliers;969 Saxony Drive;2;"ZA""";Afrique du Sud;5;"DE""";Allemagne;04/12/1970 23:07;20:00.0;15870;29324.271
3900;Trapezoid Studios;3059 Priscilla Court;5;"DE""";Allemagne;15;"AW""";Aruba;02/03/1992 09:08;13:20.0;83915;32881.535
3901;Griffith Paving and Sealcoatin;1658 Second St.;7;"AO""";Angola;3;"AL""";Albanie;23/06/1980 17:55;54:56.0;88770;42976.047
3902;New Dehli Auto Exchange;139 Bay Colony Dr.;13;"AR""";Argentine;40;"KH""";Cambodge;14/03/1975 03:33;53:20.0;39514;87484.27
3903;Dean Barnett Furniture Repair;1065 Hillcrest Circle;42;"CA""";Canada;42;"CA""";Canada;30/08/2002 01:28;48:16.0;26564;39817.23
3904;Cradle the Call;2936 Arlington Ave.;41;"CM""";Cameroun;10;"AG""";Antigua-et-Barbuda;27/09/1985 10:07;13:20.0;41404;88136.98
3905;Auto Interior Carpeting Compan;937 Judson Ave.;24;"PW""";Belau;11;"AN""";Antilles n?erlandaises;21/04/1993 14:47;20:00.0;84824;19250.21
3906;Funnyface Amusement Games;3062 Lindenwood Ln.;6;"AD""";Andorre;19;"BJ""";B?nin;10/02/2000 11:33;06:40.0;77136;81809.05
3907;Toggle & Myerson Ltd;241 Callan Rd.;42;"CA""";Canada;32;"BA""";Bosnie-Herz?govine;06/10/1994 17:13;20:00.0;49228;63046.53
3908;Gordon & Son Brockerage Ltd.;1486 Oakwood;4;"DZ""";Alg?rie;2;"ZA""";Afrique du Sud;05/04/2006 03:48;28:16.0;18877;10004.8
3909;Cradle the Call;1155 Ridgewood Drive;36;"BG""";Bulgarie;5;"DE""";Allemagne;28/11/2000 08:55;40:00.0;50977;16640.514
3910;Happ Aluminum Siding Co.;3148 cottonwood Ct.;11;"AN""";Antilles n?erlandaises;7;"AO""";Angola;12/11/2000 08:42;20:00.0;92570;62958.72
3911;Park District Of America;505 N. Frances St.;7;"AO""";Angola;13;"AR""";Argentine;05/08/2006 09:42;34:56.0;54100;50329.25
3912;Hoffman Printing Center;456 Grossman Ln.;42;"CA""";Canada;42;"CA""";Canada;03/09/1977 03:00;54:56.0;19968;70505.586
3913;Highland Woods City Hall;5518 Madison St.;23;"BB""";Barbade;41;"CM""";Cameroun;14/09/2000 06:35;21:36.0;70528;46562.688
3914;Perimeter Security Consultants;45 South Deer Creek Drive;22;"BD""";Bangladesh;24;"PW""";Belau;01/01/1982 10:02;08:16.0;78648;26892.41
3915;MedicServe Medical Supply;12 Fort Sheriden Ave.;17;"AT""";Autriche;6;"AD""";Andorre;01/10/1987 16:20;53:20.0;80406;60412.344
3916;Green Shoes Corp.;1701 W. Mellody Rd.;26;"BZ""";Belize;42;"CA""";Canada;11/02/2004 11:47;06:40.0;23990;98924.305
3917;Foy Aviation;3150 Skokie Valley Rd.;24;"PW""";Belau;4;"DZ""";Alg?rie;16/03/2006 21:47;21:36.0;57110;93280.055
3918;Block Boats and Lures;1450 Harding Ave.;48;"KM""";Comores;36;"BG""";Bulgarie;09/11/2001 23:33;40:00.0;24384;87480.9
3919;Corbins, Rodriguez, & Savocchi;2600 Winsor Mall;10;"AG""";Antigua-et-Barbuda;11;"AN""";Antilles n?erlandaises;28/06/1986 08:22;48:16.0;85968;81060.555
3920;Lickmen Restoration;1126 Hillcrest Ave;7;"AO""";Angola;7;"AO""";Angola;07/10/1996 23:28;26:40.0;14862;6284.5474
3921;Ampro Office Team Ltd.;2032 Northbrook Ct.;9;"AQ""";Antarctique;42;"CA""";Canada;01/06/2005 05:27;06:40.0;6372;20704.49
3922;Deer Lake Inn;59 Cordon Terr.;29;"BY""";Bi?lorussie;23;"BB""";Barbade;17/03/1987 17:20;54:56.0;91588;32575.5
3923;Metro Appliance Service;632 Roger Williams;15;"AW""";Aruba;22;"BD""";Bangladesh;07/03/1975 04:53;40:00.0;77175;14628.509
3924;Block Boats and Lures;242 Ashland Ave.;9;"AQ""";Antarctique;17;"AT""";Autriche;02/06/1974 00:07;48:16.0;3875;48852.246
3925;Morton Roofing and Siding;12 Craven Way;6;"AD""";Andorre;26;"BZ""";Belize;19/11/1987 13:35;41:36.0;63746;47923.24
3926;Energy Source Diet Centers;456 Grossman Ln.;5;"DE""";Allemagne;24;"PW""";Belau;08/02/2001 16:13;46:40.0;1444;71850.94
3927;Acturial Enterprises Ltd.;785 Highland place;47;"CO""";Colombie;48;"KM""";Comores;17/11/1986 08:27;54:56.0;44910;74156.34
3928;First National Bank of Ottowa;1575 Oak Ave.  Apt. 2C;36;"BG""";Bulgarie;10;"AG""";Antigua-et-Barbuda;11/03/1985 03:33;28:16.0;57787;73160.52
3929;Maintence Services of Maine;1975 elmwood Circle;16;"AU""";Australie;7;"AO""";Angola;19/12/1972 15:35;26:40.0;20842;94556.99
3930;Elle Hypnosis and Therapy Cent;1752 Clinton Ave.;50;"KP""";Cor?e du Nord;9;"AQ""";Antarctique;04/02/1994 02:02;01:36.0;56972;86400.89
3931;First National Bank of Ottowa;1875 Roger Williams Ave.;50;"KP""";Cor?e du Nord;29;"BY""";Bi?lorussie;25/12/2001 02:53;40:00.0;49428;99179.8
3932;Shaggy's Grooming Services;302-A Crestwood Village Rd.;2;"ZA""";Afrique du Sud;15;"AW""";Aruba;07/03/1987 14:55;26:40.0;55537;64036.734
3933;Lickmen Restoration;785 Highland place;33;"BW""";Botswana;9;"AQ""";Antarctique;13/01/1996 19:07;53:20.0;92580;96796.26
3935;Perimeter Security Consultants;1860 Parkside Ln.;24;"PW""";Belau;5;"DE""";Allemagne;16/06/1990 10:08;41:36.0;68756;53046.17
3936;Happ Aluminum Siding Co.;2479 Woodridge Drive;18;"AZ""";Azerba?djan;47;"CO""";Colombie;01/12/1992 16:28;14:56.0;81498;1867.4344
3937;John G. Hartling Ltd.;456 Groverland Ave.;42;"CA""";Canada;36;"BG""";Bulgarie;07/02/2006 06:55;00:00.0;72700;72695.91
3938;Pete's Auto Repair;310 Walker Ave.;17;"AT""";Autriche;16;"AU""";Australie;08/10/1993 18:07;08:16.0;60480;28934.904
3939;Johnson, Erico & Co CPA's;1949 Cloverdale Rd.;25;"BE""";Belgique;50;"KP""";Cor?e du Nord;30/10/2005 10:15;34:56.0;80608;12000.305
3940;AA Advertising;614 green bay Rd.;30;"MM""";Birmanie;50;"KP""";Cor?e du Nord;18/05/2000 08:20;21:36.0;12744;66703.49
3941;George Lee Antiques;1859 Green Bay Rd.;42;"CA""";Canada;2;"ZA""";Afrique du Sud;26/03/2001 20:55;20:00.0;75674;37105.496
3942;Acturial Enterprises Ltd.;35 Glenlake Dr.;4;"DZ""";Alg?rie;33;"BW""";Botswana;18/05/2006 10:47;54:56.0;62117;30480.365
3943;Quad City Cleaning;310 Walker Ave.;40;"KH""";Cambodge;17;"AT""";Autriche;16/09/1982 22:33;28:16.0;6110;18563.203
3944;Meonits & Mogogni Inc.;445 Park Ave.;4;"DZ""";Alg?rie;24;"PW""";Belau;03/10/1996 08:22;26:40.0;20288;606.2818
3945;Hibop Heating and Air Conditio;1770 first St.;37;"BF""";Burkina Faso;18;"AZ""";Azerba?djan;26/11/2002 08:40;21:36.0;47805;30748.781
3946;Palmer Golf Supplies;969 Saxony Drive;8;"AI""";Anguilla;42;"CA""";Canada;09/06/2001 20:48;13:20.0;88508;76500.555
3947;Foy Aviation;2600 Winsor Mall;26;"BZ""";Belize;17;"AT""";Autriche;11/02/1980 06:53;06:40.0;6916;24602.586
3948;Truck-X Muffler Repair;2148 Eastview Dr.;22;"BD""";Bangladesh;25;"BE""";Belgique;25/10/2004 11:27;26:40.0;35411;20512.16
3949;Ebert Music Center;726 White Oaks Ave.;48;"KM""";Comores;30;"MM""";Birmanie;18/02/2006 02:00;01:36.0;36600;60532.74
3950;Hi-Land Art & Frame;970 Vilas Circle;5;"DE""";Allemagne;42;"CA""";Canada;11/02/1986 10:00;41:36.0;33700;59064.207
3951;Hart Corporation;662 Lyons Circle;13;"AR""";Argentine;4;"DZ""";Alg?rie;21/10/2007 21:53;40:00.0;15136;33008.35
3952;Mergenthaler Inc.;220 Vine Ave.;3;"AL""";Albanie;40;"KH""";Cambodge;07/05/2002 22:22;46:40.0;72551;98235.3
3953;George Lee Antiques;1444 Chantilly Ln.;27;"BM""";Bermudes;4;"DZ""";Alg?rie;04/03/2000 06:27;06:40.0;86593;64382.41
3954;K L Consulting;2148 Eastview Dr.;38;"BI""";Burundi;37;"BF""";Burkina Faso;18/08/1993 08:47;40:00.0;33656;96968.734
3955;Lake Shore Beaches;2644 Princeton Ln.;31;"BO""";Bolivie;8;"AI""";Anguilla;04/01/1971 18:00;20:00.0;75410;65912.125
3956;P K M Packaging Supply;1882 St. Johns;43;"CV""";Cap-Vert;26;"BZ""";Belize;09/09/1987 16:33;33:20.0;93925;3450.32
3957;Got It All Electronics Supply;115 Judson Rd.;50;"KP""";Cor?e du Nord;22;"BD""";Bangladesh;04/01/1994 16:13;20:00.0;37058;93645.93
3958;Perimeter Security Consultants;600 Central Ave;49;"CG""";Congo;48;"KM""";Comores;28/08/2003 23:53;20:00.0;14285;65264.152
3959;Gourmet the Frog;21 Lakeview Terrace #2312;49;"CG""";Congo;5;"DE""";Allemagne;24/01/1987 15:20;48:16.0;9090;89605.51
3960;Park District Of America;14836 W. River Oaks Dr.;13;"AR""";Argentine;13;"AR""";Argentine;29/01/2004 18:13;33:20.0;12648;47780.266
3961;Highland Woods City Hall;643 De Temple Rd.;23;"BB""";Barbade;3;"AL""";Albanie;10/09/2006 00:47;08:16.0;84032;64542.867
3962;Funnyface Amusement Games;218 Oakridge Ave.;42;"CA""";Canada;27;"BM""";Bermudes;26/09/1985 17:27;26:40.0;20000;85988.02
3963;Deer Lake Inn;3148 cottonwood Ct.;8;"AI""";Anguilla;38;"BI""";Burundi;27/09/1983 09:40;33:20.0;75348;49230.574
3964;Rythmics Ltd.;673 Calais Drive;2;"ZA""";Afrique du Sud;31;"BO""";Bolivie;16/08/1975 06:47;26:40.0;15122;68592.14
3965;Parties Galore Golf Course;12 Walker Ave.;48;"KM""";Comores;43;"CV""";Cap-Vert;21/05/1990 15:27;06:40.0;94010;11000.635
3966;Schnitzer Denist College;1915 Lewis Ln.  Apt 13;28;"BT""";Bhoutan;50;"KP""";Cor?e du Nord;11/02/2006 08:13;53:20.0;10728;7388.678
3967;Kapp Camera and Video;1777 balsamic Ave.;48;"KM""";Comores;49;"CG""";Congo;20/05/2000 20:33;20:00.0;60916;308.9086
3968;Lambert & Locke Legal Services;581 Hill St. Apt. 234;6;"AD""";Andorre;49;"CG""";Congo;23/03/1985 12:02;54:56.0;32992;96724.2
3969;Esmarda Chemical Manufacturers;1660 Park Ave.;23;"BB""";Barbade;13;"AR""";Argentine;28/05/1994 13:15;33:20.0;35912;27342.87
3970;Woodworks Co.;669 Kikaid;4;"DZ""";Alg?rie;23;"BB""";Barbade;13/03/1994 12:00;53:20.0;29454;95618.68
3971;Morton Roofing and Siding;3478 Bryn Mawr St.;21;"BH""";Bahre?n;42;"CA""";Canada;17/05/2002 04:35;34:56.0;39267;75586.445
3972;Nyman Interior Design;45 South Deer Creek Drive;35;"BN""";Brunei;8;"AI""";Anguilla;22/11/2003 05:22;08:16.0;98350;13408.852
3973;Jay's Cabinet Company;970 Vilas Circle;17;"AT""";Autriche;2;"ZA""";Afrique du Sud;07/02/2004 18:42;53:20.0;72880;99954.97
3974;Yale Remins Temp Agency;456 Grossman Ln.;26;"BZ""";Belize;48;"KM""";Comores;30/09/2004 14:47;53:20.0;85960;15720.028
3975;Green Shoes Corp.;2148 Eastview Dr.;17;"AT""";Autriche;28;"BT""";Bhoutan;06/01/1996 11:22;08:16.0;33980;76312.93
3976;Kosmo Consulting;10 Marquette Rd.;34;"BR""";Br?sil;48;"KM""";Comores;09/05/1971 09:55;33:20.0;58375;66240.74
3977;Energy Source Diet Centers;445 Park Ave.;31;"BO""";Bolivie;6;"AD""";Andorre;22/01/2004 13:48;41:36.0;44100;10236.474
3978;Dean Grant Buick and Crysler;367Bluebird Terr.;43;"CV""";Cap-Vert;23;"BB""";Barbade;12/06/2000 10:22;54:56.0;74304;11540.778
3979;Air Guatamala;1575 Oak Ave.  Apt. 2C;20;"BS""";Bahamas;4;"DZ""";Alg?rie;12/06/1996 18:20;20:00.0;71300;41456.54
3980;Bill's Dive Shop;245 Oakridge Ave.;50;"KP""";Cor?e du Nord;21;"BH""";Bahre?n;30/06/1974 22:33;40:00.0;73000;40040.207
3981;Nirabi Auto Service;1486 Oakwood;32;"BA""";Bosnie-Herz?govine;35;"BN""";Brunei;12/10/1986 12:20;20:00.0;47454;50982.188
3982;Ebert Music Center;1882 St. Johns;4;"DZ""";Alg?rie;17;"AT""";Autriche;29/08/1994 03:28;01:36.0;81945;24847.0
3983;Mac Computer Warehouse;201-C Frontage Rd.;25;"BE""";Belgique;26;"BZ""";Belize;21/03/1982 02:55;26:40.0;15381;99280.09
3984;Eva Galler Galleries Inc.;671 Blackstone Ave.;35;"BN""";Brunei;17;"AT""";Autriche;26/05/1970 00:48;41:36.0;59645;23100.61
3985;Hardee Woodwork Ltd.;38976 Forest View Rd.;46;"CY""";Chypre;34;"BR""";Br?sil;20/04/1985 06:42;53:20.0;77728;11015.683
3986;Vecot Inc.;1660 Park Ave.;37;"BF""";Burkina Faso;31;"BO""";Bolivie;12/11/1975 04:53;26:40.0;27380;98608.875
3987;Nina's Snow Plowing;1233 Arbor Rd.;28;"BT""";Bhoutan;43;"CV""";Cap-Vert;28/11/2005 17:47;00:00.0;31238;51080.137
3988;Air Mexico;38976 Forest View Rd.;3;"AL""";Albanie;20;"BS""";Bahamas;25/11/2000 22:27;06:40.0;46885;51056.254
3989;Green Shoes Corp.;1831 Beverly Place #9D;36;"BG""";Bulgarie;50;"KP""";Cor?e du Nord;28/08/1997 21:27;40:00.0;29568;65416.688
3990;Myers Chocolates and Confectio;355 Golf Rd.;16;"AU""";Australie;32;"BA""";Bosnie-Herz?govine;10/11/1982 18:13;33:20.0;39695;3176.6233
3991;Park District Of America;22 Clay rd.;38;"BI""";Burundi;4;"DZ""";Alg?rie;09/02/1983 17:33;26:40.0;67557;33848.273
3992;Dean Grant Buick and Crysler;465 Stratford Rd.;23;"BB""";Barbade;25;"BE""";Belgique;22/01/2007 12:02;46:40.0;25990;31186.217
3993;John G. Hartling Ltd.;2024 St.Johns Ave.;9;"AQ""";Antarctique;35;"BN""";Brunei;24/12/1980 10:00;20:00.0;66116;32492.174
3994;Smith & Wesson Militia;865 Old Tall Tree Lane;34;"BR""";Br?sil;46;"CY""";Chypre;05/06/2005 15:40;54:56.0;19200;78219.37
3995;Parties Galore Golf Course;302-A Crestwood Village Rd.;26;"BZ""";Belize;37;"BF""";Burkina Faso;17/08/2006 04:33;00:00.0;9284;798.568
3996;Auto Interior Carpeting Compan;21 Lakeview Terrace #2312;13;"AR""";Argentine;28;"BT""";Bhoutan;24/02/1970 17:08;00:00.0;79304;99812.85
3997;Venturi Discount Drugs;139 Bay Colony Dr.;13;"AR""";Argentine;3;"AL""";Albanie;27/08/1983 11:15;40:00.0;66617;25625.713
3998;P K M Packaging Supply;2148 Eastview Dr.;20;"BS""";Bahamas;36;"BG""";Bulgarie;15/08/1977 14:33;26:40.0;98818;96020.19
3999;Foy Aviation;35 Glenlake Dr.;26;"BZ""";Belize;16;"AU""";Australie;02/07/1977 15:00;21:36.0;42880;60400.85
4000;Parties Galore Golf Course;600 Central Ave.;5;"DE""";Allemagne;38;"BI""";Burundi;01/12/2004 11:20;33:20.0;12884;27400.336
4001;Pivot Point College;433 Burton Ave.;13;"AR""";Argentine;23;"BB""";Barbade;31/08/2001 07:42;33:20.0;73128;41032.027
4002;Lidhal design Corp.;1337 Cavell Ave.;43;"CV""";Cap-Vert;9;"AQ""";Antarctique;21/10/1993 11:40;20:00.0;65376;58136.945
4003;Gourmet the Frog;2032 Northbrook Ct.;43;"CV""";Cap-Vert;34;"BR""";Br?sil;30/11/1971 14:40;13:20.0;30586;64256.277
4004;P K M Packaging Supply;224  Highwood Ave.;6;"AD""";Andorre;26;"BZ""";Belize;15/04/1996 10:20;20:00.0;41363;3168.698
4005;Perimeter Security Consultants;1715 Chicago Ave.;3;"AL""";Albanie;13;"AR""";Argentine;19/08/2000 11:53;00:00.0;39586;35603.215
4006;Glassman & Stone;1077 Court Ave.;29;"BY""";Bi?lorussie;13;"AR""";Argentine;28/12/1974 01:48;53:20.0;51172;28625.992
4007;Acturial Enterprises Ltd.;1077 Court Ave.;26;"BZ""";Belize;20;"BS""";Bahamas;15/09/1982 18:47;28:16.0;57024;26287.334
4008;Arthur M. Feildberg Galleries;2632 Prarie Ln.;10;"AG""";Antigua-et-Barbuda;26;"BZ""";Belize;21/01/1996 12:28;33:20.0;6944;71364.94
4009;Kermit the Pet Shop;1220 Heather Lane;4;"DZ""";Alg?rie;5;"DE""";Allemagne;07/09/2001 06:22;13:20.0;25148;97486.47
4010;Kermit the Pet Shop;3487 Green Bay Rd.;4;"DZ""";Alg?rie;13;"AR""";Argentine;21/02/1972 06:00;13:20.0;57356;9912.519
4011;Rythmics Ltd.;210 Cresant Rd.;9;"AQ""";Antarctique;43;"CV""";Cap-Vert;17/01/1970 04:53;41:36.0;69264;97130.19
4012;Myers Chocolates and Confectio;218 Oakridge Ave.;16;"AU""";Australie;43;"CV""";Cap-Vert;23/11/2000 01:20;01:36.0;69030;38750.51
4013;Bako Delicatessen;2922 Twin Oaks Drive;31;"BO""";Bolivie;6;"AD""";Andorre;21/10/2005 09:13;20:00.0;43036;76804.94
4014;Kosmo Consulting;245 Oakridge Ave.;8;"AI""";Anguilla;3;"AL""";Albanie;08/12/2006 17:47;06:40.0;5776;65900.35
4015;Smith Communications Inc.;812 North Ave.;18;"AZ""";Azerba?djan;29;"BY""";Bi?lorussie;07/10/2000 00:20;20:00.0;76383;60076.67
4016;DBN Bank;857 Woodbine Rd;37;"BF""";Burkina Faso;26;"BZ""";Belize;14/07/1990 04:48;13:20.0;93840;49733.777
4018;Morgan Construction Co;12 Craven Way;40;"KH""";Cambodge;4;"DZ""";Alg?rie;11/07/2001 02:48;08:16.0;30290;11270.767
4019;Gilbert Co.;4467 Sheridan Rd.;46;"CY""";Chypre;4;"DZ""";Alg?rie;07/05/1997 11:13;13:20.0;73824;29982.145
4020;Caranisco Homes;3344 Beachwood Ln.;1;"AF""";Afghanistan;9;"AQ""";Antarctique;12/08/2002 09:00;26:40.0;55762;22432.13
4021;Toggle & Myerson Ltd;425 Lake Ave.;33;"BW""";Botswana;16;"AU""";Australie;17/05/2007 12:07;40:00.0;1676;80768.44
4022;Perimeter Security Consultants;654 Walnut Rd.;47;"CO""";Colombie;31;"BO""";Bolivie;21/07/2003 10:08;06:40.0;81856;20028.31
4023;Michael Montgomery Hair Saloon;1860 Parkside Ln.;47;"CO""";Colombie;8;"AI""";Anguilla;19/07/1971 00:22;33:20.0;18240;70688.85
4024;Deer Lake Inn;886 Yale Lane;21;"BH""";Bahre?n;18;"AZ""";Azerba?djan;28/04/1997 05:00;33:20.0;75712;19064.217
4025;Marks, Marks, and Kaplan Ltd.;1101 Deerfield Place;13;"AR""";Argentine;37;"BF""";Burkina Faso;02/07/2000 02:35;00:00.0;93110;32900.03
4027;Pasifico Inc.;120 high St.;50;"KP""";Cor?e du Nord;40;"KH""";Cambodge;18/09/1989 06:33;33:20.0;44314;35965.355
4028;Innman Paint and Glass;139 Bay Colony Dr.;49;"CG""";Congo;46;"CY""";Chypre;15/10/2006 00:08;13:20.0;73756;86838.62
4029;Marcy Elaine Bakery;1234 Devonshire Court;20;"BS""";Bahamas;1;"AF""";Afghanistan;17/08/2000 21:00;41:36.0;20220;58560.78
4030;Deer Lake Inn;266 Green Bay Rd.;18;"AZ""";Azerba?djan;33;"BW""";Botswana;09/07/2006 00:07;01:36.0;32481;35392.566
4031;Acturial Enterprises Ltd.;1575 Oakwood Ave.;36;"BG""";Bulgarie;47;"CO""";Colombie;15/12/1977 09:48;00:00.0;67748;1737.1014
4032;American Apartments;3062 Lindenwood Ln.;33;"BW""";Botswana;47;"CO""";Colombie;16/06/1994 10:47;21:36.0;38728;51424.324
4033;Kermit the Pet Shop;12 Craven Way;49;"CG""";Congo;21;"BH""";Bahre?n;19/04/1978 09:48;13:20.0;39632;57936.21
4034;Lee Stairworks and Carpentry,;1547 Vine;5;"DE""";Allemagne;13;"AR""";Argentine;27/12/1985 02:53;33:20.0;66848;25730.494
4035;Dependable Plumbing and Sewer;3901 Chester Ave. Apt. 3C;21;"BH""";Bahre?n;19;"BJ""";B?nin;04/01/1977 21:07;53:20.0;21083;63554.89
4036;Happ Aluminum Siding Co.;750 Homewood Ave.;39;"CI""";C?te d'Ivoire;50;"KP""";Cor?e du Nord;22/01/1985 07:35;41:36.0;87750;36001.016
4037;Resnick DDS;3181 Barkwood Ct.;50;"KP""";Cor?e du Nord;49;"CG""";Congo;30/08/1983 15:00;13:20.0;22011;83135.24
4038;Camp Oconomowoc;581 Hill St. Apt. 234;47;"CO""";Colombie;20;"BS""";Bahamas;23/05/2000 10:33;26:40.0;70996;36012.73
4039;Flinn Mosquito and Pest Contro;2936 Arlington Ave.;45;"CN""";Chine;18;"AZ""";Azerba?djan;30/12/2002 16:55;53:20.0;43126;35505.977
4040;Doerner's Awnings and Canopies;1155 Ridgewood Drive;46;"CY""";Chypre;36;"BG""";Bulgarie;17/06/1992 17:53;53:20.0;41792;68665.45
4041;American Apartments;1550 Ridge Rd.;46;"CY""";Chypre;33;"BW""";Botswana;13/03/1978 01:20;40:00.0;22508;42355.0
4042;Childress Child Day Care;355 Golf Rd.;35;"BN""";Brunei;49;"CG""";Congo;29/11/1978 04:00;00:00.0;73840;29470.8
4043;Schnitzer Denist College;505 N. Frances St.;26;"BZ""";Belize;5;"DE""";Allemagne;20/12/2004 21:48;13:20.0;54758;47264.92
4044;North Park Lighting Galleries;854 Woodbine;48;"KM""";Comores;21;"BH""";Bahre?n;05/08/2005 19:42;40:00.0;66802;78907.95
4045;North Park Lighting Galleries;1660 Park Ave.;14;"AM""";Arm?nie;39;"CI""";C?te d'Ivoire;11/05/1987 20:33;41:36.0;96555;85913.87
4046;Park District Of America;618 Sheriden rd.;11;"AN""";Antilles n?erlandaises;50;"KP""";Cor?e du Nord;30/07/1987 08:08;28:16.0;26408;25840.273
4047;Morgan Construction Co;629 Kincaid Ave.;2;"ZA""";Afrique du Sud;47;"CO""";Colombie;11/08/1999 20:33;20:00.0;31952;27933.41
4048;Deer Lake Inn;12 Craven Way;2;"ZA""";Afrique du Sud;45;"CN""";Chine;09/06/1990 03:53;33:20.0;39335;43320.05
4049;Nirabi Auto Service;115 Pleasent Ave.;20;"BS""";Bahamas;46;"CY""";Chypre;02/07/1982 13:13;06:40.0;28489;15026.474
4050;Office Pro Supply Co.;788 Tennyson Ave.;16;"AU""";Australie;46;"CY""";Chypre;28/11/2000 11:08;40:00.0;73424;56720.105
4051;Chicagoland Cleaners;2148 Eastview Dr.;15;"AW""";Aruba;35;"BN""";Brunei;22/10/2001 12:07;54:56.0;93072;66215.734
4052;Tub's Furniture Store;614 green bay Rd.;16;"AU""";Australie;26;"BZ""";Belize;17/05/1980 09:27;54:56.0;59824;77200.47
4053;Highland Woods City Hall;12 Broadview Lane;45;"CN""";Chine;48;"KM""";Comores;05/04/1971 00:40;28:16.0;69343;67822.35
4054;Childress Child Day Care;1839 McCraren Rd.;1;"AF""";Afghanistan;14;"AM""";Arm?nie;04/02/1990 10:28;00:00.0;16870;90430.63
4055;Deer Lake Inn;224  Highwood Ave.;23;"BB""";Barbade;11;"AN""";Antilles n?erlandaises;10/06/1982 04:22;13:20.0;83050;30118.266
4056;Park District Of America;4259 W. Lake Ave.;24;"PW""";Belau;2;"ZA""";Afrique du Sud;08/04/2005 17:47;46:40.0;30960;10750.973
4057;Lutz Soft Cloth Car Wash;242 Ashland Ave.;43;"CV""";Cap-Vert;2;"ZA""";Afrique du Sud;24/07/1980 23:55;08:16.0;90890;30850.945
4058;Ebert Music Center;618 Sheriden rd.;35;"BN""";Brunei;20;"BS""";Bahamas;22/05/1975 04:07;08:16.0;81950;69966.18
4059;Portugal, Liddy, & Son Ltd.;3160 Summit Ave.;25;"BE""";Belgique;16;"AU""";Australie;25/05/1993 21:00;40:00.0;23410;43800.277
4060;Parkway Auto Body;54 Lakeview Terrace;49;"CG""";Congo;15;"AW""";Aruba;15/03/2000 03:33;34:56.0;85190;46924.508
4061;Camp Stuff;4763 Blackhawk Rd.;17;"AT""";Autriche;16;"AU""";Australie;20/12/1986 10:53;28:16.0;75138;55655.902
4062;Glenwood Credit Union;1920 Sunnyside Ave.;39;"CI""";C?te d'Ivoire;45;"CN""";Chine;25/10/2000 17:27;46:40.0;71484;67667.3
4063;Green Shoes Corp.;120 high St.;4;"DZ""";Alg?rie;1;"AF""";Afghanistan;25/06/1982 14:33;40:00.0;83470;27377.336
4064;North Shore Appliance Service;425 Lake Ave.;15;"AW""";Aruba;23;"BB""";Barbade;30/01/1994 03:20;00:00.0;4748;69396.8
4065;Toggle & Myerson Ltd;970 Vilas Circle;15;"AW""";Aruba;24;"PW""";Belau;22/06/2001 13:27;00:00.0;73472;97016.55
4066;Childress Child Day Care;844 Spruce St.;31;"BO""";Bolivie;43;"CV""";Cap-Vert;20/01/1986 17:48;21:36.0;85068;1568.487
4067;Kapp Camera and Video;1704 Ridgelee Rd;41;"CM""";Cameroun;35;"BN""";Brunei;11/08/1992 11:02;13:20.0;24367;38122.7
4068;Ampro Office Team Ltd.;1575 Oak Ave.  Apt. 2C;11;"AN""";Antilles n?erlandaises;25;"BE""";Belgique;12/07/1971 10:47;13:20.0;75325;73772.16
4069;AA Advertising;917 Fairview Ave.  Apt. 982;46;"CY""";Chypre;49;"CG""";Congo;10/07/1990 09:53;28:16.0;31875;71253.15
4070;Woodworks Co.;965 Marion Place Apt. 65C;12;"SA""";Arabie saoudite;17;"AT""";Autriche;18/02/1996 16:13;41:36.0;71562;30054.832
4071;Chands CPA;1009 marvel Way;31;"BO""";Bolivie;39;"CI""";C?te d'Ivoire;09/09/1994 17:15;13:20.0;90100;15112.467
4072;Marcy Elaine Bakery;425 Lake Ave.;7;"AO""";Angola;4;"DZ""";Alg?rie;19/12/2006 16:27;13:20.0;53124;43512.484
4073;Chicagoland Cleaners;77 Blackhawk Rd;15;"AW""";Aruba;15;"AW""";Aruba;07/12/2000 14:40;54:56.0;53302;4568.965
4074;Portugal, Liddy, & Son Ltd.;899 Harvard Ct;25;"BE""";Belgique;15;"AW""";Aruba;09/03/1977 03:48;06:40.0;19062;30592.97
4075;Green Bay Travel Services;1619 Judson Ave. Apt #34B;10;"AG""";Antigua-et-Barbuda;31;"BO""";Bolivie;17/11/1980 16:42;26:40.0;8408;25456.014
4076;Myles Building Consultants;45 South Deer Creek Drive;20;"BS""";Bahamas;41;"CM""";Cameroun;25/04/1989 10:33;26:40.0;80868;24516.693
4077;Perimeter Security Consultants;456 Groverland Ave.;31;"BO""";Bolivie;11;"AN""";Antilles n?erlandaises;25/07/1987 09:27;21:36.0;54860;85675.67
4078;Corbins, Rodriguez, & Savocchi;857 Woodbine Rd;32;"BA""";Bosnie-Herz?govine;46;"CY""";Chypre;15/05/1970 23:53;33:20.0;1037;74000.13
4079;Lake Shore Publishing;1920 Sunnyside Ave.;40;"KH""";Cambodge;12;"SA""";Arabie saoudite;14/01/1970 01:08;33:20.0;11852;39260.492
4080;Pete's Auto Repair;241 Callan Rd.;21;"BH""";Bahre?n;31;"BO""";Bolivie;03/12/1985 03:08;26:40.0;91066;32058.37
4081;North Shore Appliance Service;511 Maple Ave.  Apt. 1B;9;"AQ""";Antarctique;7;"AO""";Angola;02/06/2000 11:40;08:16.0;26047;57400.895
4082;Shaggy's Grooming Services;1220 Heather Lane;38;"BI""";Burundi;15;"AW""";Aruba;09/09/2000 13:15;20:00.0;38930;92173.28
4083;Gilbert Co.;512 Hill;14;"AM""";Arm?nie;25;"BE""";Belgique;22/08/2001 10:33;00:00.0;87552;60736.543
4084;Eva Galler Galleries Inc.;770 Exmoor Rd.;45;"CN""";Chine;10;"AG""";Antigua-et-Barbuda;18/02/1978 14:27;08:16.0;33660;80340.93
4085;Smith & Wesson Militia;581 Hill St. Apt. 234;3;"AL""";Albanie;20;"BS""";Bahamas;15/07/1970 23:02;06:40.0;81290;13941.503
4086;Auto Interior Carpeting Compan;1575 Oak Ave.  Apt. 2C;10;"AG""";Antigua-et-Barbuda;31;"BO""";Bolivie;18/10/1986 07:13;40:00.0;56415;8100.168
4087;Marks, Marks, and Kaplan Ltd.;2600 Winsor Mall;33;"BW""";Botswana;32;"BA""";Bosnie-Herz?govine;06/07/2003 15:00;13:20.0;69555;61645.816
4088;Flinn Mosquito and Pest Contro;224  Highwood Ave.;5;"DE""";Allemagne;40;"KH""";Cambodge;12/01/1982 23:48;20:00.0;22886;90382.04
4089;Eva Galler Galleries Inc.;231 Sheriden Rd.;44;"CL""";Chili;21;"BH""";Bahre?n;20/05/2000 01:27;26:40.0;82735;32800.945
4090;Crosstracks Car Wash;1575 Oakwood Ave.;48;"KM""";Comores;9;"AQ""";Antarctique;14/03/2005 02:28;34:56.0;47182;8240.643
4091;Derbin Contracting Services;1715 Chicago Ave.;48;"KM""";Comores;38;"BI""";Burundi;17/10/1998 05:53;00:00.0;74720;30762.502
4092;Nel Video Productions;1444 Chantilly Ln.;28;"BT""";Bhoutan;14;"AM""";Arm?nie;31/01/1989 05:22;40:00.0;49320;1700.0723
4093;Venturi Discount Drugs;654 Walnut Rd.;13;"AR""";Argentine;45;"CN""";Chine;13/03/1994 12:00;28:16.0;1032;72832.28
4094;Elle Hypnosis and Therapy Cent;600 Central Ave;25;"BE""";Belgique;3;"AL""";Albanie;22/04/1970 10:15;26:40.0;90528;46178.36
4095;Meonits & Mogogni Inc.;1550 Ridge Rd.;24;"PW""";Belau;10;"AG""";Antigua-et-Barbuda;31/03/2000 06:00;06:40.0;60284;20090.21
4096;Gourmet the Frog;3478 Bryn Mawr St.;43;"CV""";Cap-Vert;33;"BW""";Botswana;09/06/1989 21:28;33:20.0;21650;53696.617
4097;Derbin Contracting Services;201-C Frontage Rd.;46;"CY""";Chypre;5;"DE""";Allemagne;11/10/1970 03:27;34:56.0;14264;2440.723
4098;Bill's Dive Shop;5518 Madison St.;31;"BO""";Bolivie;44;"CL""";Chili;22/01/1997 02:27;20:00.0;59590;24768.574
4099;Toggle & Myerson Ltd;2267 Anderson Lane;4;"DZ""";Alg?rie;48;"KM""";Comores;09/01/1971 20:13;00:00.0;51220;66656.89
4100;Air Indonesia;628 Orwenstensia;8;"AI""";Anguilla;48;"KM""";Comores;30/07/1994 01:15;26:40.0;61871;83091.96
4101;Ebert Music Center;2678 Sheridan Rd.;44;"CL""";Chili;28;"BT""";Bhoutan;27/03/1970 04:27;13:20.0;48465;61647.46
4102;Woodworks Co.;231 Sheriden Rd.;45;"CN""";Chine;13;"AR""";Argentine;30/04/1986 00:07;08:16.0;81044;16088.002
4103;Glassman & Stone;12 Broadview Lane;31;"BO""";Bolivie;25;"BE""";Belgique;19/01/1993 07:08;06:40.0;66549;65416.527
4104;Cutter Lawn Mower Repair;54 Lakeview Terrace;35;"BN""";Brunei;24;"PW""";Belau;12/09/1989 19:15;33:20.0;85077;6155.944
4105;Smith Communications Inc.;242 Ashland Ave.;21;"BH""";Bahre?n;43;"CV""";Cap-Vert;03/06/2005 08:07;26:40.0;43916;30788.436
4106;Parties Galore Golf Course;35 Glenlake Dr.;21;"BH""";Bahre?n;46;"CY""";Chypre;05/10/2005 04:20;06:40.0;63152;46412.137
4107;Pete's Auto Repair;812 North Ave.;33;"BW""";Botswana;31;"BO""";Bolivie;16/08/2006 17:27;40:00.0;97970;78680.5
4108;Morton Roofing and Siding;1436 Waverly Rd.;9;"AQ""";Antarctique;4;"DZ""";Alg?rie;29/12/1983 15:33;20:00.0;42630;98850.67
4109;Meonits & Mogogni Inc.;225 Jeffrys Place;40;"KH""";Cambodge;8;"AI""";Anguilla;22/08/1996 16:22;21:36.0;83375;74442.58
4110;John G. Hartling Ltd.;628 Orwenstensia;11;"AN""";Antilles n?erlandaises;44;"CL""";Chili;30/04/1986 16:47;13:20.0;68340;89560.94
4111;Eva Galler Galleries Inc.;2644 Princeton Ln.;5;"DE""";Allemagne;45;"CN""";Chine;14/02/2001 11:07;34:56.0;26400;71633.016
4112;Michael Montgomery Hair Saloon;2922 Twin Oaks Drive;24;"PW""";Belau;31;"BO""";Bolivie;11/06/1974 06:20;06:40.0;32954;76866.41
4113;Masterlands Cleaning;433 Burton Ave.;5;"DE""";Allemagne;35;"BN""";Brunei;15/08/2006 01:00;54:56.0;44076;47111.21
4114;Auto Interior Carpeting Compan;1875 Roger Williams Ave.;26;"BZ""";Belize;21;"BH""";Bahre?n;14/11/1972 22:15;54:56.0;93610;15044.91
4115;Libra & Sons;673 Calais Drive;5;"DE""";Allemagne;21;"BH""";Bahre?n;27/06/1970 03:00;26:40.0;4345;30356.559
4116;Caranisco Homes;770 Exmoor Rd.;13;"AR""";Argentine;33;"BW""";Botswana;08/08/2006 21:02;06:40.0;90220;39392.277
4117;Nitelites Party Rental;1009 marvel Way;44;"CL""";Chili;9;"AQ""";Antarctique;19/08/2007 06:07;28:16.0;77478;6471.51
4118;Gordon & Son Brockerage Ltd.;313 Grove Ave.;1;"AF""";Afghanistan;40;"KH""";Cambodge;01/03/2005 02:00;46:40.0;80772;31455.59
4119;Keyth Contracting and Repair;241 Callan Rd.;45;"CN""";Chine;11;"AN""";Antilles n?erlandaises;25/09/1974 08:48;54:56.0;71509;90908.25
4120;North Park Lighting Galleries;770 Exmoor Rd.;47;"CO""";Colombie;5;"DE""";Allemagne;27/12/2002 14:40;34:56.0;83780;48070.066
4121;Nel Video Productions;4522 N. Greenview Apt. 1B;10;"AG""";Antigua-et-Barbuda;24;"PW""";Belau;28/03/1993 14:02;06:40.0;88362;73812.945
4122;Mergenthaler Inc.;14836 W. River Oaks Dr.;43;"CV""";Cap-Vert;5;"DE""";Allemagne;30/01/2004 08:40;14:56.0;72558;45664.805
4123;DBN Bank;1234 Devonshire Court;43;"CV""";Cap-Vert;26;"BZ""";Belize;06/05/1980 03:15;26:40.0;26139;54340.81
4124;Dependable Plumbing and Sewer;201-C Frontage Rd.;10;"AG""";Antigua-et-Barbuda;5;"DE""";Allemagne;19/02/2007 06:42;13:20.0;71248;96928.46
4125;Gilbert Co.;965 Marion Place Apt. 65C;6;"AD""";Andorre;13;"AR""";Argentine;02/04/1987 02:02;48:16.0;88530;14478.0625
4126;Got It All Electronics Supply;2479 Woodridge Drive;8;"AI""";Anguilla;44;"CL""";Chili;26/04/2001 19:20;26:40.0;93486;71672.836
4127;American Apartments;632 Florence Dr.;28;"BT""";Bhoutan;1;"AF""";Afghanistan;22/02/2000 19:33;54:56.0;92714;71352.95
4128;Pasifico Inc.;139 Bay Colony Dr.;48;"KM""";Comores;45;"CN""";Chine;08/07/1993 11:28;06:40.0;39530;82920.52
4129;Mergenthaler Inc.;669 Kikaid;20;"BS""";Bahamas;47;"CO""";Colombie;29/11/2004 22:28;40:00.0;3520;57242.64
4130;Nyman Interior Design;425 Lake Ave.;39;"CI""";C?te d'Ivoire;10;"AG""";Antigua-et-Barbuda;05/02/1990 23:20;33:20.0;70343;90820.6
4131;Ampro Office Team Ltd.;1660 Park Ave.;33;"BW""";Botswana;43;"CV""";Cap-Vert;12/10/1989 13:53;06:40.0;25476;44908.75
4132;Cutter Lawn Mower Repair;2632 Prarie Ln.;48;"KM""";Comores;43;"CV""";Cap-Vert;30/11/1986 02:00;46:40.0;77682;27855.785
4133;Loyal Order of Buffalo;456 Grossman Ln.;44;"CL""";Chili;10;"AG""";Antigua-et-Barbuda;22/04/2002 10:22;00:00.0;37742;16505.426
4134;Elle Hypnosis and Therapy Cent;1714 Clifton Rd.;42;"CA""";Canada;6;"AD""";Andorre;21/08/2004 15:53;14:56.0;91563;70026.41
4135;Crossroads Construction, Inc.;10 Marquette Rd.;23;"BB""";Barbade;8;"AI""";Anguilla;01/08/1996 12:47;33:20.0;96452;21455.766
4136;Gilbert Co.;1799 Rosemary Way;25;"BE""";Belgique;28;"BT""";Bhoutan;31/03/1992 07:35;13:20.0;5296;83328.73
4137;Nina's Snow Plowing;965 Marion Place Apt. 65C;17;"AT""";Autriche;48;"KM""";Comores;12/11/1994 17:07;28:16.0;86752;8880.6
4138;Air Guatamala;1337 Cavell Ave.;8;"AI""";Anguilla;20;"BS""";Bahamas;23/03/2001 12:00;13:20.0;23680;18720.541
4139;Ebert Music Center;970 Vilas Circle;44;"CL""";Chili;39;"CI""";C?te d'Ivoire;01/09/2005 10:35;08:16.0;93696;59812.99
4140;Innman Paint and Glass;368 Woodland Rd.;17;"AT""";Autriche;33;"BW""";Botswana;17/06/1992 06:47;21:36.0;97683;14752.734
4141;Bernhardt Ltd.;1633 McGovern place;44;"CL""";Chili;48;"KM""";Comores;31/08/2001 16:47;46:40.0;28806;7586.1875
4142;Bee Line Publishing;654 Walnut Rd.;23;"BB""";Barbade;44;"CL""";Chili;23/09/2006 22:07;20:00.0;92600;36963.914
4143;Cradle the Call;2644 Princeton Ln.;9;"AQ""";Antarctique;42;"CA""";Canada;19/04/2000 02:02;54:56.0;78312;14896.375
4144;Lennox Air Pollution Control;1714 Clifton Rd.;1;"AF""";Afghanistan;23;"BB""";Barbade;17/02/2000 19:22;06:40.0;54353;50164.723
4145;Jay's Cabinet Company;3062 Lindenwood Ln.;31;"BO""";Bolivie;25;"BE""";Belgique;02/11/2006 23:08;26:40.0;80929;32916.137
4146;Resnick DDS;1920 Sunnyside Ave.;30;"MM""";Birmanie;17;"AT""";Autriche;22/01/2001 05:08;06:40.0;96000;87188.56
4147;Johnson, Erico & Co CPA's;231 Sheriden Rd.;8;"AI""";Anguilla;8;"AI""";Anguilla;24/08/1980 11:13;53:20.0;59660;5490.112
4148;Got It All Electronics Supply;2479 Woodridge Drive;7;"AO""";Angola;44;"CL""";Chili;06/10/1989 07:53;33:20.0;83331;43520.445
4149;Car Suite Cleaners;367Bluebird Terr.;4;"DZ""";Alg?rie;17;"AT""";Autriche;25/04/1986 15:35;46:40.0;10950;53020.367
4150;AAA Daniels Antiques;241 Callan Rd.;12;"SA""";Arabie saoudite;44;"CL""";Chili;06/08/1990 08:22;00:00.0;11360;89120.32
4151;Childress Child Day Care;242 Ashland Ave.;50;"KP""";Cor?e du Nord;23;"BB""";Barbade;09/02/1983 08:28;34:56.0;29171;30298.797
4152;Elle Hypnosis and Therapy Cent;969 Saxony Drive;19;"BJ""";B?nin;9;"AQ""";Antarctique;19/12/1999 10:40;13:20.0;74112;34752.457
4153;Garfield Appliance Service;2045 St. johns Ave.;36;"BG""";Bulgarie;1;"AF""";Afghanistan;26/07/2000 07:00;13:20.0;39220;60555.355
4154;Air France;632 Roger Williams;41;"CM""";Cameroun;31;"BO""";Bolivie;18/06/2003 02:33;34:56.0;23944;69858.42
4155;MedicServe Medical Supply;1658 Second St.;28;"BT""";Bhoutan;30;"MM""";Birmanie;06/07/2006 16:33;21:36.0;69800;93428.73
4156;Marks, Marks, and Kaplan Ltd.;616 Cobblestone Cir.;24;"PW""";Belau;8;"AI""";Anguilla;12/01/1977 06:53;41:36.0;88965;998.8315
4157;Green Shoes Corp.;1704 Ridgelee Rd;43;"CV""";Cap-Vert;7;"AO""";Angola;12/03/2000 20:00;33:20.0;47147;95845.33
4158;Garfield Appliance Service;844 Spruce St.;35;"BN""";Brunei;4;"DZ""";Alg?rie;08/12/1994 04:13;53:20.0;89461;7325.1367
4159;Glenn Oaks Office Supplies;1245 Eastwood;36;"BG""";Bulgarie;12;"SA""";Arabie saoudite;17/07/1997 01:40;40:00.0;89594;39716.434
4160;Dean Barnett Furniture Repair;2922 Twin Oaks Drive;47;"CO""";Colombie;50;"KP""";Cor?e du Nord;08/02/2004 14:53;20:00.0;87812;82160.32
4161;Deer Lake Inn;1019 Deerfield Rd.;21;"BH""";Bahre?n;19;"BJ""";B?nin;06/12/1997 09:20;00:00.0;94310;65300.316
4162;Highland Lanes;4763 Blackhawk Rd.;14;"AM""";Arm?nie;36;"BG""";Bulgarie;07/05/2002 22:22;26:40.0;57514;81360.97
4163;Smith Communications Inc.;4467 Sheridan Rd.;31;"BO""";Bolivie;41;"CM""";Cameroun;24/09/2000 00:20;21:36.0;18639;6856.9775
4164;Car Suite Cleaners;1575 Oakwood Ave.;41;"CM""";Cameroun;28;"BT""";Bhoutan;26/05/1972 12:22;13:20.0;14338;71760.79
4165;Trapezoid Studios;224  Highwood Ave.;30;"MM""";Birmanie;24;"PW""";Belau;15/08/1986 23:02;48:16.0;9428;23926.602
4166;Gordon & Son Brockerage Ltd.;632 Roger Williams;25;"BE""";Belgique;43;"CV""";Cap-Vert;05/10/1980 14:20;14:56.0;32254;14224.153
4167;Auto Interior Carpeting Compan;4467 Sheridan Rd.;11;"AN""";Antilles n?erlandaises;35;"BN""";Brunei;16/01/1977 01:48;01:36.0;50767;67768.51
4168;Myers Chocolates and Confectio;852 Sumac Rd.;14;"AM""";Arm?nie;36;"BG""";Bulgarie;21/11/1996 07:07;06:40.0;31824;61318.03
4169;Venturi Discount Drugs;600 Central Ave.;2;"ZA""";Afrique du Sud;47;"CO""";Colombie;16/11/2001 05:33;33:20.0;30974;37798.137
4170;Crossroads Construction, Inc.;632 Florence Dr.;27;"BM""";Bermudes;21;"BH""";Bahre?n;02/02/1970 09:47;40:00.0;66264;24975.08
4171;Doerner's Awnings and Canopies;465 Stratford Rd.;17;"AT""";Autriche;14;"AM""";Arm?nie;17/05/2002 13:40;26:40.0;10129;65106.027
4172;North West Gas Co.;1077 Court Ave.;40;"KH""";Cambodge;31;"BO""";Bolivie;07/01/1972 19:20;26:40.0;37125;86803.0
4173;Bernhardt Ltd.;12 Fort Sheriden Ave.;9;"AQ""";Antarctique;41;"CM""";Cameroun;05/03/2007 13:07;00:00.0;85924;83932.88
4174;Hart Corporation;425 Lake Ave.;41;"CM""";Cameroun;30;"MM""";Birmanie;03/05/2002 16:20;14:56.0;10540;50472.96
4175;Lake Shore Beaches;4467 Sheridan Rd.;14;"AM""";Arm?nie;25;"BE""";Belgique;28/08/2005 16:20;00:00.0;47210;24475.803
4176;Air Mexico;1234 Devonshire Court;1;"AF""";Afghanistan;11;"AN""";Antilles n?erlandaises;05/10/1977 01:40;46:40.0;56012;16554.371
4177;Cutter Lawn Mower Repair;1704 Ridgelee Rd;29;"BY""";Bi?lorussie;14;"AM""";Arm?nie;23/10/1974 12:33;26:40.0;52976;21940.166
4178;Schnitzer Denist College;1912 Old Briar Lane #2;8;"AI""";Anguilla;2;"ZA""";Afrique du Sud;04/05/2004 11:42;40:00.0;15354;42440.113
4179;DBN Bank;2936 Arlington Ave.;41;"CM""";Cameroun;27;"BM""";Bermudes;30/09/1983 21:00;06:40.0;23920;88541.13
4180;Dean Grant Buick and Crysler;886 Yale Lane;49;"CG""";Congo;17;"AT""";Autriche;17/08/2000 18:47;33:20.0;11534;47124.414
4181;Esmarda Chemical Manufacturers;1770 first St.;27;"BM""";Bermudes;40;"KH""";Cambodge;05/04/1994 16:33;06:40.0;33704;89356.92
4182;Resnick DDS;1234 Devonshire Court;42;"CA""";Canada;9;"AQ""";Antarctique;21/06/1997 14:33;54:56.0;42986;54015.617
4183;George Lee Antiques;1535 Knollwood Drive;48;"KM""";Comores;41;"CM""";Cameroun;06/11/1993 15:33;20:00.0;9440;99520.08
4184;Esmarda Chemical Manufacturers;334 Lynn Terrace;12;"SA""";Arabie saoudite;14;"AM""";Arm?nie;22/07/1971 04:07;13:20.0;9912;84485.33
4185;Green Shoes Corp.;574 Chicago Ave.;17;"AT""";Autriche;1;"AF""";Afghanistan;20/05/1992 03:02;26:40.0;23330;38461.703
4186;Terrinni & Son Auto and Truck;355 Golf Rd.;4;"DZ""";Alg?rie;29;"BY""";Bi?lorussie;21/02/2000 15:47;13:20.0;69900;72884.89
4187;Hibop Heating and Air Conditio;1875 Roger Williams Ave.;35;"BN""";Brunei;8;"AI""";Anguilla;15/09/1993 03:27;53:20.0;59355;27477.977
4188;First National Bank of Ottowa;266 Green Bay Rd.;2;"ZA""";Afrique du Sud;41;"CM""";Cameroun;09/11/1985 04:53;46:40.0;46320;19724.6
4189;Meonits & Mogogni Inc.;1957 Huntington Ave.;36;"BG""";Bulgarie;49;"CG""";Congo;15/07/1974 07:00;46:40.0;88176;449.9488
4190;Arthur M. Feildberg Galleries;120 high St.;14;"AM""";Arm?nie;27;"BM""";Bermudes;17/10/1982 00:47;48:16.0;83512;35791.508
4191;First National Bank of Ottowa;970 Vilas Circle;41;"CM""";Cameroun;42;"CA""";Canada;26/05/1987 12:35;08:16.0;16269;24854.105
4192;New Dehli Auto Exchange;218 Oakridge Ave.;9;"AQ""";Antarctique;48;"KM""";Comores;26/06/1993 21:42;00:00.0;81098;51440.465
4193;AA Advertising;2632 Prarie Ln.;11;"AN""";Antilles n?erlandaises;12;"SA""";Arabie saoudite;30/12/2001 12:42;53:20.0;12380;71680.93
4194;Mergenthaler Inc.;3478 Bryn Mawr St.;14;"AM""";Arm?nie;17;"AT""";Autriche;18/03/1987 00:55;46:40.0;43890;75544.19
4195;Bill's Dive Shop;406 Trinity Ct.;15;"AW""";Aruba;4;"DZ""";Alg?rie;20/04/2005 04:22;26:40.0;55820;420.7896
4196;Gilbert Co.;1633 McGovern place;46;"CY""";Chypre;35;"BN""";Brunei;06/10/1990 09:00;26:40.0;67288;15396.432
4197;Rythmics Ltd.;872 Virginia Rd.;30;"MM""";Birmanie;2;"ZA""";Afrique du Sud;19/05/2006 14:33;13:20.0;24200;15721.098
4198;Peterson Roberts Carpentry;1912 Old Briar Lane #2;4;"DZ""";Alg?rie;36;"BG""";Bulgarie;20/05/2001 21:00;41:36.0;77136;32220.248
4199;MedicServe Medical Supply;225 Jeffrys Place;42;"CA""";Canada;14;"AM""";Arm?nie;18/05/1983 18:35;26:40.0;26928;5606.271
4200;AAA Daniels Antiques;3059 Priscilla Court;14;"AM""";Arm?nie;41;"CM""";Cameroun;13/04/2006 07:15;41:36.0;11500;67460.36
4201;Pete's Auto Repair;2505 Allison ct.;11;"AN""";Antilles n?erlandaises;9;"AQ""";Antarctique;27/01/1985 07:47;53:20.0;93765;14600.704
4202;Ebert Music Center;2510 Crain;42;"CA""";Canada;11;"AN""";Antilles n?erlandaises;19/03/2000 05:07;54:56.0;67204;92584.03
4203;Highland Woods City Hall;3181 Barkwood Ct.;5;"DE""";Allemagne;14;"AM""";Arm?nie;27/10/2007 07:42;40:00.0;40575;80387.28
4204;AA Advertising;1701 W. Mellody Rd.;34;"BR""";Br?sil;15;"AW""";Aruba;06/09/2006 04:22;33:20.0;18436;78380.625
4205;Hardee Woodwork Ltd.;1575 Oak Ave.  Apt. 2C;48;"KM""";Comores;46;"CY""";Chypre;03/10/2003 17:53;01:36.0;92122;68704.76
4206;First National Bank of Ottowa;937 Judson Ave.;24;"PW""";Belau;30;"MM""";Birmanie;05/06/2003 12:07;26:40.0;37244;56700.742
4207;AAA Daniels Antiques;839 Burton Ave;18;"AZ""";Azerba?djan;4;"DZ""";Alg?rie;04/09/1975 02:48;33:20.0;87500;49986.855
4208;Nel Video Productions;12 Skokie Valley Rd.;24;"PW""";Belau;42;"CA""";Canada;15/06/2003 13:02;41:36.0;20276;6220.7344
4209;Lambert & Locke Legal Services;175 beech St.;39;"CI""";C?te d'Ivoire;14;"AM""";Arm?nie;23/03/1972 00:53;26:40.0;11402;13545.375
4210;Ampro Office Team Ltd.;368 Woodland Rd.;17;"AT""";Autriche;11;"AN""";Antilles n?erlandaises;12/03/1970 22:02;06:40.0;84293;37315.844
4211;Glenn Oaks Office Supplies;1715 Chicago Ave.;48;"KM""";Comores;42;"CA""";Canada;13/03/2005 02:53;01:36.0;31816;28580.857
4212;Bee Line Publishing;628 Orwenstensia;29;"BY""";Bi?lorussie;5;"DE""";Allemagne;19/11/2005 02:28;54:56.0;85011;73774.375
4213;Highland Woods City Hall;2644 Princeton Ln.;45;"CN""";Chine;34;"BR""";Br?sil;23/01/2005 08:02;46:40.0;37008;69674.69
4214;Facelift Kitchen and Bath;1875 Roger Williams Ave.;24;"PW""";Belau;48;"KM""";Comores;10/06/2002 21:00;20:00.0;98720;29106.965
4215;Perimeter Security Consultants;241 Callan Rd.;35;"BN""";Brunei;24;"PW""";Belau;11/09/1971 09:55;46:40.0;87350;16256.445
4216;MedicServe Medical Supply;12 Craven Way;34;"BR""";Br?sil;18;"AZ""";Azerba?djan;08/02/1974 12:53;40:00.0;5089;34048.305
4217;BBQ Smith's Tex Mex;1907 S. Prospect Ave.;22;"BD""";Bangladesh;24;"PW""";Belau;01/07/2003 17:55;06:40.0;6382;13096.705
4218;Keyth Contracting and Repair;406 Trinity Ct.;12;"SA""";Arabie saoudite;39;"CI""";C?te d'Ivoire;26/02/1986 18:42;14:56.0;76000;98552.85
4219;Cosmo Skin Care Center;632 Florence Dr.;14;"AM""";Arm?nie;17;"AT""";Autriche;05/03/1977 16:28;20:00.0;25677;28576.697
4220;Air France;139 Bay Colony Dr.;27;"BM""";Bermudes;48;"KM""";Comores;08/09/1990 03:13;26:40.0;72060;38468.26
4221;Cutter Lawn Mower Repair;785 Highland place;31;"BO""";Bolivie;29;"BY""";Bi?lorussie;06/06/1980 09:15;26:40.0;68740;26904.89
4222;Nirabi Auto Service;1547 Vine;35;"BN""";Brunei;45;"CN""";Chine;22/05/1977 06:35;21:36.0;40684;94250.43
4223;Marks, Marks, and Kaplan Ltd.;2112 Ravine Drive;22;"BD""";Bangladesh;24;"PW""";Belau;23/03/1972 19:35;40:00.0;63321;22126.715
4224;Foy Aviation;115 Pleasent Ave.;28;"BT""";Bhoutan;35;"BN""";Brunei;07/05/2002 11:28;26:40.0;4648;37697.62
4225;Air France;3059 Priscilla Court;6;"AD""";Andorre;34;"BR""";Br?sil;03/08/1971 10:33;53:20.0;73016;85171.195
4226;janice Mann Accounting Service;1270 Linden Ave.;25;"BE""";Belgique;22;"BD""";Bangladesh;18/09/1978 21:53;14:56.0;40965;22672.885
4227;Terrinni & Son Auto and Truck;581 Hill St. Apt. 234;36;"BG""";Bulgarie;12;"SA""";Arabie saoudite;16/10/2001 00:33;53:20.0;38324;4120.507
4228;Crosstracks Car Wash;750 Homewood Ave.;15;"AW""";Aruba;14;"AM""";Arm?nie;19/09/1983 07:13;01:36.0;37300;66875.32
4229;Kapp Camera and Video;929 Brittany Ave.;34;"BR""";Br?sil;27;"BM""";Bermudes;25/01/2004 03:07;28:16.0;95655;50792.062
4230;Futoons Cartoons Emporium;1619 Judson Ave. Apt #34B;49;"CG""";Congo;31;"BO""";Bolivie;27/06/2005 20:20;21:36.0;85575;76120.0
4231;American Deli Workers Union;1633 McGovern place;48;"KM""";Comores;35;"BN""";Brunei;24/12/1994 20:13;40:00.0;12130;48504.367
4232;Corbins, Rodriguez, & Savocchi;1975 elmwood Circle;32;"BA""";Bosnie-Herz?govine;22;"BD""";Bangladesh;15/08/2006 04:35;46:40.0;36773;29420.527
4233;Lee Stairworks and Carpentry,;77 Blackhawk Rd;7;"AO""";Angola;28;"BT""";Bhoutan;02/02/1975 19:07;46:40.0;16220;10865.716
4234;Dapper's Antiques;1077 Court Ave.;35;"BN""";Brunei;6;"AD""";Andorre;09/11/1971 09:35;06:40.0;1848;56026.934
4235;Green Bay Travel Services;1019 Deerfield Rd.;17;"AT""";Autriche;25;"BE""";Belgique;30/06/1996 10:35;46:40.0;51916;896.3858
4236;Pasifico Inc.;1957 Huntington Ave.;44;"CL""";Chili;36;"BG""";Bulgarie;02/08/2002 17:42;28:16.0;92143;57902.035
4237;Jay's Cabinet Company;1859 Green Bay Rd.;23;"BB""";Barbade;15;"AW""";Aruba;21/08/1975 14:33;34:56.0;46705;62952.957
4238;Ebert Music Center;917 Fairview Ave.  Apt. 982;21;"BH""";Bahre?n;34;"BR""";Br?sil;06/08/2004 05:42;53:20.0;20298;96394.35
4239;Marcy Elaine Bakery;1450 Harding Ave.;36;"BG""";Bulgarie;49;"CG""";Congo;20/08/1977 05:40;00:00.0;69239;84468.625
4240;Crosstracks Car Wash;2267 Anderson Lane;9;"AQ""";Antarctique;48;"KM""";Comores;06/08/1975 13:27;54:56.0;91912;85664.18
4241;Hibop Heating and Air Conditio;600 Central Ave;19;"BJ""";B?nin;32;"BA""";Bosnie-Herz?govine;20/12/1989 12:27;33:20.0;14022;24674.295
4242;AAA Daniels Antiques;671 Blackstone Ave.;24;"PW""";Belau;7;"AO""";Angola;17/09/1990 00:22;13:20.0;28528;47620.484
4243;Bee Line Publishing;1912 Old Briar Lane #2;10;"AG""";Antigua-et-Barbuda;35;"BN""";Brunei;02/02/1983 18:53;48:16.0;73134;79252.664
4244;Gordon & Son Brockerage Ltd.;245 Oakridge Ave.;46;"CY""";Chypre;17;"AT""";Autriche;26/01/2002 10:00;06:40.0;27140;33700.402
4245;First National Bank of Ottowa;788 Tennyson Ave.;27;"BM""";Bermudes;44;"CL""";Chili;29/08/1994 23:40;20:00.0;12810;56385.16
4246;Glassman & Stone;600 Central Ave;21;"BH""";Bahre?n;23;"BB""";Barbade;23/01/2005 08:02;26:40.0;66887;41268.39
4247;Michael Montgomery Hair Saloon;1799 Rosemary Way;9;"AQ""";Antarctique;21;"BH""";Bahre?n;26/06/1996 04:33;40:00.0;24896;95175.11
4248;Glenn Oaks Office Supplies;3487 Green Bay Rd.;21;"BH""";Bahre?n;36;"BG""";Bulgarie;09/07/2001 23:02;13:20.0;78487;69300.3
4249;Green Bay Travel Services;917 Fairview Ave.  Apt. 982;7;"AO""";Angola;9;"AQ""";Antarctique;07/02/1994 22:27;00:00.0;12376;69684.81
4250;John G. Hartling Ltd.;3181 Barkwood Ct.;9;"AQ""";Antarctique;19;"BJ""";B?nin;16/07/1986 13:13;53:20.0;64108;69120.695
4251;Innman Paint and Glass;581 Hill St. Apt. 234;29;"BY""";Bi?lorussie;24;"PW""";Belau;31/03/2000 11:22;13:20.0;57842;21862.068
4252;Doerner's Awnings and Canopies;2870 Skokie Rd.;31;"BO""";Bolivie;10;"AG""";Antigua-et-Barbuda;25/01/1990 09:33;20:00.0;80216;35856.88
4253;K L Consulting;854 Woodbine;22;"BD""";Bangladesh;46;"CY""";Chypre;19/07/1983 02:48;06:40.0;86600;38084.207
4254;Kermit the Pet Shop;1752 Clinton Ave.;30;"MM""";Birmanie;27;"BM""";Bermudes;22/04/1985 06:40;40:00.0;24360;10391.246
4255;North Shore Appliance Service;969 Saxony Drive;36;"BG""";Bulgarie;21;"BH""";Bahre?n;21/07/2007 07:40;08:16.0;20000;55410.945
4256;Hardee Woodwork Ltd.;1704 Ridgelee Rd;14;"AM""";Arm?nie;9;"AQ""";Antarctique;06/05/1975 10:20;13:20.0;31532;9961.457
4257;Chands CPA;852 Sumac Rd.;27;"BM""";Bermudes;21;"BH""";Bahre?n;12/08/2006 13:27;00:00.0;29660;77356.98
4258;Schmidt Denists;21 Lakeview Terrace #2312;31;"BO""";Bolivie;7;"AO""";Angola;16/12/2003 12:42;14:56.0;88920;23900.78
4259;janice Mann Accounting Service;3059 Priscilla Court;9;"AQ""";Antarctique;9;"AQ""";Antarctique;01/12/1997 18:13;41:36.0;11970;24131.527
4260;Parkway Auto Body;1701 W. Mellody Rd.;33;"BW""";Botswana;29;"BY""";Bi?lorussie;26/03/1972 12:13;28:16.0;31970;50419.66
4261;Johnson, Erico & Co CPA's;1185 County line Rd.;25;"BE""";Belgique;31;"BO""";Bolivie;21/10/2007 12:48;40:00.0;11500;29172.588
4262;Elm Place Business Supplies;854 Woodbine;2;"ZA""";Afrique du Sud;22;"BD""";Bangladesh;18/05/2006 00:35;40:00.0;34420;6835.5586
4263;Hilco Auto Body;726 White Oaks Ave.;26;"BZ""";Belize;30;"MM""";Birmanie;27/06/1972 14:33;53:20.0;29154;11584.2295
4264;Ampro Office Team Ltd.;1704 Ridgelee Rd;40;"KH""";Cambodge;36;"BG""";Bulgarie;08/05/2006 06:48;46:40.0;43226;22785.723
4265;AA Advertising;1101 Deerfield Place;24;"PW""";Belau;14;"AM""";Arm?nie;13/10/2001 17:00;08:16.0;40400;80630.52
4266;Transformation Enterprises;224  Highwood Ave.;15;"AW""";Aruba;27;"BM""";Bermudes;21/11/2000 12:28;54:56.0;63291;7048.229
4267;Marcy Elaine Bakery;1077 Court Ave.;22;"BD""";Bangladesh;31;"BO""";Bolivie;06/08/2005 23:28;00:00.0;66705;55948.727
4268;Air Indonesia;2510 Crain;21;"BH""";Bahre?n;9;"AQ""";Antarctique;08/10/1983 23:27;01:36.0;83749;93600.48
4269;Nirabi Auto Service;1831 Beverly Place #9D;6;"AD""";Andorre;33;"BW""";Botswana;19/07/1978 02:33;00:00.0;18495;20108.545
4270;Mail Boxes Et. Al.;21 Lakeview Terrace #2312;35;"BN""";Brunei;25;"BE""";Belgique;29/09/2000 19:13;08:16.0;98688;24532.574
4271;Kosmo Consulting;115 Pleasent Ave.;35;"BN""";Brunei;2;"ZA""";Afrique du Sud;08/05/1989 04:07;08:16.0;78582;23208.408
4272;Gordon & Son Brockerage Ltd.;1019 Deerfield Rd.;4;"DZ""";Alg?rie;26;"BZ""";Belize;04/12/1982 05:22;41:36.0;49938;71935.96
4273;Nitelites Party Rental;2922 Twin Oaks Drive;15;"AW""";Aruba;40;"KH""";Cambodge;07/02/1972 16:15;13:20.0;71500;99408.49
4274;Car Suite Cleaners;1065 Hillcrest Circle;39;"CI""";C?te d'Ivoire;24;"PW""";Belau;27/12/2003 23:22;06:40.0;2825;63464.043
4275;Johnson, Erico & Co CPA's;1486 Old Deerfield Rd.;10;"AG""";Antigua-et-Barbuda;15;"AW""";Aruba;20/12/1989 12:27;28:16.0;8627;22030.836
4276;Innman Paint and Glass;1482 Concorde Circle;17;"AT""";Autriche;22;"BD""";Bangladesh;15/02/2006 10:40;28:16.0;93760;13350.685
4277;Hibbard Road Suppliers;616 Cobblestone Cir.;6;"AD""";Andorre;21;"BH""";Bahre?n;12/08/1982 12:33;53:20.0;43232;51414.43
4278;Chicagoland Cleaners;59 Cordon Terr.;26;"BZ""";Belize;6;"AD""";Andorre;25/10/1994 16:47;33:20.0;87560;87200.88
4279;Nyman Interior Design;4763 Blackhawk Rd.;23;"BB""";Barbade;35;"BN""";Brunei;21/11/1996 07:07;46:40.0;72307;57920.227
4280;Smith Communications Inc.;115 Pleasent Ave.;12;"SA""";Arabie saoudite;35;"BN""";Brunei;29/07/1971 02:47;46:40.0;17572;93473.44
4281;Maintence Services of Maine;3148 cottonwood Ct.;6;"AD""";Andorre;4;"DZ""";Alg?rie;24/12/2001 17:48;26:40.0;48371;23690.275
4282;Lutz Soft Cloth Car Wash;456 Groverland Ave.;40;"KH""";Cambodge;15;"AW""";Aruba;01/02/1980 13:33;20:00.0;94326;51215.777
4283;Doll House Rock;750 Homewood Ave.;44;"CL""";Chili;39;"CI""";C?te d'Ivoire;08/05/2001 20:07;40:00.0;52377;50739.59
4284;Caranisco Homes;1859 Green Bay Rd.;38;"BI""";Burundi;10;"AG""";Antigua-et-Barbuda;08/09/2001 23:40;26:40.0;18860;87878.14
4285;Green Shoes Corp.;115 Pleasent Ave.;50;"KP""";Cor?e du Nord;17;"AT""";Autriche;13/11/1977 00:02;13:20.0;83190;3806.6921
4286;Air Indonesia;1975 elmwood Circle;16;"AU""";Australie;6;"AD""";Andorre;10/06/2004 15:55;00:00.0;22528;94014.27
4287;Elle Hypnosis and Therapy Cent;1550 Ridge Rd.;19;"BJ""";B?nin;26;"BZ""";Belize;11/06/2000 17:53;06:40.0;84372;50490.44
4288;Foy Aviation;671 Blackstone Ave.;23;"BB""";Barbade;23;"BB""";Barbade;18/08/2002 03:53;46:40.0;72003;72414.44
4289;Perimeter Security Consultants;616 Cobblestone Cir.;36;"BG""";Bulgarie;12;"SA""";Arabie saoudite;14/02/2001 01:07;26:40.0;80620;10388.441
4290;BBQ Smith's Tex Mex;1 Twin Oaks Place;3;"AL""";Albanie;6;"AD""";Andorre;20/04/2001 18:47;00:00.0;77440;42101.39
4291;Morton Roofing and Siding;654 Walnut Rd.;13;"AR""";Argentine;40;"KH""";Cambodge;12/08/1972 21:40;33:20.0;13110;33592.594
4292;North Park Lighting Galleries;77 Blackhawk Rd;46;"CY""";Chypre;44;"CL""";Chili;27/10/2007 07:42;33:20.0;77155;66531.43
4293;North Shore Appliance Service;21 Lakeview Terrace #2312;37;"BF""";Burkina Faso;38;"BI""";Burundi;31/03/1975 01:07;26:40.0;52121;25963.025
4294;Palmer Golf Supplies;865 Old Tall Tree Lane;30;"MM""";Birmanie;50;"KP""";Cor?e du Nord;23/01/1999 14:00;20:00.0;79088;58000.586
4295;MedicServe Medical Supply;4522 N. Greenview Apt. 1B;7;"AO""";Angola;16;"AU""";Australie;07/10/1992 04:08;20:00.0;79104;31728.828
4296;Lennox Air Pollution Control;574 Chicago Ave.;35;"BN""";Brunei;19;"BJ""";B?nin;19/12/1994 01:20;13:20.0;44290;29236.703
4297;Green Bay Travel Services;854 Woodbine;38;"BI""";Burundi;23;"BB""";Barbade;07/07/1986 07:00;46:40.0;61908;45777.2
4298;Masterlands Cleaning;35 Glenlake Dr.;36;"BG""";Bulgarie;36;"BG""";Bulgarie;21/06/1992 21:53;46:40.0;70618;25420.963
4300;Maintence Services of Maine;550 Sheridan;41;"CM""";Cameroun;13;"AR""";Argentine;02/11/1971 10:55;33:20.0;44850;45159.945
4301;Nirabi Auto Service;632 Roger Williams;23;"BB""";Barbade;46;"CY""";Chypre;02/07/1997 00:33;14:56.0;91380;29594.623
4302;Bee Line Publishing;1575 Oak Ave.  Apt. 2C;12;"SA""";Arabie saoudite;37;"BF""";Burkina Faso;19/02/1993 22:13;46:40.0;37457;83632.375
4303;Air Barbados;3059 Priscilla Court;35;"BN""";Brunei;30;"MM""";Birmanie;22/02/1980 00:28;34:56.0;65825;65105.176
4304;Deer Lake Inn;750 Homewood Ave.;50;"KP""";Cor?e du Nord;7;"AO""";Angola;27/12/1970 06:28;20:00.0;82641;68701.85
4305;Childress Child Day Care;1777 balsamic Ave.;32;"BA""";Bosnie-Herz?govine;35;"BN""";Brunei;04/06/1982 09:28;00:00.0;13932;11740.457
4306;Tub's Furniture Store;1750 Lily Court;7;"AO""";Angola;38;"BI""";Burundi;11/06/1992 23:00;26:40.0;22668;24944.512
4307;Nyman Interior Design;839 Burton Ave;40;"KH""";Cambodge;36;"BG""";Bulgarie;01/08/1990 17:15;53:20.0;70592;48257.89
4308;Gilbert Co.;355 Golf Rd.;33;"BW""";Botswana;10;"AG""";Antigua-et-Barbuda;06/11/2000 20:27;14:56.0;51785;33204.766
4309;Gourmet the Frog;2600 Winsor Mall;47;"CO""";Colombie;41;"CM""";Cameroun;18/04/1974 23:33;20:00.0;68960;27200.775
4310;Pasifico Inc.;14836 W. River Oaks Dr.;37;"BF""";Burkina Faso;23;"BB""";Barbade;23/10/2003 10:07;28:16.0;51472;98080.45
4311;Office Pro Supply Co.;201-C Frontage Rd.;33;"BW""";Botswana;12;"SA""";Arabie saoudite;22/05/2005 07:13;34:56.0;96000;38817.816
4312;Dapper's Antiques;643 De Temple Rd.;14;"AM""";Arm?nie;35;"BN""";Brunei;04/08/1977 17:27;53:20.0;21805;61512.344
4313;Elle Hypnosis and Therapy Cent;1660 Park Ave.;25;"BE""";Belgique;50;"KP""";Cor?e du Nord;19/06/1993 23:02;46:40.0;77632;32378.215
4314;North West Gas Co.;139 Bay Colony Dr.;4;"DZ""";Alg?rie;32;"BA""";Bosnie-Herz?govine;13/06/2006 16:35;33:20.0;10848;36495.945
4315;Morton Roofing and Siding;618 Sheriden rd.;21;"BH""";Bahre?n;7;"AO""";Angola;01/05/2004 12:47;54:56.0;76096;29810.145
4316;Meonits & Mogogni Inc.;662 Lyons Circle;25;"BE""";Belgique;40;"KH""";Cambodge;29/01/1972 10:02;40:00.0;71900;39303.863
4317;First National Bank of Ottowa;1575 Oakwood Ave.;47;"CO""";Colombie;33;"BW""";Botswana;05/12/1989 22:27;40:00.0;6656;60481.47
4318;Maintence Services of Maine;2510 Crain;25;"BE""";Belgique;47;"CO""";Colombie;29/05/1977 14:20;00:00.0;48772;87696.15
4319;Salt & Pepper Catering Service;54 Lakeview Terrace;45;"CN""";Chine;37;"BF""";Burkina Faso;15/07/2000 23:55;13:20.0;13165;8106.3325
4320;Lennox Air Pollution Control;1715 Chicago Ave.;35;"BN""";Brunei;33;"BW""";Botswana;09/12/2004 04:42;54:56.0;62840;69636.484
4321;Pasifico Inc.;1957 Huntington Ave.;44;"CL""";Chili;14;"AM""";Arm?nie;30/10/1987 21:22;20:00.0;81465;24715.812
4322;First National Bank of Ottowa;839 Burton Ave;16;"AU""";Australie;25;"BE""";Belgique;17/01/2003 10:40;33:20.0;35524;14888.622
4323;Vecot Inc.;1009 marvel Way;3;"AL""";Albanie;4;"DZ""";Alg?rie;28/09/1977 21:42;01:36.0;94142;61728.29
4324;Caranisco Homes;511 Maple Ave.  Apt. 1B;9;"AQ""";Antarctique;21;"BH""";Bahre?n;18/07/1986 20:47;33:20.0;60924;44908.883
4325;Morgan Construction Co;445 Park Ave.;37;"BF""";Burkina Faso;25;"BE""";Belgique;30/05/1987 20:07;06:40.0;93316;50800.26
4326;Hibbard Road Suppliers;465 Stratford Rd.;27;"BM""";Bermudes;47;"CO""";Colombie;10/05/1993 19:53;06:40.0;70548;97348.48
4327;Rythmics Ltd.;1233 Arbor Rd.;29;"BY""";Bi?lorussie;25;"BE""";Belgique;29/05/1997 11:00;33:20.0;33542;65216.773
4328;Smith & Wesson Militia;614 green bay Rd.;2;"ZA""";Afrique du Sud;45;"CN""";Chine;12/12/2002 13:33;20:00.0;60148;72740.19
4329;North Park Lighting Galleries;662 Lyons Circle;20;"BS""";Bahamas;35;"BN""";Brunei;13/11/2001 17:33;34:56.0;80427;11560.591
4330;Hilco Auto Body;224  Highwood Ave.;19;"BJ""";B?nin;44;"CL""";Chili;21/06/1989 20:20;13:20.0;31055;21954.93
4331;Happ Aluminum Siding Co.;3059 Priscilla Court;50;"KP""";Cor?e du Nord;16;"AU""";Australie;02/07/1987 05:53;48:16.0;87027;27216.29
4332;Gordon & Son Brockerage Ltd.;1009 marvel Way;21;"BH""";Bahre?n;3;"AL""";Albanie;27/12/2001 17:07;13:20.0;99565;70625.95
4333;Office Pro Supply Co.;220 Vine Ave.;3;"AL""";Albanie;9;"AQ""";Antarctique;14/01/2005 01:48;06:40.0;53902;16256.782
4334;Mergenthaler Inc.;302-A Crestwood Village Rd.;42;"CA""";Canada;37;"BF""";Burkina Faso;17/11/2000 15:20;00:00.0;75240;42454.867
4335;American Apartments;35 Glenlake Dr.;27;"BM""";Bermudes;27;"BM""";Bermudes;22/11/2004 19:33;20:00.0;10975;95901.69
4336;Ebert Music Center;2600 Winsor Mall;30;"MM""";Birmanie;29;"BY""";Bi?lorussie;18/10/2004 07:02;14:56.0;88516;40414.938
4337;Air India;3344 Beachwood Ln.;2;"ZA""";Afrique du Sud;2;"ZA""";Afrique du Sud;31/12/2001 16:28;06:40.0;67828;68610.04
4338;Kapp Camera and Video;1839 McCraren Rd.;48;"KM""";Comores;20;"BS""";Bahamas;22/03/1975 06:00;06:40.0;31816;22775.607
4339;Gordon & Son Brockerage Ltd.;614 green bay Rd.;25;"BE""";Belgique;19;"BJ""";B?nin;26/12/1992 08:53;46:40.0;79995;36926.5
4340;First National Bank of Ottowa;872 Virginia Rd.;47;"CO""";Colombie;50;"KP""";Cor?e du Nord;09/10/1974 15:13;40:00.0;69448;14382.968
4341;Kermit the Pet Shop;355 Golf Rd.;2;"ZA""";Afrique du Sud;21;"BH""";Bahre?n;14/12/1971 23:07;33:20.0;99322;37920.754
4342;Masterlands Cleaning;4259 W. Lake Ave.;11;"AN""";Antilles n?erlandaises;3;"AL""";Albanie;30/08/2001 20:33;33:20.0;36883;34151.145
4343;Woodworks Co.;1858 Balsam Way;2;"ZA""";Afrique du Sud;42;"CA""";Canada;07/12/1980 01:20;33:20.0;43021;31065.453
4344;Griffith Paving and Sealcoatin;1337 Cavell Ave.;17;"AT""";Autriche;27;"BM""";Bermudes;17/05/1982 17:13;54:56.0;17158;32328.328
4345;Pac Builders;3059 Priscilla Court;6;"AD""";Andorre;30;"MM""";Birmanie;17/12/2000 19:47;53:20.0;57376;91540.69
4346;Myles Building Consultants;3344 Beachwood Ln.;4;"DZ""";Alg?rie;2;"ZA""";Afrique du Sud;01/02/1990 08:13;21:36.0;73710;64288.57
4347;Quad City Cleaning;1701 W. Mellody Rd.;48;"KM""";Comores;48;"KM""";Comores;27/01/1970 22:28;28:16.0;28576;89423.266
4348;North West Gas Co.;310 Walker Ave.;9;"AQ""";Antarctique;25;"BE""";Belgique;02/02/1998 06:13;01:36.0;23894;11340.002
4349;Energy Source Diet Centers;115 Pleasent Ave.;19;"BJ""";B?nin;47;"CO""";Colombie;20/10/1994 05:28;34:56.0;99608;57920.223
4350;Funnyface Amusement Games;600 Central Ave;4;"DZ""";Alg?rie;2;"ZA""";Afrique du Sud;25/11/1975 15:07;13:20.0;81987;76740.73
4351;Smith & Wesson Militia;1535 Knollwood Drive;11;"AN""";Antilles n?erlandaises;11;"AN""";Antilles n?erlandaises;27/08/2005 00:47;06:40.0;89359;98945.66
4352;Gordon & Son Brockerage Ltd.;886 Yale Lane;37;"BF""";Burkina Faso;2;"ZA""";Afrique du Sud;05/02/1975 19:20;00:00.0;61834;28019.975
4353;Elm Place Business Supplies;1019 Deerfield Rd.;6;"AD""";Andorre;17;"AT""";Autriche;08/03/2000 12:28;06:40.0;2996;39080.35
4354;Glenn Oaks Office Supplies;266 Green Bay Rd.;2;"ZA""";Afrique du Sud;6;"AD""";Andorre;14/10/1987 09:53;53:20.0;24346;19056.578
4355;Lake Shore Beaches;3148 cottonwood Ct.;9;"AQ""";Antarctique;4;"DZ""";Alg?rie;04/06/1993 14:20;53:20.0;81822;72800.68
4356;Perimeter Security Consultants;917 Fairview Ave.  Apt. 982;14;"AM""";Arm?nie;48;"KM""";Comores;25/05/2001 12:07;14:56.0;66729;95920.84
4357;Lidhal design Corp.;3160 Summit Ave.;28;"BT""";Bhoutan;9;"AQ""";Antarctique;14/01/1992 03:33;54:56.0;1479;98120.086
4358;Lennox Air Pollution Control;35 Glenlake Dr.;6;"AD""";Andorre;19;"BJ""";B?nin;23/04/2005 07:47;34:56.0;32141;75832.93
4359;Glenn Oaks Office Supplies;334 Lynn Terrace;5;"DE""";Allemagne;4;"DZ""";Alg?rie;21/05/1990 15:27;26:40.0;47976;21058.645
4360;Vanity Town;2870 Skokie Rd.;43;"CV""";Cap-Vert;11;"AN""";Antilles n?erlandaises;24/10/1997 14:33;48:16.0;3535;58449.65
4361;Toggle & Myerson Ltd;785 Highland place;25;"BE""";Belgique;37;"BF""";Burkina Faso;05/02/1977 03:07;20:00.0;75519;45646.406
4362;Masterlands Cleaning;4522 N. Greenview Apt. 1B;4;"DZ""";Alg?rie;6;"AD""";Andorre;09/11/1974 11:08;48:16.0;67362;53560.02
4363;Smith & Wesson Militia;1915 Lewis Ln.  Apt 13;50;"KP""";Cor?e du Nord;2;"ZA""";Afrique du Sud;03/05/2000 23:00;34:56.0;21706;16664.568
4364;Bako Delicatessen;1715 Chicago Ave.;42;"CA""";Canada;9;"AQ""";Antarctique;26/07/2000 09:27;41:36.0;57944;82344.58
4365;Pac Builders;12 Broadview Lane;7;"AO""";Angola;14;"AM""";Arm?nie;10/11/2000 16:40;41:36.0;26600;940.9984
4366;Innman Paint and Glass;2644 Princeton Ln.;16;"AU""";Australie;28;"BT""";Bhoutan;13/05/1978 10:33;26:40.0;17300;34090.555
4367;Toggle & Myerson Ltd;231 Sheriden Rd.;32;"BA""";Bosnie-Herz?govine;6;"AD""";Andorre;28/11/2001 23:07;53:20.0;5072;13206.646
4368;Kermit the Pet Shop;12 Fort Sheriden Ave.;29;"BY""";Bi?lorussie;5;"DE""";Allemagne;30/08/1977 04:33;26:40.0;86070;37652.66
4369;North Park Lighting Galleries;1679 McCraren;21;"BH""";Bahre?n;43;"CV""";Cap-Vert;25/03/1992 05:07;00:00.0;86232;69164.29
4370;Rythmics Ltd.;671 Blackstone Ave.;6;"AD""";Andorre;25;"BE""";Belgique;14/03/2006 13:07;20:00.0;29559;67215.3
4371;North West Gas Co.;1920 Sunnyside Ave.;7;"AO""";Angola;4;"DZ""";Alg?rie;27/05/1990 17:55;33:20.0;41024;98712.01
4372;Nyman Interior Design;1065 Hillcrest Circle;40;"KH""";Cambodge;50;"KP""";Cor?e du Nord;06/01/1975 00:27;00:00.0;53240;43850.664
4373;Yale Remins Temp Agency;1155 Ridgewood Drive;19;"BJ""";B?nin;42;"CA""";Canada;05/05/2006 16:07;53:20.0;35104;89500.484
4374;Lennox Air Pollution Control;628 Orwenstensia;35;"BN""";Brunei;7;"AO""";Angola;30/11/2002 06:53;01:36.0;82192;34945.113
4375;Chands CPA;302-A Crestwood Village Rd.;46;"CY""";Chypre;16;"AU""";Australie;05/05/1977 18:07;28:16.0;53746;62820.7
4376;Facelift Kitchen and Bath;1839 McCraren Rd.;1;"AF""";Afghanistan;32;"BA""";Bosnie-Herz?govine;24/04/1994 16:07;54:56.0;79320;45801.316
4377;Air Mexico;1859 Green Bay Rd.;37;"BF""";Burkina Faso;29;"BY""";Bi?lorussie;15/12/2006 16:27;13:20.0;52748;96035.2
4378;Ampro Office Team Ltd.;1233 Arbor Rd.;49;"CG""";Congo;21;"BH""";Bahre?n;13/02/1996 16:02;53:20.0;14410;43411.555
4379;Dean Barnett Furniture Repair;1660 Park Ave.;45;"CN""";Chine;6;"AD""";Andorre;09/04/1982 00:27;14:56.0;37694;58542.25
4380;Hibbard Road Suppliers;1858 Balsam Way;11;"AN""";Antilles n?erlandaises;7;"AO""";Angola;07/10/1978 17:55;41:36.0;91818;97911.445
4381;New Dehli Auto Exchange;511 Maple Ave.  Apt. 1B;26;"BZ""";Belize;40;"KH""";Cambodge;21/10/2002 03:28;34:56.0;28020;87170.13
4382;MedicServe Medical Supply;1077 Court Ave.;42;"CA""";Canada;19;"BJ""";B?nin;12/12/2006 05:07;40:00.0;43760;14248.703
4383;Lickmen Restoration;135 Lakewood place;18;"AZ""";Azerba?djan;35;"BN""";Brunei;25/11/1987 17:33;53:20.0;41434;45884.613
4384;Smith & Wesson Militia;2024 St.Johns Ave.;19;"BJ""";B?nin;46;"CY""";Chypre;27/11/1980 19:07;06:40.0;88708;48206.28
4385;Froggy's Gourmet Catering;1701 W. Mellody Rd.;7;"AO""";Angola;1;"AF""";Afghanistan;07/06/1985 03:40;26:40.0;87360;32960.785
4386;Nel Video Productions;1077 Court Ave.;37;"BF""";Burkina Faso;37;"BF""";Burkina Faso;10/07/1982 15:40;00:00.0;77984;70880.05
4387;Maintence Services of Maine;2600 Winsor Mall;11;"AN""";Antilles n?erlandaises;49;"CG""";Congo;25/01/1978 07:07;41:36.0;84480;23250.158
4388;Happ Aluminum Siding Co.;5518 Madison St.;33;"BW""";Botswana;45;"CN""";Chine;11/12/1977 03:47;40:00.0;91708;99920.16
4389;New Dehli Auto Exchange;45 South Deer Creek Drive;34;"BR""";Br?sil;11;"AN""";Antilles n?erlandaises;12/10/1972 02:07;06:40.0;44681;71751.734
4390;Resnick DDS;3385 University Ave.;4;"DZ""";Alg?rie;26;"BZ""";Belize;23/08/2000 13:40;33:20.0;66525;96045.445
4391;Arthur M. Feildberg Galleries;433 Burton Ave.;2;"ZA""";Afrique du Sud;42;"CA""";Canada;12/05/2001 21:40;33:20.0;26368;92361.22
4392;Smith Communications Inc.;433 Burton Ave.;31;"BO""";Bolivie;18;"AZ""";Azerba?djan;16/08/1993 12:20;28:16.0;64496;88524.04
4393;George Lee Antiques;1860 Parkside Ln.;39;"CI""";C?te d'Ivoire;19;"BJ""";B?nin;21/02/1989 01:22;20:00.0;62060;92318.8
4394;Dependable Plumbing and Sewer;616 Cobblestone Cir.;50;"KP""";Cor?e du Nord;7;"AO""";Angola;12/10/2001 02:07;06:40.0;16100;14752.777
4395;MedicServe Medical Supply;2224 Sherman Rd.;37;"BF""";Burkina Faso;37;"BF""";Burkina Faso;18/12/2005 21:47;13:20.0;17091;94704.46
4396;Hibbard Road Suppliers;1575 Oakwood Ave.;48;"KM""";Comores;11;"AN""";Antilles n?erlandaises;07/04/1982 04:00;20:00.0;98050;41692.145
4397;Pete's Auto Repair;1858 Balsam Way;42;"CA""";Canada;33;"BW""";Botswana;27/07/1993 09:00;06:40.0;18752;25458.201
4398;Glenwood Credit Union;2267 Anderson Lane;16;"AU""";Australie;34;"BR""";Br?sil;04/05/1974 20:22;20:00.0;19596;1072.7262
4399;Lidhal design Corp.;2632 Prarie Ln.;39;"CI""";C?te d'Ivoire;4;"DZ""";Alg?rie;22/12/1970 07:47;48:16.0;44651;50283.652
4400;First National Bank of Ottowa;3901 Chester Ave. Apt. 3C;46;"CY""";Chypre;2;"ZA""";Afrique du Sud;25/02/1986 14:55;41:36.0;34125;21264.666
4401;BBQ Smith's Tex Mex;929 Brittany Ave.;48;"KM""";Comores;31;"BO""";Bolivie;22/10/1972 01:00;00:00.0;40649;97788.87
4402;Bernhardt Ltd.;1444 Chantilly Ln.;45;"CN""";Chine;39;"CI""";C?te d'Ivoire;22/01/1998 20:13;13:20.0;21356;18516.744
4403;Keyth Contracting and Repair;1101 Deerfield Place;26;"BZ""";Belize;50;"KP""";Cor?e du Nord;22/03/1996 20:42;33:20.0;71688;37784.2
4404;Cutter Lawn Mower Repair;1633 McGovern place;18;"AZ""";Azerba?djan;37;"BF""";Burkina Faso;24/08/1985 11:28;53:20.0;58177;75872.24
4405;Energy Source Diet Centers;1777 balsamic Ave.;49;"CG""";Congo;48;"KM""";Comores;28/07/1985 01:53;01:36.0;84616;80300.29
4406;Innman Paint and Glass;1220 Heather Lane;28;"BT""";Bhoutan;42;"CA""";Canada;25/02/1993 08:02;26:40.0;67155;46685.484
4407;Lake Shore Beaches;1 Twin Oaks Place;2;"ZA""";Afrique du Sud;16;"AU""";Australie;10/10/1977 03:53;06:40.0;44546;74531.68
4408;Crossroads Construction, Inc.;2224 Sherman Rd.;17;"AT""";Autriche;39;"CI""";C?te d'Ivoire;27/11/1998 20:53;26:40.0;58118;6880.8887
4409;American Deli Workers Union;38976 Forest View Rd.;32;"BA""";Bosnie-Herz?govine;46;"CY""";Chypre;20/07/1971 13:13;34:56.0;57389;84318.54
4410;Lennox Air Pollution Control;1245 Eastwood;7;"AO""";Angola;48;"KM""";Comores;22/01/1993 10:53;48:16.0;73948;11568.851
4411;Block Boats and Lures;430 Oakland Drive;12;"SA""";Arabie saoudite;45;"CN""";Chine;31/03/1985 23:33;13:20.0;43586;41024.816
4412;Crossroads Construction, Inc.;1658 Second St.;33;"BW""";Botswana;26;"BZ""";Belize;08/03/1972 10:53;54:56.0;89939;48800.67
4413;Ernie's Foriegn Car Service;45 South Deer Creek Drive;49;"CG""";Congo;18;"AZ""";Azerba?djan;12/08/1977 10:48;33:20.0;24872;58092.22
4414;Lutz Soft Cloth Car Wash;1486 Oakwood;34;"BR""";Br?sil;49;"CG""";Congo;19/11/2000 22:53;20:00.0;92432;36750.406
4415;Block Boats and Lures;1287 Glencoe Ave.;17;"AT""";Autriche;28;"BT""";Bhoutan;12/06/1992 15:40;41:36.0;56988;83767.58
4416;North West Gas Co.;618 Sheriden rd.;39;"CI""";C?te d'Ivoire;2;"ZA""";Afrique du Sud;31/05/1974 20:20;53:20.0;4346;3020.609
4417;Innman Paint and Glass;10 Marquette Rd.;37;"BF""";Burkina Faso;17;"AT""";Autriche;08/02/1989 16:53;26:40.0;71852;6048.181
4418;Office Pro Supply Co.;465 Stratford Rd.;6;"AD""";Andorre;32;"BA""";Bosnie-Herz?govine;24/05/2006 23:15;53:20.0;52922;92272.11
4419;Marks, Marks, and Kaplan Ltd.;220 Vine Ave.;35;"BN""";Brunei;7;"AO""";Angola;07/03/1978 06:27;13:20.0;59118;15672.623
4420;Nina's Snow Plowing;1839 McCraren Rd.;40;"KH""";Cambodge;12;"SA""";Arabie saoudite;25/09/1993 13:27;01:36.0;61795;92236.35
4421;Dean Barnett Furniture Repair;1619 Judson Ave. Apt #34B;25;"BE""";Belgique;33;"BW""";Botswana;26/01/1997 17:33;13:20.0;85754;1920.3969
4422;Kosmo Consulting;201-C Frontage Rd.;6;"AD""";Andorre;49;"CG""";Congo;09/12/1990 07:22;53:20.0;18624;97320.52
4423;Percy Photography;3181 Barkwood Ct.;34;"BR""";Br?sil;34;"BR""";Br?sil;03/08/1993 18:47;14:56.0;48834;53360.918
4424;Lake Shore Beaches;1185 County line Rd.;38;"BI""";Burundi;17;"AT""";Autriche;31/08/1994 03:27;46:40.0;28700;91710.99
4425;Meonits & Mogogni Inc.;368 Woodland Rd.;17;"AT""";Autriche;39;"CI""";C?te d'Ivoire;27/04/1974 13:07;46:40.0;62480;53622.227
4426;Camp Oconomowoc;1839 McCraren Rd.;29;"BY""";Bi?lorussie;37;"BF""";Burkina Faso;23/11/1971 16:00;06:40.0;40980;33247.16
4427;Sigman and Freud Psychiatry;1660 Park Ave.;22;"BD""";Bangladesh;6;"AD""";Andorre;17/01/1989 08:02;41:36.0;4352;13542.997
4428;Schmidt Denists;313 Grove Ave.;29;"BY""";Bi?lorussie;35;"BN""";Brunei;29/11/1974 23:33;14:56.0;66265;3283.312
4429;Gourmet the Frog;2024 St.Johns Ave.;39;"CI""";C?te d'Ivoire;40;"KH""";Cambodge;16/11/1978 10:27;00:00.0;37280;5624.8716
4430;Smith & Wesson Militia;3344 Beachwood Ln.;46;"CY""";Chypre;25;"BE""";Belgique;06/10/1986 17:27;13:20.0;46691;95498.586
4431;Masterlands Cleaning;3901 Chester Ave. Apt. 3C;38;"BI""";Burundi;6;"AD""";Andorre;02/03/1983 13:33;53:20.0;62790;99490.664
4432;Happ Aluminum Siding Co.;1287 Glencoe Ave.;1;"AF""";Afghanistan;34;"BR""";Br?sil;22/02/2001 20:13;14:56.0;94770;72908.57
4433;Green Shoes Corp.;12 Broadview Lane;39;"CI""";C?te d'Ivoire;38;"BI""";Burundi;02/11/1989 08:53;28:16.0;92860;21750.688
4434;Mail Boxes Et. Al.;788 Tennyson Ave.;16;"AU""";Australie;17;"AT""";Autriche;22/01/1977 05:47;01:36.0;34168;80712.12
4435;Nirabi Auto Service;726 White Oaks Ave.;49;"CG""";Congo;29;"BY""";Bi?lorussie;02/08/1978 11:00;54:56.0;67442;83895.05
4436;Ebert Music Center;465 Stratford Rd.;31;"BO""";Bolivie;22;"BD""";Bangladesh;15/07/2005 23:42;00:00.0;85227;10960.755
4437;Derbin Contracting Services;12 Fort Sheriden Ave.;48;"KM""";Comores;29;"BY""";Bi?lorussie;12/03/1971 12:02;33:20.0;26895;80865.66
4438;Elm Place Business Supplies;1715 Chicago Ave.;13;"AR""";Argentine;39;"CI""";C?te d'Ivoire;20/01/1985 09:07;13:20.0;5489;3252.544
4439;Shaggy's Grooming Services;224  Highwood Ave.;47;"CO""";Colombie;46;"CY""";Chypre;24/01/2004 21:22;13:20.0;51000;91744.36
4440;Metro Appliance Service;1245 Eastwood;9;"AQ""";Antarctique;38;"BI""";Burundi;17/09/1997 13:40;46:40.0;57917;35382.0
4441;Jay's Cabinet Company;937 Judson Ave.;5;"DE""";Allemagne;1;"AF""";Afghanistan;16/10/2007 21:42;54:56.0;1685;65920.31
4442;Happ Aluminum Siding Co.;1752 Clinton Ave.;27;"BM""";Bermudes;39;"CI""";C?te d'Ivoire;31/08/2000 18:20;54:56.0;63644;46224.715
4443;Peterson Roberts Carpentry;5518 Madison St.;43;"CV""";Cap-Vert;16;"AU""";Australie;02/09/1980 17:27;13:20.0;35954;63438.73
4444;Air Mexico;1486 Oakwood;21;"BH""";Bahre?n;49;"CG""";Congo;17/07/1977 16:07;53:20.0;27625;46959.637
4445;Parties Galore Golf Course;456 Groverland Ave.;38;"BI""";Burundi;31;"BO""";Bolivie;01/06/2006 07:00;01:36.0;46000;35966.887
4446;Lee Stairworks and Carpentry,;3385 University Ave.;46;"CY""";Chypre;48;"KM""";Comores;16/01/1985 21:47;20:00.0;49655;39820.098
4447;Lennox Air Pollution Control;1126 Hillcrest Ave;48;"KM""";Comores;13;"AR""";Argentine;17/12/1980 00:13;06:40.0;51200;53296.03
4448;American Apartments;1337 Cavell Ave.;20;"BS""";Bahamas;47;"CO""";Colombie;20/02/1989 06:40;13:20.0;78632;50510.992
4449;Lee Stairworks and Carpentry,;629 Kincaid Ave.;35;"BN""";Brunei;9;"AQ""";Antarctique;08/09/2000 18:33;26:40.0;81300;87583.77
4450;Percy Photography;1185 County line Rd.;22;"BD""";Bangladesh;5;"DE""";Allemagne;17/10/1975 07:40;06:40.0;40000;53552.254
4451;Tub's Furniture Store;662 Lyons Circle;45;"CN""";Chine;27;"BM""";Bermudes;15/02/2006 10:40;06:40.0;48452;83896.625
4452;Eva Galler Galleries Inc.;643 De Temple Rd.;11;"AN""";Antilles n?erlandaises;43;"CV""";Cap-Vert;17/01/2006 10:55;14:56.0;22080;2701.3472
4453;PGS Associates;201-C Frontage Rd.;16;"AU""";Australie;21;"BH""";Bahre?n;25/12/1971 09:07;14:56.0;29560;9568.345
4454;Doll House Rock;406 Trinity Ct.;8;"AI""";Anguilla;38;"BI""";Burundi;19/08/2002 15:28;26:40.0;43127;45014.88
4455;Bako Delicatessen;1547 Knolwood Rd.;21;"BH""";Bahre?n;46;"CY""";Chypre;23/05/2001 21:13;00:00.0;58930;40382.797
4456;Flinn Mosquito and Pest Contro;3150 Skokie Valley Rd.;50;"KP""";Cor?e du Nord;48;"KM""";Comores;15/10/1997 08:20;13:20.0;4732;51783.367
4457;AAA Daniels Antiques;628 Orwenstensia;50;"KP""";Cor?e du Nord;20;"BS""";Bahamas;27/11/1996 02:00;13:20.0;88672;96363.914
4458;Corbins, Rodriguez, & Savocchi;2148 Eastview Dr.;25;"BE""";Belgique;35;"BN""";Brunei;01/12/1993 06:28;08:16.0;75385;77545.81
4459;Foy Aviation;5518 Madison St.;8;"AI""";Anguilla;22;"BD""";Bangladesh;20/09/1972 09:55;28:16.0;57096;86125.18
4460;Corbins, Rodriguez, & Savocchi;1550 Ridge Rd.;16;"AU""";Australie;45;"CN""";Chine;14/06/2002 08:20;33:20.0;82240;32400.793
4461;Jay's Cabinet Company;616 Cobblestone Cir.;48;"KM""";Comores;11;"AN""";Antilles n?erlandaises;30/08/2006 04:35;40:00.0;57824;52656.32
4462;American Deli Workers Union;1714 Clifton Rd.;16;"AU""";Australie;16;"AU""";Australie;08/09/1985 05:00;48:16.0;86964;86969.31
4463;Myles Building Consultants;3160 Summit Ave.;28;"BT""";Bhoutan;8;"AI""";Anguilla;08/09/1993 04:47;48:16.0;89010;43535.438
4464;Lennox Air Pollution Control;1859 Green Bay Rd.;46;"CY""";Chypre;21;"BH""";Bahre?n;13/05/2000 12:48;40:00.0;64120;51950.56
4465;Morgan Construction Co;266 Green Bay Rd.;40;"KH""";Cambodge;50;"KP""";Cor?e du Nord;10/04/2001 08:47;26:40.0;59650;37260.777
4466;Parties Galore Golf Course;3181 Barkwood Ct.;35;"BN""";Brunei;50;"KP""";Cor?e du Nord;31/03/2005 22:55;20:00.0;97766;55349.15
4467;Elm Place Business Supplies;445 Park Ave.;30;"MM""";Birmanie;25;"BE""";Belgique;14/11/1982 13:08;48:16.0;85206;84120.78
4468;Mergenthaler Inc.;807 Old Trail Rd.;36;"BG""";Bulgarie;8;"AI""";Anguilla;13/03/1990 20:27;06:40.0;86353;95672.84
4469;Camp Oconomowoc;865 Old Tall Tree Lane;8;"AI""";Anguilla;16;"AU""";Australie;21/10/1982 15:53;40:00.0;25455;29663.607
4470;Vanity Town;1233 Arbor Rd.;18;"AZ""";Azerba?djan;48;"KM""";Comores;04/08/1993 02:22;34:56.0;66545;23250.152
4471;Kermit the Pet Shop;600 Central Ave.;8;"AI""";Anguilla;16;"AU""";Australie;27/06/2000 08:33;20:00.0;56416;13388.305
4472;Cosmo Skin Care Center;310 Walker Ave.;49;"CG""";Congo;28;"BT""";Bhoutan;14/01/1975 02:53;06:40.0;86800;88868.54
4473;Portugal, Liddy, & Son Ltd.;4259 W. Lake Ave.;15;"AW""";Aruba;46;"CY""";Chypre;23/05/1999 23:53;20:00.0;50875;70786.766
4474;Childress Child Day Care;266 Green Bay Rd.;16;"AU""";Australie;40;"KH""";Cambodge;26/11/2001 15:33;40:00.0;92856;16480.02
4475;American Deli Workers Union;1065 Hillcrest Circle;30;"MM""";Birmanie;35;"BN""";Brunei;03/10/1992 09:13;40:00.0;94457;96850.625
4476;Peterson Roberts Carpentry;1701 W. Mellody Rd.;4;"DZ""";Alg?rie;30;"MM""";Birmanie;28/02/1993 19:22;08:16.0;46195;64144.19
4477;Dependable Plumbing and Sewer;1949 Cloverdale Rd.;23;"BB""";Barbade;36;"BG""";Bulgarie;29/06/1975 19:53;54:56.0;60001;44768.94
4478;Elm Place Business Supplies;1482 Concorde Circle;24;"PW""";Belau;8;"AI""";Anguilla;21/05/1992 06:48;40:00.0;1430;59196.465
4479;Hilco Auto Body;3160 Summit Ave.;14;"AM""";Arm?nie;18;"AZ""";Azerba?djan;13/02/2001 07:20;13:20.0;90300;66409.88
4480;Bee Line Publishing;969 Saxony Drive;1;"AF""";Afghanistan;8;"AI""";Anguilla;22/10/1982 03:00;53:20.0;90030;95255.53
4481;Lake Shore Publishing;12 Skokie Valley Rd.;4;"DZ""";Alg?rie;49;"CG""";Congo;06/12/2000 10:53;46:40.0;51584;26222.312
4482;Hardee Woodwork Ltd.;77 Blackhawk Rd;16;"AU""";Australie;15;"AW""";Aruba;07/03/1978 23:07;20:00.0;82000;83596.88
4483;American Apartments;2632 Prarie Ln.;2;"ZA""";Afrique du Sud;16;"AU""";Australie;30/10/1982 05:27;00:00.0;40950;39763.76
4484;Meonits & Mogogni Inc.;1882 St. Johns;15;"AW""";Aruba;30;"MM""";Birmanie;30/03/2006 06:27;48:16.0;4704;49308.223
4485;Michael Montgomery Hair Saloon;1185 County line Rd.;26;"BZ""";Belize;4;"DZ""";Alg?rie;05/07/2000 08:33;46:40.0;93750;76352.54
4486;Froggy's Gourmet Catering;1486 Oakwood;35;"BN""";Brunei;23;"BB""";Barbade;05/11/1972 16:02;40:00.0;86984;84247.0
4487;Keep Cool Air Conditioner Repa;456 Grossman Ln.;29;"BY""";Bi?lorussie;24;"PW""";Belau;09/11/2004 14:53;00:00.0;97685;63462.83
4488;Tub's Furniture Store;2112 Ravine Drive;30;"MM""";Birmanie;14;"AM""";Arm?nie;21/04/2007 15:55;26:40.0;6651;75194.42
4489;Myers Chocolates and Confectio;3385 University Ave.;39;"CI""";C?te d'Ivoire;1;"AF""";Afghanistan;28/10/2000 08:35;20:00.0;35152;93004.195
4490;Keep Cool Air Conditioner Repa;1839 McCraren Rd.;9;"AQ""";Antarctique;4;"DZ""";Alg?rie;17/08/1983 01:15;26:40.0;92964;92440.516
4491;Lidhal design Corp.;12 Broadview Lane;15;"AW""";Aruba;16;"AU""";Australie;26/10/2004 18:33;01:36.0;39244;27596.604
4492;Facelift Kitchen and Bath;1547 Knolwood Rd.;41;"CM""";Cameroun;2;"ZA""";Afrique du Sud;06/10/2002 02:22;08:16.0;26203;79742.914
4493;Highland Heights Gift Shop;1575 Oak Ave.  Apt. 2C;14;"AM""";Arm?nie;15;"AW""";Aruba;13/12/1978 01:20;20:00.0;67880;32489.092
4494;Camp Stuff;969 Saxony Drive;46;"CY""";Chypre;26;"BZ""";Belize;16/07/1993 13:55;41:36.0;11528;91756.94
4495;Lidhal design Corp.;218 Oakridge Ave.;49;"CG""";Congo;35;"BN""";Brunei;16/03/1994 14:15;06:40.0;77005;51140.434
4496;Arthur M. Feildberg Galleries;1715 Chicago Ave.;35;"BN""";Brunei;29;"BY""";Bi?lorussie;04/01/2000 10:40;54:56.0;15556;25545.32
4497;Salt & Pepper Catering Service;1949 Cloverdale Rd.;45;"CN""";Chine;30;"MM""";Birmanie;23/04/1998 03:53;08:16.0;69685;99330.64
4498;Elle Hypnosis and Therapy Cent;242 Ashland Ave.;1;"AF""";Afghanistan;39;"CI""";C?te d'Ivoire;17/09/2000 15:13;53:20.0;17141;19448.99
4499;Johnson, Erico & Co CPA's;54 Lakeview Terrace;14;"AM""";Arm?nie;9;"AQ""";Antarctique;11/10/2001 09:27;53:20.0;95544;29200.516
4500;Dean Barnett Furniture Repair;3487 Green Bay Rd.;49;"CG""";Congo;15;"AW""";Aruba;09/05/1980 14:35;00:00.0;11482;30176.75
4501;Mac Computer Warehouse;1907 S. Prospect Ave.;29;"BY""";Bi?lorussie;41;"CM""";Cameroun;03/11/1996 13:22;34:56.0;95478;15799.258
4502;Got It All Electronics Supply;1777 balsamic Ave.;36;"BG""";Bulgarie;14;"AM""";Arm?nie;28/04/1987 17:55;53:20.0;96118;20205.033
4503;Trapezoid Studios;2644 Princeton Ln.;36;"BG""";Bulgarie;46;"CY""";Chypre;05/10/2001 10:07;53:20.0;58714;62979.082
4504;janice Mann Accounting Service;3148 cottonwood Ct.;7;"AO""";Angola;49;"CG""";Congo;08/12/2001 12:00;40:00.0;48956;7132.416
4505;Pac Builders;2224 Sherman Rd.;10;"AG""";Antigua-et-Barbuda;35;"BN""";Brunei;21/09/1987 06:20;06:40.0;45312;22804.262
4506;Portugal, Liddy, & Son Ltd.;632 Roger Williams;24;"PW""";Belau;45;"CN""";Chine;10/11/1997 22:13;40:00.0;54348;86062.35
4507;Mail Boxes Et. Al.;1287 Glencoe Ave.;12;"SA""";Arabie saoudite;1;"AF""";Afghanistan;12/07/2005 16:33;00:00.0;94925;33400.707
4508;Ampro Office Team Ltd.;1795 Lake Cook Rd.;23;"BB""";Barbade;14;"AM""";Arm?nie;29/03/1985 16:00;06:40.0;96816;21370.285
4509;Air Barbados;241 Callan Rd.;38;"BI""";Burundi;49;"CG""";Congo;14/12/2007 21:22;00:00.0;31662;276.1483
4510;Esmarda Chemical Manufacturers;1799 Rosemary Way;37;"BF""";Burkina Faso;29;"BY""";Bi?lorussie;23/10/2003 01:02;46:40.0;9324;73000.58
4511;Meonits & Mogogni Inc.;1875 Roger Williams Ave.;21;"BH""";Bahre?n;36;"BG""";Bulgarie;15/12/1971 06:42;20:00.0;35572;88645.27
4512;Cutter Lawn Mower Repair;1547 Vine;25;"BE""";Belgique;36;"BG""";Bulgarie;08/06/2001 12:33;14:56.0;13953;85193.26
4513;Jay's Cabinet Company;770 Exmoor Rd.;26;"BZ""";Belize;7;"AO""";Angola;21/05/1983 22:20;53:20.0;13796;97700.4
4514;AAA Daniels Antiques;1450 Harding Ave.;32;"BA""";Bosnie-Herz?govine;10;"AG""";Antigua-et-Barbuda;12/04/2004 06:40;54:56.0;24994;98165.055
4515;Chicagoland Cleaners;201-C Frontage Rd.;49;"CG""";Congo;24;"PW""";Belau;15/03/1985 02:00;08:16.0;62472;98850.984
4516;Mergenthaler Inc.;3478 Bryn Mawr St.;26;"BZ""";Belize;12;"SA""";Arabie saoudite;23/10/1972 04:47;41:36.0;3590;84465.125
4517;Nitelites Party Rental;917 Fairview Ave.  Apt. 982;17;"AT""";Autriche;23;"BB""";Barbade;29/07/1992 09:53;20:00.0;38268;55288.805
4518;Bill's Dive Shop;1619 Judson Ave. Apt #34B;4;"DZ""";Alg?rie;38;"BI""";Burundi;29/11/1971 01:48;13:20.0;10297;57533.82
4519;Hoffman Printing Center;231 Sheriden Rd.;29;"BY""";Bi?lorussie;37;"BF""";Burkina Faso;09/05/2001 07:13;14:56.0;82260;59015.26
4520;Glenwood Credit Union;1482 Concorde Circle;37;"BF""";Burkina Faso;21;"BH""";Bahre?n;21/01/1975 18:13;13:20.0;86659;40127.35
4521;Michael Montgomery Hair Saloon;3181 Barkwood Ct.;35;"BN""";Brunei;25;"BE""";Belgique;03/10/1971 02:07;33:20.0;13275;72040.38
4522;Nyman Interior Design;430 Oakland Drive;5;"DE""";Allemagne;26;"BZ""";Belize;17/07/1972 06:47;01:36.0;23506;79036.49
4523;Pete's Auto Repair;266 Green Bay Rd.;20;"BS""";Bahamas;32;"BA""";Bosnie-Herz?govine;29/05/2000 17:42;46:40.0;95550;93291.086
4524;Air Guatamala;669 Kikaid;37;"BF""";Burkina Faso;49;"CG""";Congo;08/04/2006 16:08;00:00.0;33890;70698.336
4525;Froggy's Gourmet Catering;654 Walnut Rd.;10;"AG""";Antigua-et-Barbuda;26;"BZ""";Belize;11/11/1994 13:20;54:56.0;94996;4462.939
4526;Schnitzer Denist College;2032 Northbrook Ct.;44;"CL""";Chili;17;"AT""";Autriche;05/02/1998 17:33;46:40.0;76688;2468.607
4527;Michael Montgomery Hair Saloon;1547 Knolwood Rd.;41;"CM""";Cameroun;4;"DZ""";Alg?rie;15/03/1980 20:27;13:20.0;76168;22290.39
4528;Dean Barnett Furniture Repair;807 Old Trail Rd.;16;"AU""";Australie;29;"BY""";Bi?lorussie;24/04/1972 01:35;06:40.0;68233;54960.914
4529;Mergenthaler Inc.;1235 Easton Rd.;6;"AD""";Andorre;37;"BF""";Burkina Faso;16/03/2000 07:20;33:20.0;11302;30503.238
4530;Deer Lake Inn;1915 Lewis Ln.  Apt 13;38;"BI""";Burundi;35;"BN""";Brunei;20/12/1996 05:33;33:20.0;8540;4284.433
4531;Rythmics Ltd.;512 Hill;7;"AO""";Angola;5;"DE""";Allemagne;09/04/1974 08:15;20:00.0;34205;44480.375
4532;Morgan Construction Co;1550 Ridge Rd.;9;"AQ""";Antarctique;20;"BS""";Bahamas;14/05/1992 17:13;53:20.0;82608;35541.402
4533;Michael Montgomery Hair Saloon;1957 Huntington Ave.;31;"BO""";Bolivie;37;"BF""";Burkina Faso;14/01/1974 20:28;06:40.0;61820;93560.68
4534;Moveit Motercycle Service;1912 Old Briar Lane #2;50;"KP""";Cor?e du Nord;10;"AG""";Antigua-et-Barbuda;05/05/1992 11:00;41:36.0;74492;90000.06
4535;AA Advertising;4763 Blackhawk Rd.;21;"BH""";Bahre?n;44;"CL""";Chili;24/10/1985 12:07;01:36.0;75756;30824.633
4536;Acturial Enterprises Ltd.;4522 N. Greenview Apt. 1B;46;"CY""";Chypre;41;"CM""";Cameroun;12/01/2001 22:55;21:36.0;42302;89691.61
4537;Dependable Plumbing and Sewer;45 South Deer Creek Drive;42;"CA""";Canada;16;"AU""";Australie;31/07/2000 14:47;20:00.0;55200;27058.525
4538;Acme Chemical Supply;618 Sheriden rd.;23;"BB""";Barbade;6;"AD""";Andorre;07/12/1992 20:27;41:36.0;76357;31777.898
4539;PGS Associates;59 Cordon Terr.;15;"AW""";Aruba;38;"BI""";Burundi;24/12/1982 06:40;20:00.0;28253;15024.137
4540;Bako Delicatessen;1875 Roger Williams Ave.;10;"AG""";Antigua-et-Barbuda;7;"AO""";Angola;09/03/2000 06:13;33:20.0;14258;75620.79
4541;North West Gas Co.;313 Grove Ave.;6;"AD""";Andorre;9;"AQ""";Antarctique;11/07/1980 11:40;53:20.0;35480;3535.975
4542;AA Advertising;2045 St. johns Ave.;9;"AQ""";Antarctique;31;"BO""";Bolivie;25/10/1989 15:02;14:56.0;82688;21324.268
4543;Schmidt Denists;1701 W. Mellody Rd.;30;"MM""";Birmanie;50;"KP""";Cor?e du Nord;07/12/1970 06:40;46:40.0;79280;54808.797
4545;Meonits & Mogogni Inc.;139 Bay Colony Dr.;46;"CY""";Chypre;46;"CY""";Chypre;22/02/2002 00:53;13:20.0;87515;41536.3
4546;Arthur M. Feildberg Galleries;1752 Clinton Ave.;40;"KH""";Cambodge;42;"CA""";Canada;29/10/1989 10:27;28:16.0;81142;59697.55
4547;Crossroads Construction, Inc.;38976 Forest View Rd.;36;"BG""";Bulgarie;23;"BB""";Barbade;05/07/1971 03:02;54:56.0;54324;19028.13
4548;P K M Packaging Supply;225 Jeffrys Place;2;"ZA""";Afrique du Sud;15;"AW""";Aruba;05/02/2001 11:33;53:20.0;5952;25902.846
4549;Lennox Air Pollution Control;785 Highland place;12;"SA""";Arabie saoudite;10;"AG""";Antigua-et-Barbuda;12/01/1980 21:20;33:20.0;4980;16820.295
4550;Flinn Mosquito and Pest Contro;1858 Balsam Way;39;"CI""";C?te d'Ivoire;6;"AD""";Andorre;08/03/2006 19:20;13:20.0;26850;70150.9
4551;Pac Builders;662 Lyons Circle;2;"ZA""";Afrique du Sud;9;"AQ""";Antarctique;20/12/1992 14:00;08:16.0;297;93710.625
4552;Peterson Roberts Carpentry;1450 Harding Ave.;26;"BZ""";Belize;30;"MM""";Birmanie;05/08/1985 15:27;40:00.0;75196;10150.391
4553;Lee Stairworks and Carpentry,;1575 Oak Ave.  Apt. 2C;11;"AN""";Antilles n?erlandaises;27;"BM""";Bermudes;20/10/2002 10:35;46:40.0;73320;56960.62
4554;Energy Source Diet Centers;224  Highwood Ave.;30;"MM""";Birmanie;46;"CY""";Chypre;13/10/1977 15:13;06:40.0;88145;15177.321
4555;Portugal, Liddy, & Son Ltd.;433 Burton Ave.;37;"BF""";Burkina Faso;40;"KH""";Cambodge;15/11/1970 06:53;20:00.0;4059;87084.125
4556;Derbin Contracting Services;1831 Beverly Place #9D;1;"AF""";Afghanistan;36;"BG""";Bulgarie;26/08/1977 00:33;46:40.0;32726;32288.422
4557;Nel Video Productions;2148 Eastview Dr.;48;"KM""";Comores;2;"ZA""";Afrique du Sud;13/06/2001 14:48;21:36.0;1914;64592.363
4558;Michael Montgomery Hair Saloon;2024 St.Johns Ave.;49;"CG""";Congo;12;"SA""";Arabie saoudite;17/09/2004 10:07;21:36.0;64624;20016.693
4559;Glassman & Stone;632 Florence Dr.;30;"MM""";Birmanie;39;"CI""";C?te d'Ivoire;26/01/1993 05:48;34:56.0;63332;95440.69
4560;Flinn Mosquito and Pest Contro;785 Highland place;49;"CG""";Congo;2;"ZA""";Afrique du Sud;19/08/2004 22:47;40:00.0;39980;15375.956
4561;Percy Photography;643 De Temple Rd.;12;"SA""";Arabie saoudite;26;"BZ""";Belize;30/03/2000 09:48;28:16.0;46552;26468.232
4562;Tub's Furniture Store;600 Central Ave;28;"BT""";Bhoutan;11;"AN""";Antilles n?erlandaises;18/01/1970 08:40;33:20.0;13941;12868.173
4563;Peterson Roberts Carpentry;726 White Oaks Ave.;1;"AF""";Afghanistan;30;"MM""";Birmanie;16/02/1983 07:08;06:40.0;78850;46300.867
4564;Eva Galler Galleries Inc.;3487 Green Bay Rd.;7;"AO""";Angola;37;"BF""";Burkina Faso;04/12/1994 16:53;54:56.0;572;92116.45
4565;Green Shoes Corp.;970 Vilas Circle;18;"AZ""";Azerba?djan;1;"AF""";Afghanistan;29/08/2004 21:40;13:20.0;38078;13040.598
4566;Mac Computer Warehouse;1701 W. Mellody Rd.;41;"CM""";Cameroun;48;"KM""";Comores;17/02/1975 20:13;00:00.0;96872;4773.403
4567;Camp Stuff;367Bluebird Terr.;50;"KP""";Cor?e du Nord;49;"CG""";Congo;07/10/2001 01:00;00:00.0;74248;45938.832
4568;Palmer Golf Supplies;425 Lake Ave.;4;"DZ""";Alg?rie;30;"MM""";Birmanie;05/10/2001 03:27;00:00.0;39383;26112.227
4569;Keyth Contracting and Repair;135 Lakewood place;36;"BG""";Bulgarie;49;"CG""";Congo;22/01/1994 00:53;40:00.0;7996;12832.827
4570;Dapper's Antiques;770 Exmoor Rd.;22;"BD""";Bangladesh;12;"SA""";Arabie saoudite;03/09/1974 18:07;53:20.0;72303;556.3566
4571;Peterson Roberts Carpentry;1245 Eastwood;27;"BM""";Bermudes;28;"BT""";Bhoutan;20/10/2004 11:15;01:36.0;84530;52379.375
4572;Highland Lanes;1619 Judson Ave. Apt #34B;45;"CN""";Chine;1;"AF""";Afghanistan;25/05/1993 04:20;26:40.0;34912;31162.127
4574;Perimeter Security Consultants;3160 Summit Ave.;17;"AT""";Autriche;18;"AZ""";Azerba?djan;14/07/1975 09:53;48:16.0;47498;58366.758
4575;Bill's Dive Shop;1245 Eastwood;14;"AM""";Arm?nie;41;"CM""";Cameroun;13/12/2006 12:28;34:56.0;50031;45911.465
4576;Car Suite Cleaners;2510 Crain;15;"AW""";Aruba;50;"KP""";Cor?e du Nord;28/12/1980 14:00;48:16.0;68719;91168.4
4577;Palmer Golf Supplies;1949 Cloverdale Rd.;6;"AD""";Andorre;4;"DZ""";Alg?rie;24/01/2001 05:07;40:00.0;3536;32750.414
4578;Portugal, Liddy, & Son Ltd.;59 Cordon Terr.;17;"AT""";Autriche;36;"BG""";Bulgarie;30/05/2004 07:53;48:16.0;89905;95872.586
4579;Got It All Electronics Supply;1535 Knollwood Drive;7;"AO""";Angola;22;"BD""";Bangladesh;06/06/1994 11:53;48:16.0;54864;93915.195
4580;Griffith Paving and Sealcoatin;899 Harvard Ct;50;"KP""";Cor?e du Nord;27;"BM""";Bermudes;29/05/1972 23:42;26:40.0;41782;65801.0
4581;Ampro Office Team Ltd.;726 White Oaks Ave.;30;"MM""";Birmanie;45;"CN""";Chine;06/10/2000 06:22;48:16.0;9446;93930.766
4582;Morton Roofing and Siding;2936 Arlington Ave.;40;"KH""";Cambodge;47;"CO""";Colombie;13/06/1996 01:55;14:56.0;68850;26752.525
4583;Esmarda Chemical Manufacturers;511 Maple Ave.  Apt. 1B;47;"CO""";Colombie;17;"AT""";Autriche;12/03/2005 04:00;01:36.0;60152;45249.523
4584;North Shore Appliance Service;3062 Lindenwood Ln.;27;"BM""";Bermudes;14;"AM""";Arm?nie;21/02/1997 04:40;33:20.0;32800;59304.6
4585;Smith Communications Inc.;1287 Glencoe Ave.;42;"CA""";Canada;15;"AW""";Aruba;03/01/2001 19:07;53:20.0;94776;30967.795
4586;Yale Remins Temp Agency;465 Stratford Rd.;31;"BO""";Bolivie;6;"AD""";Andorre;12/08/1972 21:40;26:40.0;93012;32040.812
4587;Trapezoid Studios;218 Oakridge Ave.;2;"ZA""";Afrique du Sud;17;"AT""";Autriche;18/09/1989 06:33;08:16.0;24696;98392.47
4588;Sigman and Freud Psychiatry;2644 Princeton Ln.;9;"AQ""";Antarctique;7;"AO""";Angola;20/04/1987 15:28;20:00.0;82586;71140.58
4589;Elm Place Business Supplies;120 high St.;1;"AF""";Afghanistan;50;"KP""";Cor?e du Nord;06/02/1971 22:28;40:00.0;42942;56418.066
4590;Garfield Appliance Service;511 Maple Ave.  Apt. 1B;19;"BJ""";B?nin;30;"MM""";Birmanie;20/12/1982 10:15;26:40.0;89190;19525.998
4591;Shaggy's Grooming Services;201-C Frontage Rd.;33;"BW""";Botswana;40;"KH""";Cambodge;17/10/2004 09:00;06:40.0;55927;28583.348
4592;Cotton Thumb Ltd.;872 Virginia Rd.;15;"AW""";Aruba;47;"CO""";Colombie;23/04/1992 12:08;33:20.0;34383;82744.52
4593;Tub's Furniture Store;1633 McGovern place;29;"BY""";Bi?lorussie;27;"BM""";Bermudes;30/04/2004 09:00;20:00.0;33912;79752.32
4594;Cutter Lawn Mower Repair;2479 Woodridge Drive;15;"AW""";Aruba;42;"CA""";Canada;27/11/1972 15:48;33:20.0;87617;74824.23
4595;Griffith Paving and Sealcoatin;433 Burton Ave.;35;"BN""";Brunei;31;"BO""";Bolivie;01/10/2000 17:42;33:20.0;64953;54950.086
4596;Futoons Cartoons Emporium;406 Trinity Ct.;21;"BH""";Bahre?n;2;"ZA""";Afrique du Sud;04/02/1970 17:20;40:00.0;46439;14089.8
4597;North West Gas Co.;1619 Judson Ave. Apt #34B;37;"BF""";Burkina Faso;9;"AQ""";Antarctique;29/08/2005 08:20;26:40.0;30126;94550.47
4598;Air France;614 green bay Rd.;13;"AR""";Argentine;1;"AF""";Afghanistan;02/04/2000 21:08;40:00.0;7085;67548.25
4599;Air India;115 Judson Rd.;23;"BB""";Barbade;19;"BJ""";B?nin;11/11/2001 17:33;13:20.0;82023;20928.287
4600;janice Mann Accounting Service;3478 Bryn Mawr St.;31;"BO""";Bolivie;33;"BW""";Botswana;15/12/2001 07:07;48:16.0;39375;55426.914
4601;Smith Communications Inc.;38976 Forest View Rd.;29;"BY""";Bi?lorussie;15;"AW""";Aruba;27/03/2000 07:33;33:20.0;96800;54834.652
4602;Hardee Woodwork Ltd.;1750 Lily Court;50;"KP""";Cor?e du Nord;29;"BY""";Bi?lorussie;06/02/1983 17:20;00:00.0;75218;70410.13
4603;Sigman and Freud Psychiatry;1752 Clinton Ave.;46;"CY""";Chypre;15;"AW""";Aruba;02/10/2004 11:13;01:36.0;5332;51224.008
4604;New Dehli Auto Exchange;2267 Anderson Lane;25;"BE""";Belgique;35;"BN""";Brunei;20/04/1992 00:48;48:16.0;59130;54458.902
4605;Auto Interior Carpeting Compan;937 Judson Ave.;32;"BA""";Bosnie-Herz?govine;21;"BH""";Bahre?n;30/07/1983 16:35;53:20.0;17430;41004.523
4606;Lee Stairworks and Carpentry,;1660 Park Ave.;41;"CM""";Cameroun;37;"BF""";Burkina Faso;24/09/1970 13:28;08:16.0;73693;69814.59
4607;Lutz Soft Cloth Car Wash;3100 Trailer Way;10;"AG""";Antigua-et-Barbuda;13;"AR""";Argentine;17/09/2005 08:33;14:56.0;56576;2776.792
4608;Esmarda Chemical Manufacturers;1860 Parkside Ln.;23;"BB""";Barbade;23;"BB""";Barbade;02/10/1993 03:02;14:56.0;24443;94164.22
4609;Quad City Cleaning;2600 Winsor Mall;24;"PW""";Belau;31;"BO""";Bolivie;19/08/1987 20:33;00:00.0;78448;39392.527
4610;Vanity Town;1912 Old Briar Lane #2;3;"AL""";Albanie;29;"BY""";Bi?lorussie;28/06/2002 05:40;06:40.0;3680;36208.72
4611;Vanity Town;367Bluebird Terr.;40;"KH""";Cambodge;50;"KP""";Cor?e du Nord;23/12/1992 16:15;13:20.0;16855;67936.33
4612;Pivot Point College;406 Trinity Ct.;31;"BO""";Bolivie;46;"CY""";Chypre;03/11/1977 17:48;13:20.0;82256;33984.504
4613;Block Boats and Lures;4467 Sheridan Rd.;45;"CN""";Chine;25;"BE""";Belgique;24/08/2001 02:22;06:40.0;64928;71820.41
4614;Cotton Thumb Ltd.;2045 St. johns Ave.;45;"CN""";Chine;32;"BA""";Bosnie-Herz?govine;07/01/2004 18:27;40:00.0;24416;19685.45
4615;Lee Stairworks and Carpentry,;1235 Easton Rd.;7;"AO""";Angola;41;"CM""";Cameroun;26/03/2001 20:55;33:20.0;6332;39634.38
4617;Bako Delicatessen;1875 Roger Williams Ave.;32;"BA""";Bosnie-Herz?govine;23;"BB""";Barbade;31/08/1977 19:27;53:20.0;66548;72580.69
4618;Energy Source Diet Centers;2632 Prarie Ln.;13;"AR""";Argentine;24;"PW""";Belau;31/07/1971 10:20;13:20.0;26156;45055.66
4619;Glassman & Stone;266 Green Bay Rd.;15;"AW""";Aruba;3;"AL""";Albanie;11/09/1970 19:55;46:40.0;54776;77360.805
4620;Doll House Rock;1799 Rosemary Way;15;"AW""";Aruba;40;"KH""";Cambodge;30/11/2005 20:27;01:36.0;62855;70350.02
4621;Woodworks Co.;812 North Ave.;4;"DZ""";Alg?rie;31;"BO""";Bolivie;15/07/1980 17:42;26:40.0;50366;19294.344
4622;Got It All Electronics Supply;42 Valley Rd.;19;"BJ""";B?nin;45;"CN""";Chine;13/09/1970 08:47;20:00.0;62080;4492.532
4623;Hilco Auto Body;1 Twin Oaks Place;26;"BZ""";Belize;45;"CN""";Chine;05/09/1998 13:53;46:40.0;30110;20996.121
4624;Bill's Dive Shop;1954 First St.;5;"DE""";Allemagne;7;"AO""";Angola;16/08/2004 11:27;46:40.0;57430;45528.195
4625;Pete's Auto Repair;2032 Northbrook Ct.;3;"AL""";Albanie;22;"BD""";Bangladesh;22/01/2003 23:35;53:20.0;4028;96735.79
4626;PGS Associates;857 Woodbine Rd;41;"CM""";Cameroun;32;"BA""";Bosnie-Herz?govine;06/02/1977 18:00;21:36.0;67107;13000.697
4627;Kermit the Pet Shop;2510 Crain;1;"AF""";Afghanistan;13;"AR""";Argentine;02/06/2005 04:20;33:20.0;51652;24228.559
4628;Pivot Point College;42 Valley Rd.;43;"CV""";Cap-Vert;15;"AW""";Aruba;06/11/2003 09:33;13:20.0;38096;27738.254
4629;Johnson, Erico & Co CPA's;1859 Green Bay Rd.;33;"BW""";Botswana;15;"AW""";Aruba;29/12/1994 00:13;33:20.0;1522;92756.33
4630;Darcy Frame and Matting Servic;406 Trinity Ct.;39;"CI""";C?te d'Ivoire;4;"DZ""";Alg?rie;10/10/1985 14:47;06:40.0;22202;40822.37
4631;Air France;788 Tennyson Ave.;14;"AM""";Arm?nie;19;"BJ""";B?nin;13/08/1975 23:13;08:16.0;16866;25106.453
4632;John G. Hartling Ltd.;1839 McCraren Rd.;21;"BH""";Bahre?n;26;"BZ""";Belize;26/02/1996 02:00;13:20.0;31516;21650.93
4633;First National Bank of Ottowa;600 Central Ave;12;"SA""";Arabie saoudite;5;"DE""";Allemagne;01/02/1975 22:55;06:40.0;80848;80704.664
4634;Kosmo Consulting;1799 Rosemary Way;25;"BE""";Belgique;3;"AL""";Albanie;04/06/1985 11:02;00:00.0;57895;60920.656
4635;Froggy's Gourmet Catering;899 Harvard Ct;28;"BT""";Bhoutan;41;"CM""";Cameroun;20/07/2001 08:07;41:36.0;44054;5247.136
4636;Air Mexico;3150 Skokie Valley Rd.;40;"KH""";Cambodge;1;"AF""";Afghanistan;20/09/2003 18:22;20:00.0;21232;36240.164
4637;Parties Galore Golf Course;10 Marquette Rd.;26;"BZ""";Belize;43;"CV""";Cap-Vert;06/08/2005 07:28;33:20.0;62626;74720.21
4638;Vanity Town;1658 Second St.;46;"CY""";Chypre;33;"BW""";Botswana;24/02/2000 11:20;14:56.0;55780;40316.9
4639;Myers Chocolates and Confectio;1019 Deerfield Rd.;24;"PW""";Belau;39;"CI""";C?te d'Ivoire;12/02/1982 11:07;20:00.0;10517;24022.201
4640;Mail Boxes Et. Al.;2112 Ravine Drive;50;"KP""";Cor?e du Nord;14;"AM""";Arm?nie;21/05/2002 19:42;14:56.0;95447;52448.14
4641;Air France;788 Tennyson Ave.;14;"AM""";Arm?nie;21;"BH""";Bahre?n;13/08/1975 23:13;08:16.0;16866;25106.453
4642;John G. Hartling Ltd.;1839 McCraren Rd.;21;"BH""";Bahre?n;12;"SA""";Arabie saoudite;26/02/1996 02:00;13:20.0;31516;21650.93
4643;First National Bank of Ottowa;600 Central Ave;12;"SA""";Arabie saoudite;25;"BE""";Belgique;01/02/1975 22:55;06:40.0;80848;80704.664
4644;Kosmo Consulting;1799 Rosemary Way;25;"BE""";Belgique;28;"BT""";Bhoutan;04/06/1985 11:02;00:00.0;57895;60920.656
4645;Froggy's Gourmet Catering;899 Harvard Ct;28;"BT""";Bhoutan;40;"KH""";Cambodge;20/07/2001 08:07;41:36.0;44054;5247.136
4646;Air Mexico;3150 Skokie Valley Rd.;40;"KH""";Cambodge;26;"BZ""";Belize;20/09/2003 18:22;20:00.0;21232;36240.164
4647;Parties Galore Golf Course;10 Marquette Rd.;26;"BZ""";Belize;46;"CY""";Chypre;06/08/2005 07:28;33:20.0;62626;74720.21
4648;Vanity Town;1658 Second St.;46;"CY""";Chypre;24;"PW""";Belau;24/02/2000 11:20;14:56.0;55780;40316.9
4649;Myers Chocolates and Confectio;1019 Deerfield Rd.;24;"PW""";Belau;50;"KP""";Cor?e du Nord;12/02/1982 11:07;20:00.0;10517;24022.201
4650;Mail Boxes Et. Al.;2112 Ravine Drive;50;"KP""";Cor?e du Nord;14;"AM""";Arm?nie;21/05/2002 19:42;14:56.0;95447;52448.14
4651;Air Indonesia;1486 Old Deerfield Rd.;10;"AG""";Antigua-et-Barbuda;21;"BH""";Bahre?n;23/01/2000 01:33;54:56.0;29432;96842.86
4652;Nyman Interior Design;12 Craven Way;38;"BI""";Burundi;12;"SA""";Arabie saoudite;21/10/1994 09:15;34:56.0;35276;93936.0
4653;Vecot Inc.;10 Marquette Rd.;10;"AG""";Antigua-et-Barbuda;25;"BE""";Belgique;11/08/1989 18:33;40:00.0;5108;55670.793
4654;Camp Oconomowoc;2224 Sherman Rd.;12;"SA""";Arabie saoudite;28;"BT""";Bhoutan;27/03/2003 15:22;01:36.0;39068;29585.086
4655;Lennox Air Pollution Control;1714 Clifton Rd.;25;"BE""";Belgique;40;"KH""";Cambodge;21/09/1978 05:27;21:36.0;90272;87728.94
4656;Dean Barnett Furniture Repair;1185 County line Rd.;1;"AF""";Afghanistan;26;"BZ""";Belize;14/03/1972 22:27;08:16.0;23682;42394.895
4657;Myles Building Consultants;1907 S. Prospect Ave.;18;"AZ""";Azerba?djan;46;"CY""";Chypre;24/07/2003 02:47;08:16.0;11552;76904.34
4658;Johnson, Erico & Co CPA's;368 Woodland Rd.;23;"BB""";Barbade;24;"PW""";Belau;01/09/1993 17:13;53:20.0;39892;65394.562
4659;Rythmics Ltd.;970 Vilas Circle;10;"AG""";Antigua-et-Barbuda;50;"KP""";Cor?e du Nord;20/02/2006 05:22;06:40.0;7652;79363.16
4660;Car Suite Cleaners;1839 McCraren Rd.;42;"CA""";Canada;10;"AG""";Antigua-et-Barbuda;19/08/1989 21:00;34:56.0;80025;79476.46
4661;American Deli Workers Union;224  Highwood Ave.;25;"BE""";Belgique;38;"BI""";Burundi;02/07/2000 02:07;46:40.0;1625;41276.223
4662;Mac Computer Warehouse;2024 St.Johns Ave.;5;"DE""";Allemagne;10;"AG""";Antigua-et-Barbuda;09/08/1980 21:13;20:00.0;27440;86880.05
4663;Lickmen Restoration;1907 S. Prospect Ave.;5;"DE""";Allemagne;12;"SA""";Arabie saoudite;12/01/1972 21:33;01:36.0;97492;70640.52
4664;K L Consulting;406 Trinity Ct.;12;"SA""";Arabie saoudite;25;"BE""";Belgique;20/05/2002 05:02;33:20.0;42560;28868.877
4665;Peterson Roberts Carpentry;2678 Sheridan Rd.;21;"BH""";Bahre?n;1;"AF""";Afghanistan;24/11/1983 05:33;01:36.0;79927;55120.402
4666;Green Bay Travel Services;2644 Princeton Ln.;30;"MM""";Birmanie;18;"AZ""";Azerba?djan;29/03/1971 20:42;54:56.0;96978;89850.79
4667;Darcy Frame and Matting Servic;1660 Park Ave.;29;"BY""";Bi?lorussie;23;"BB""";Barbade;26/08/2006 05:42;40:00.0;19500;72768.266
4668;Hibop Heating and Air Conditio;917 Fairview Ave.  Apt. 982;47;"CO""";Colombie;10;"AG""";Antigua-et-Barbuda;16/04/1970 15:22;34:56.0;12900;49000.496
4669;Rythmics Ltd.;1839 McCraren Rd.;29;"BY""";Bi?lorussie;42;"CA""";Canada;26/03/1994 16:40;46:40.0;84908;69196.45
4670;BBQ Smith's Tex Mex;2505 Allison ct.;27;"BM""";Bermudes;25;"BE""";Belgique;26/05/2000 10:47;06:40.0;88016;26048.064
4671;Bako Delicatessen;14836 W. River Oaks Dr.;21;"BH""";Bahre?n;5;"DE""";Allemagne;12/12/1971 04:27;00:00.0;85737;99414.664
4672;Salt & Pepper Catering Service;4467 Sheridan Rd.;40;"KH""";Cambodge;5;"DE""";Allemagne;02/10/1983 17:27;46:40.0;38586;96482.5
4673;Dean Barnett Furniture Repair;425 Lake Ave.;50;"KP""";Cor?e du Nord;12;"SA""";Arabie saoudite;15/04/2000 23:47;00:00.0;45427;17246.74
4674;Terrinni & Son Auto and Truck;1859 Green Bay Rd.;12;"SA""";Arabie saoudite;21;"BH""";Bahre?n;25/09/2000 12:47;06:40.0;55039;82056.16
4675;Toggle & Myerson Ltd;1550 Ridge Rd.;5;"DE""";Allemagne;30;"MM""";Birmanie;04/07/2006 05:00;06:40.0;88054;34688.465
4676;Libra & Sons;969 Saxony Drive;41;"CM""";Cameroun;29;"BY""";Bi?lorussie;07/09/2002 23:53;54:56.0;18554;74010.125
4677;Camp Oconomowoc;1287 Glencoe Ave.;21;"BH""";Bahre?n;47;"CO""";Colombie;05/07/2004 08:20;13:20.0;77112;94216.82
4678;Maintence Services of Maine;2505 Allison ct.;33;"BW""";Botswana;29;"BY""";Bi?lorussie;28/10/2005 06:53;40:00.0;14249;13650.371
4679;American Deli Workers Union;2632 Prarie Ln.;16;"AU""";Australie;27;"BM""";Bermudes;29/11/1980 06:28;53:20.0;34592;916.5952
4680;Gourmet the Frog;1235 Easton Rd.;28;"BT""";Bhoutan;21;"BH""";Bahre?n;01/01/1985 04:00;48:16.0;2095;14291.221
4681;Brand Y Creative Services;4522 N. Greenview Apt. 1B;31;"BO""";Bolivie;40;"KH""";Cambodge;31/10/1996 11:07;40:00.0;95436;27746.496
4682;AA Advertising;581 Hill St. Apt. 234;42;"CA""";Canada;50;"KP""";Cor?e du Nord;16/03/2003 10:40;34:56.0;45390;46428.47
4683;Hoffman Printing Center;1912 Old Briar Lane #2;7;"AO""";Angola;12;"SA""";Arabie saoudite;19/12/2003 02:13;53:20.0;59886;48700.56
4684;Camp Stuff;511 Hill;11;"AN""";Antilles n?erlandaises;5;"DE""";Allemagne;10/06/1990 07:40;33:20.0;59916;26640.244
4685;Glenn Oaks Office Supplies;135 Lakewood place;25;"BE""";Belgique;41;"CM""";Cameroun;19/07/1978 21:15;20:00.0;23873;35368.96
4686;AAA Daniels Antiques;865 Old Tall Tree Lane;43;"CV""";Cap-Vert;21;"BH""";Bahre?n;01/06/1999 02:20;01:36.0;82768;90300.74
4687;Vanity Town;242 Ashland Ave.;31;"BO""";Bolivie;33;"BW""";Botswana;02/03/2006 23:20;41:36.0;99468;60408.496
4688;Trapezoid Studios;807 Old Trail Rd.;5;"DE""";Allemagne;16;"AU""";Australie;23/08/1993 18:35;20:00.0;65033;64690.855
4689;North Park Lighting Galleries;581 Hill St. Apt. 234;50;"KP""";Cor?e du Nord;28;"BT""";Bhoutan;06/10/1974 03:53;08:16.0;61840;24850.186
4690;Glenwood Credit Union;224  Highwood Ave.;6;"AD""";Andorre;31;"BO""";Bolivie;09/07/1982 11:53;26:40.0;7974;19838.303
4691;Car Suite Cleaners;218 Oakridge Ave.;27;"BM""";Bermudes;42;"CA""";Canada;29/10/2004 19:48;06:40.0;46880;21620.936
4692;PGS Associates;1234 Devonshire Court;9;"AQ""";Antarctique;7;"AO""";Angola;30/09/2005 20:48;21:36.0;32640;19156.7
4693;Brand Y Creative Services;4259 W. Lake Ave.;2;"ZA""";Afrique du Sud;11;"AN""";Antilles n?erlandaises;18/11/1985 02:02;48:16.0;53085;36428.582
4694;Kapp Camera and Video;21 Lakeview Terrace #2312;11;"AN""";Antilles n?erlandaises;25;"BE""";Belgique;17/04/1997 19:00;53:20.0;18474;69930.78
4695;Dependable Plumbing and Sewer;1679 McCraren;39;"CI""";C?te d'Ivoire;43;"CV""";Cap-Vert;01/08/2004 23:40;46:40.0;68703;84482.91
4696;Caranisco Homes;872 Virginia Rd.;42;"CA""";Canada;31;"BO""";Bolivie;10/04/2000 23:35;28:16.0;68230;61416.727
4697;Eva Galler Galleries Inc.;367Bluebird Terr.;28;"BT""";Bhoutan;5;"DE""";Allemagne;14/04/1980 11:33;46:40.0;58072;36600.64
4698;Vecot Inc.;218 Oakridge Ave.;42;"CA""";Canada;50;"KP""";Cor?e du Nord;25/09/1990 02:48;01:36.0;11556;36648.062
4699;North Shore Appliance Service;54 Lakeview Terrace;1;"AF""";Afghanistan;6;"AD""";Andorre;21/08/2004 19:13;28:16.0;53406;1226.226
4700;Perimeter Security Consultants;4763 Blackhawk Rd.;25;"BE""";Belgique;27;"BM""";Bermudes;15/10/1978 20:22;14:56.0;76125;12096.581
4701;Deer Lake Inn;1701 W. Mellody Rd.;12;"SA""";Arabie saoudite;9;"AQ""";Antarctique;27/08/2006 02:20;34:56.0;93574;82640.43
4702;Flinn Mosquito and Pest Contro;3100 Trailer Way;31;"BO""";Bolivie;2;"ZA""";Afrique du Sud;11/09/2003 12:08;54:56.0;95218;55317.496
4703;Futoons Cartoons Emporium;812 North Ave.;27;"BM""";Bermudes;11;"AN""";Antilles n?erlandaises;22/07/1990 16:20;33:20.0;89208;6579.6055
4704;Nina's Snow Plowing;854 Woodbine;36;"BG""";Bulgarie;39;"CI""";C?te d'Ivoire;23/01/2006 10:42;54:56.0;15976;23436.967
4705;Jay's Cabinet Company;1633 McGovern place;35;"BN""";Brunei;42;"CA""";Canada;13/06/1989 17:53;26:40.0;48581;12198.95
4706;American Deli Workers Union;654 Walnut Rd.;33;"BW""";Botswana;28;"BT""";Bhoutan;12/08/2000 18:07;13:20.0;85395;84180.93
4707;Michael Montgomery Hair Saloon;1575 Oak Ave.  Apt. 2C;15;"AW""";Aruba;42;"CA""";Canada;16/03/1986 03:22;53:20.0;81903;45176.76
4708;Terrinni & Son Auto and Truck;456 Groverland Ave.;26;"BZ""";Belize;1;"AF""";Afghanistan;26/02/1978 00:13;41:36.0;71220;75466.586
4709;Cotton Thumb Ltd.;1575 Oakwood Ave.;49;"CG""";Congo;25;"BE""";Belgique;20/01/1996 08:42;00:00.0;16212;78754.01
4710;Nitelites Party Rental;456 Groverland Ave.;14;"AM""";Arm?nie;12;"SA""";Arabie saoudite;30/04/1972 06:33;48:16.0;38624;68026.94
4711;Hibop Heating and Air Conditio;1065 Hillcrest Circle;10;"AG""";Antigua-et-Barbuda;31;"BO""";Bolivie;30/05/1993 03:02;01:36.0;43015;38112.43
4712;Yale Remins Temp Agency;242 Ashland Ave.;34;"BR""";Br?sil;27;"BM""";Bermudes;21/08/2000 01:42;01:36.0;94240;44297.812
4713;janice Mann Accounting Service;3100 Trailer Way;14;"AM""";Arm?nie;36;"BG""";Bulgarie;12/09/1996 12:22;21:36.0;75104;55520.844
4714;Bako Delicatessen;231 Sheriden Rd.;43;"CV""";Cap-Vert;35;"BN""";Brunei;06/07/1983 01:40;08:16.0;78544;81856.63
4715;Corbins, Rodriguez, & Savocchi;632 Roger Williams;13;"AR""";Argentine;33;"BW""";Botswana;05/04/1980 05:20;33:20.0;66604;45956.164
4716;Green Bay Travel Services;1770 first St.;39;"CI""";C?te d'Ivoire;15;"AW""";Aruba;02/09/2003 05:55;33:20.0;48000;82294.22
4717;Pivot Point College;1436 Waverly Rd.;29;"BY""";Bi?lorussie;26;"BZ""";Belize;11/02/1993 03:07;33:20.0;25000;91800.55
4718;Peterson Roberts Carpentry;3344 Beachwood Ln.;2;"ZA""";Afrique du Sud;49;"CG""";Congo;20/10/2001 23:15;06:40.0;25834;2522.6338
4719;Ampro Office Team Ltd.;1860 Parkside Ln.;13;"AR""";Argentine;14;"AM""";Arm?nie;18/04/1986 09:20;20:00.0;41849;80686.28
4720;Highland Heights Gift Shop;600 Central Ave.;21;"BH""";Bahre?n;10;"AG""";Antigua-et-Barbuda;23/01/1974 19:07;34:56.0;10017;47741.043
4721;Kosmo Consulting;1750 Lily Court;27;"BM""";Bermudes;34;"BR""";Br?sil;27/01/2000 19:07;46:40.0;55101;64362.926
4722;Flinn Mosquito and Pest Contro;210 Cresant Rd.;14;"AM""";Arm?nie;14;"AM""";Arm?nie;27/10/1989 22:35;01:36.0;90240;27912.898
4723;Froggy's Gourmet Catering;224  Highwood Ave.;7;"AO""";Angola;43;"CV""";Cap-Vert;16/05/2003 19:53;00:00.0;60528;80707.61
4724;Yale Remins Temp Agency;3059 Priscilla Court;34;"BR""";Br?sil;13;"AR""";Argentine;22/06/1980 06:33;46:40.0;1232;57460.137
4725;Eva Galler Galleries Inc.;505 N. Frances St.;10;"AG""";Antigua-et-Barbuda;39;"CI""";C?te d'Ivoire;18/03/2003 18:13;54:56.0;71175;17352.969
4726;Innman Paint and Glass;456 Grossman Ln.;3;"AL""";Albanie;29;"BY""";Bi?lorussie;07/04/2003 02:22;40:00.0;36775;33340.45
4727;Sigman and Freud Psychiatry;618 Sheriden rd.;5;"DE""";Allemagne;2;"ZA""";Afrique du Sud;19/03/1989 08:40;34:56.0;83214;51774.062
4728;Truck-X Muffler Repair;310 Walker Ave.;30;"MM""";Birmanie;13;"AR""";Argentine;17/10/1977 19:13;53:20.0;35988;11000.598
4729;Acturial Enterprises Ltd.;45 South Deer Creek Drive;1;"AF""";Afghanistan;21;"BH""";Bahre?n;08/10/2006 22:07;53:20.0;47488;49312.496
4730;Nina's Snow Plowing;654 Walnut Rd.;6;"AD""";Andorre;27;"BM""";Bermudes;11/01/1974 09:08;13:20.0;70457;55663.29
4731;Lutz Soft Cloth Car Wash;2678 Sheridan Rd.;33;"BW""";Botswana;14;"AM""";Arm?nie;27/05/1996 02:20;34:56.0;51130;47725.91
4732;Mac Computer Warehouse;14836 W. River Oaks Dr.;10;"AG""";Antigua-et-Barbuda;7;"AO""";Angola;02/03/1993 19:20;20:00.0;68096;77906.38
4733;AA Advertising;2632 Prarie Ln.;8;"AI""";Anguilla;34;"BR""";Br?sil;09/03/1977 03:48;48:16.0;57718;34326.848
4734;BBQ Smith's Tex Mex;1858 Balsam Way;28;"BT""";Bhoutan;10;"AG""";Antigua-et-Barbuda;22/11/1983 14:40;00:00.0;33282;37540.67
4735;Keep Cool Air Conditioner Repa;2632 Prarie Ln.;3;"AL""";Albanie;3;"AL""";Albanie;13/08/1987 14:33;13:20.0;61300;90352.88
4736;Air Guatamala;2148 Eastview Dr.;5;"DE""";Allemagne;5;"DE""";Allemagne;20/03/2005 01:33;14:56.0;42538;92525.945
4737;Resnick DDS;750 Homewood Ave.;21;"BH""";Bahre?n;30;"MM""";Birmanie;09/02/1985 20:02;13:20.0;52577;84400.734
4738;Mergenthaler Inc.;852 Sumac Rd.;22;"BD""";Bangladesh;1;"AF""";Afghanistan;03/02/2003 10:15;48:16.0;58860;84306.89
4739;Lake Shore Publishing;3062 Lindenwood Ln.;39;"CI""";C?te d'Ivoire;6;"AD""";Andorre;08/06/1972 15:00;14:56.0;51480;33024.742
4740;Elm Place Business Supplies;1245 Eastwood;42;"CA""";Canada;33;"BW""";Botswana;20/01/2000 06:53;13:20.0;34686;53562.3
4741;Morton Roofing and Siding;12 Fort Sheriden Ave.;4;"DZ""";Alg?rie;10;"AG""";Antigua-et-Barbuda;04/05/1983 13:40;00:00.0;56352;16246.744
4742;Parties Galore Golf Course;1 Twin Oaks Place;35;"BN""";Brunei;8;"AI""";Anguilla;22/09/2006 09:15;01:36.0;85715;60864.8
4743;Caranisco Homes;2510 Crain;7;"AO""";Angola;28;"BT""";Bhoutan;29/09/2005 05:15;33:20.0;38440;62456.508
4744;Crosstracks Car Wash;1486 Old Deerfield Rd.;3;"AL""";Albanie;3;"AL""";Albanie;16/05/1972 11:27;28:16.0;51892;4812.2095
4745;Ebert Music Center;865 Old Tall Tree Lane;15;"AW""";Aruba;5;"DE""";Allemagne;01/08/1982 15:27;40:00.0;42328;40550.79
4746;Doerner's Awnings and Canopies;218 Oakridge Ave.;41;"CM""";Cameroun;21;"BH""";Bahre?n;10/02/1972 08:53;13:20.0;97824;7568.9
4747;Morgan Construction Co;1019 Deerfield Rd.;48;"KM""";Comores;22;"BD""";Bangladesh;08/01/2004 13:08;40:00.0;20783;21424.832
4748;Froggy's Gourmet Catering;42 Valley Rd.;8;"AI""";Anguilla;39;"CI""";C?te d'Ivoire;06/02/2005 14:27;54:56.0;68468;69048.95
4749;Mac Computer Warehouse;965 Marion Place Apt. 65C;34;"BR""";Br?sil;42;"CA""";Canada;26/01/1977 04:13;26:40.0;12872;34751.453
4750;Hardee Woodwork Ltd.;1065 Hillcrest Circle;33;"BW""";Botswana;4;"DZ""";Alg?rie;25/06/1980 06:47;53:20.0;25928;26248.678
4751;Smith Communications Inc.;355 Golf Rd.;19;"BJ""";B?nin;35;"BN""";Brunei;01/11/1986 20:13;06:40.0;37984;13532.109
4752;Marks, Marks, and Kaplan Ltd.;1235 Easton Rd.;23;"BB""";Barbade;7;"AO""";Angola;03/08/1974 23:13;00:00.0;19525;92515.79
4753;Acme Chemical Supply;313 Grove Ave.;21;"BH""";Bahre?n;3;"AL""";Albanie;06/03/2000 00:15;00:00.0;4975;69632.336
4754;Maintence Services of Maine;746 Judson Place;4;"DZ""";Alg?rie;15;"AW""";Aruba;24/01/1980 11:07;53:20.0;79443;31550.408
4755;Auto Interior Carpeting Compan;1619 Judson Ave. Apt #34B;44;"CL""";Chili;41;"CM""";Cameroun;22/01/2000 14:27;08:16.0;5000;160.1849
4756;Parkway Auto Body;1831 Beverly Place #9D;3;"AL""";Albanie;48;"KM""";Comores;17/04/2000 12:27;28:16.0;73244;59662.62
4757;Bee Line Publishing;3478 Bryn Mawr St.;13;"AR""";Argentine;8;"AI""";Anguilla;21/04/2000 13:02;08:16.0;61805;35600.992
4758;Park District Of America;456 Groverland Ave.;41;"CM""";Cameroun;34;"BR""";Br?sil;08/12/2006 02:40;01:36.0;5587;97249.42
4759;Gourmet the Frog;970 Vilas Circle;9;"AQ""";Antarctique;33;"BW""";Botswana;19/09/2002 02:47;40:00.0;20993;60970.918
4760;Pivot Point College;43078 Kennedy Dr.;37;"BF""";Burkina Faso;19;"BJ""";B?nin;27/05/1971 14:47;20:00.0;86648;65524.953
4761;Loyal Order of Buffalo;785 Highland place;24;"PW""";Belau;23;"BB""";Barbade;17/01/2002 20:40;46:40.0;56096;28740.879
4762;Lambert & Locke Legal Services;12 Skokie Valley Rd.;33;"BW""";Botswana;21;"BH""";Bahre?n;25/01/2000 14:15;53:20.0;18105;95238.88
4763;Derbin Contracting Services;671 Blackstone Ave.;18;"AZ""";Azerba?djan;4;"DZ""";Alg?rie;02/01/1974 02:55;20:00.0;79854;97732.734
4764;Pasifico Inc.;807 Old Trail Rd.;33;"BW""";Botswana;44;"CL""";Chili;18/05/2004 09:02;53:20.0;44326;95480.18
4765;Yale Remins Temp Agency;2922 Twin Oaks Drive;36;"BG""";Bulgarie;3;"AL""";Albanie;10/02/1985 16:13;53:20.0;43464;35072.273
4766;Doll House Rock;1450 Harding Ave.;49;"CG""";Congo;13;"AR""";Argentine;15/06/2006 23:02;06:40.0;43580;42637.777
4767;Glenwood Credit Union;1233 Arbor Rd.;19;"BJ""";B?nin;41;"CM""";Cameroun;27/03/1974 14:42;13:20.0;49962;52880.3
4768;Myers Chocolates and Confectio;2148 Eastview Dr.;6;"AD""";Andorre;9;"AQ""";Antarctique;03/05/1993 12:08;01:36.0;1056;53720.73
4769;Garfield Appliance Service;38976 Forest View Rd.;39;"CI""";C?te d'Ivoire;37;"BF""";Burkina Faso;15/02/1978 03:07;06:40.0;90704;38395.844
4770;Cutter Lawn Mower Repair;600 Central Ave.;40;"KH""";Cambodge;24;"PW""";Belau;07/07/1986 23:40;28:16.0;53449;82368.89
4771;Palmer Golf Supplies;1860 Parkside Ln.;21;"BH""";Bahre?n;33;"BW""";Botswana;20/07/1989 09:42;46:40.0;73632;4264.239
4772;Salt & Pepper Catering Service;1101 Deerfield Place;39;"CI""";C?te d'Ivoire;18;"AZ""";Azerba?djan;01/09/1978 20:48;48:16.0;97559;95533.11
4773;Schmidt Denists;1535 Knollwood Drive;30;"MM""";Birmanie;33;"BW""";Botswana;16/02/1985 11:07;41:36.0;51122;31872.316
4774;Pasifico Inc.;550 Sheridan;24;"PW""";Belau;36;"BG""";Bulgarie;02/10/1974 16:33;48:16.0;72652;57440.977
4775;Air France;1009 marvel Way;3;"AL""";Albanie;49;"CG""";Congo;02/04/2000 00:13;21:36.0;68460;26548.533
4776;Air France;1235 Easton Rd.;22;"BD""";Bangladesh;19;"BJ""";B?nin;04/07/2005 19:00;40:00.0;58769;67599.49
4777;Childress Child Day Care;21 Lakeview Terrace #2312;7;"AO""";Angola;6;"AD""";Andorre;24/11/1971 19:47;14:56.0;84515;38956.863
4778;Lutz Soft Cloth Car Wash;965 Marion Place Apt. 65C;37;"BF""";Burkina Faso;39;"CI""";C?te d'Ivoire;10/05/1997 22:33;28:16.0;95872;52418.875
4779;Elm Place Business Supplies;1839 McCraren Rd.;11;"AN""";Antilles n?erlandaises;40;"KH""";Cambodge;22/01/1986 17:47;40:00.0;58160;27928.734
4780;Garfield Appliance Service;1009 marvel Way;42;"CA""";Canada;21;"BH""";Bahre?n;25/09/2002 08:33;21:36.0;55112;22097.715
4781;Chands CPA;662 Lyons Circle;37;"BF""";Burkina Faso;39;"CI""";C?te d'Ivoire;21/10/1971 14:33;53:20.0;58076;27904.352
4782;Lutz Soft Cloth Car Wash;355 Golf Rd.;23;"BB""";Barbade;30;"MM""";Birmanie;16/06/2000 11:27;20:00.0;52127;57088.08
4783;Highland Lanes;865 Old Tall Tree Lane;23;"BB""";Barbade;24;"PW""";Belau;19/06/2005 13:00;06:40.0;15212;15998.76
4784;Keyth Contracting and Repair;5518 Madison St.;45;"CN""";Chine;3;"AL""";Albanie;31/05/2003 11:55;08:16.0;54328;56272.16
4785;Dapper's Antiques;1245 Eastwood;23;"BB""";Barbade;22;"BD""";Bangladesh;05/01/2000 03:20;06:40.0;96524;37200.3
4786;Libra & Sons;1799 Rosemary Way;40;"KH""";Cambodge;7;"AO""";Angola;27/11/2006 04:00;53:20.0;18122;78939.69
4787;Froggy's Gourmet Catering;1436 Waverly Rd.;13;"AR""";Argentine;37;"BF""";Burkina Faso;04/05/2007 09:28;00:00.0;4180;70721.7
4788;janice Mann Accounting Service;965 Marion Place Apt. 65C;10;"AG""";Antigua-et-Barbuda;11;"AN""";Antilles n?erlandaises;25/05/1987 17:53;00:00.0;35520;43552.086
4789;Doll House Rock;54 Lakeview Terrace;16;"AU""";Australie;42;"CA""";Canada;12/03/1993 18:13;06:40.0;69448;43556.77
4790;George Lee Antiques;1957 Huntington Ave.;28;"BT""";Bhoutan;37;"BF""";Burkina Faso;06/05/2002 16:47;40:00.0;6339;97164.05
4791;Pivot Point College;3148 cottonwood Ct.;45;"CN""";Chine;23;"BB""";Barbade;18/01/2000 09:33;34:56.0;70778;1548.859
4792;Derbin Contracting Services;218 Oakridge Ave.;26;"BZ""";Belize;23;"BB""";Barbade;13/03/2005 02:53;00:00.0;67479;22400.96
4793;P K M Packaging Supply;1547 Knolwood Rd.;32;"BA""";Bosnie-Herz?govine;45;"CN""";Chine;23/01/2000 15:47;48:16.0;66409;93940.25
4794;Happ Aluminum Siding Co.;662 Lyons Circle;23;"BB""";Barbade;23;"BB""";Barbade;23/04/2001 19:00;48:16.0;22744;48294.812
4795;AA Advertising;812 North Ave.;33;"BW""";Botswana;40;"KH""";Cambodge;11/03/2002 00:28;13:20.0;35835;81836.86
4796;Nirabi Auto Service;614 green bay Rd.;24;"PW""";Belau;13;"AR""";Argentine;06/07/1972 09:40;54:56.0;42676;96720.02
4797;Brand Y Creative Services;10 Marquette Rd.;15;"AW""";Aruba;10;"AG""";Antigua-et-Barbuda;24/01/2001 05:07;48:16.0;52037;49282.57
4798;Chands CPA;456 Grossman Ln.;35;"BN""";Brunei;16;"AU""";Australie;06/06/1971 13:40;33:20.0;30926;51472.516
4799;Terrinni & Son Auto and Truck;2632 Prarie Ln.;41;"CM""";Cameroun;28;"BT""";Bhoutan;10/11/1992 12:53;14:56.0;29218;49340.043
4800;Hibop Heating and Air Conditio;5518 Madison St.;30;"MM""";Birmanie;45;"CN""";Chine;13/01/1985 01:22;26:40.0;2848;5168.5654
4801;Truck-X Muffler Repair;2045 St. johns Ave.;12;"SA""";Arabie saoudite;26;"BZ""";Belize;03/11/1993 11:48;13:20.0;8015;16320.969
4802;Foy Aviation;788 Tennyson Ave.;29;"BY""";Bi?lorussie;32;"BA""";Bosnie-Herz?govine;01/04/1994 11:33;01:36.0;60490;2244.5625
4803;K L Consulting;671 Blackstone Ave.;5;"DE""";Allemagne;23;"BB""";Barbade;01/09/1994 23:53;26:40.0;33545;17986.06
4804;Pete's Auto Repair;614 green bay Rd.;39;"CI""";C?te d'Ivoire;33;"BW""";Botswana;13/07/2005 16:08;06:40.0;99216;71123.91
4805;Percy Photography;511 Hill;33;"BW""";Botswana;24;"PW""";Belau;25/04/2003 11:42;33:20.0;91964;2631.5435
4806;Cosmo Skin Care Center;632 Roger Williams;28;"BT""";Bhoutan;15;"AW""";Aruba;26/12/2006 14:00;06:40.0;68177;65720.93
4807;Masterlands Cleaning;433 Burton Ave.;15;"AW""";Aruba;35;"BN""";Brunei;20/12/1975 17:08;00:00.0;34226;48917.3
4808;Kapp Camera and Video;1752 Clinton Ave.;22;"BD""";Bangladesh;41;"CM""";Cameroun;23/01/2001 02:15;26:40.0;95091;49020.19
4809;Hi-Land Art & Frame;1101 Deerfield Place;45;"CN""";Chine;30;"MM""";Birmanie;24/08/2007 15:55;08:16.0;16645;1317.038
4810;Froggy's Gourmet Catering;210 Cresant Rd.;29;"BY""";Bi?lorussie;12;"SA""";Arabie saoudite;04/09/2000 05:40;40:00.0;53195;8448.824
4811;Acturial Enterprises Ltd.;3901 Chester Ave. Apt. 3C;19;"BJ""";B?nin;29;"BY""";Bi?lorussie;03/10/1974 03:40;20:00.0;77904;49760.457
4813;Green Shoes Corp.;1839 McCraren Rd.;7;"AO""";Angola;39;"CI""";C?te d'Ivoire;02/07/2006 03:55;20:00.0;4595;35464.03
4814;Crosstracks Car Wash;368 Woodland Rd.;31;"BO""";Bolivie;33;"BW""";Botswana;12/08/2001 00:33;34:56.0;63168;13394.419
4815;Foy Aviation;43078 Kennedy Dr.;50;"KP""";Cor?e du Nord;28;"BT""";Bhoutan;04/07/1983 10:47;06:40.0;74466;43101.562
4816;Crosstracks Car Wash;3901 Chester Ave. Apt. 3C;16;"AU""";Australie;15;"AW""";Aruba;11/06/2003 03:53;13:20.0;28240;37132.8
4817;Lambert & Locke Legal Services;1077 Court Ave.;7;"AO""";Angola;22;"BD""";Bangladesh;09/11/2001 23:33;53:20.0;67116;500.8621
4818;Cutter Lawn Mower Repair;965 Marion Place Apt. 65C;4;"DZ""";Alg?rie;45;"CN""";Chine;30/06/1978 05:02;01:36.0;86853;35061.83
4819;P K M Packaging Supply;2644 Princeton Ln.;4;"DZ""";Alg?rie;29;"BY""";Bi?lorussie;02/03/1986 15:07;53:20.0;56230;50298.63
4820;Dean Grant Buick and Crysler;3344 Beachwood Ln.;48;"KM""";Comores;19;"BJ""";B?nin;25/08/2006 22:33;33:20.0;46760;15112.024
4821;American Apartments;368 Woodland Rd.;29;"BY""";Bi?lorussie;16;"AU""";Australie;23/08/1999 10:20;28:16.0;60089;95480.1
4822;Parties Galore Golf Course;857 Woodbine Rd;50;"KP""";Cor?e du Nord;7;"AO""";Angola;20/04/2007 21:13;34:56.0;69104;78834.07
4823;Ebert Music Center;937 Judson Ave.;47;"CO""";Colombie;31;"BO""";Bolivie;29/10/1980 00:28;48:16.0;45425;78818.734
4824;Marks, Marks, and Kaplan Ltd.;3148 cottonwood Ct.;2;"ZA""";Afrique du Sud;50;"KP""";Cor?e du Nord;30/10/1975 11:20;40:00.0;7197;67150.74
4825;Childress Child Day Care;3150 Skokie Valley Rd.;6;"AD""";Andorre;16;"AU""";Australie;02/12/2000 23:33;26:40.0;18976;37060.785
4826;Gordon & Son Brockerage Ltd.;616 Cobblestone Cir.;41;"CM""";Cameroun;7;"AO""";Angola;19/04/1982 01:22;14:56.0;94280;11740.967
4827;First National Bank of Ottowa;1750 Lily Court;27;"BM""";Bermudes;4;"DZ""";Alg?rie;12/06/2006 11:42;41:36.0;28898;75450.055
4828;Kapp Camera and Video;231 Sheriden Rd.;27;"BM""";Bermudes;4;"DZ""";Alg?rie;29/03/2007 11:22;26:40.0;16860;19648.914
4829;Acme Chemical Supply;1920 Sunnyside Ave.;5;"DE""";Allemagne;48;"KM""";Comores;03/08/1970 11:28;33:20.0;6581;91308.63
4830;Happ Aluminum Siding Co.;2045 St. johns Ave.;30;"MM""";Birmanie;29;"BY""";Bi?lorussie;30/09/2006 11:42;00:00.0;79783;75355.44
4831;Chands CPA;785 Highland place;14;"AM""";Arm?nie;50;"KP""";Cor?e du Nord;30/03/2001 08:15;33:20.0;40115;69408.6
4832;Schmidt Denists;2148 Eastview Dr.;22;"BD""";Bangladesh;47;"CO""";Colombie;10/05/2000 05:53;21:36.0;35294;77500.23
4833;Happ Aluminum Siding Co.;38976 Forest View Rd.;20;"BS""";Bahamas;2;"ZA""";Afrique du Sud;20/03/2003 13:35;40:00.0;29928;28178.027
4834;American Deli Workers Union;4522 N. Greenview Apt. 1B;5;"DE""";Allemagne;6;"AD""";Andorre;05/04/1994 16:33;13:20.0;4000;65861.02
4835;Arthur M. Feildberg Galleries;2148 Eastview Dr.;2;"ZA""";Afrique du Sud;41;"CM""";Cameroun;15/09/1982 02:07;00:00.0;88126;81281.625
4836;BBQ Smith's Tex Mex;614 green bay Rd.;39;"CI""";C?te d'Ivoire;27;"BM""";Bermudes;23/05/1974 08:48;48:16.0;40860;56000.54
4837;Darcy Frame and Matting Servic;807 Old Trail Rd.;41;"CM""";Cameroun;27;"BM""";Bermudes;01/11/2006 07:48;33:20.0;24610;90232.85
4838;Bee Line Publishing;175 beech St.;17;"AT""";Autriche;5;"DE""";Allemagne;30/11/2003 13:47;41:36.0;98096;38610.176
4839;Libra & Sons;1715 Chicago Ave.;3;"AL""";Albanie;30;"MM""";Birmanie;14/01/1996 13:48;40:00.0;90316;12224.87
4840;Tub's Furniture Store;788 Tennyson Ave.;47;"CO""";Colombie;14;"AM""";Arm?nie;07/09/2000 10:22;00:00.0;15024;87598.13
4841;Hi-Land Art & Frame;844 Spruce St.;14;"AM""";Arm?nie;22;"BD""";Bangladesh;22/08/2000 05:28;41:36.0;52625;46816.79
4842;Energy Source Diet Centers;1535 Knollwood Drive;20;"BS""";Bahamas;20;"BS""";Bahamas;12/12/1999 12:00;33:20.0;93440;90894.68
4843;First National Bank of Ottowa;368 Woodland Rd.;2;"ZA""";Afrique du Sud;5;"DE""";Allemagne;17/06/1996 09:27;26:40.0;74497;14976.358
4844;Dapper's Antiques;2632 Prarie Ln.;15;"AW""";Aruba;2;"ZA""";Afrique du Sud;30/08/1975 20:47;20:00.0;21492;14808.986
4845;Gordon & Son Brockerage Ltd.;1912 Old Briar Lane #2;37;"BF""";Burkina Faso;39;"CI""";C?te d'Ivoire;10/01/2006 04:28;00:00.0;77856;88390.05
4846;Air Guatamala;3385 University Ave.;41;"CM""";Cameroun;41;"CM""";Cameroun;10/12/2007 06:15;40:00.0;39783;58462.42
4847;Facelift Kitchen and Bath;1704 Ridgelee Rd;47;"CO""";Colombie;17;"AT""";Autriche;23/07/1975 16:07;26:40.0;59006;47490.344
4848;Pac Builders;2112 Ravine Drive;5;"DE""";Allemagne;3;"AL""";Albanie;28/11/2001 12:00;06:40.0;40188;81815.23
4849;Darcy Frame and Matting Servic;12 Broadview Lane;36;"BG""";Bulgarie;47;"CO""";Colombie;11/02/1997 22:27;41:36.0;56210;51190.73
4850;Foy Aviation;1535 Knollwood Drive;34;"BR""";Br?sil;14;"AM""";Arm?nie;13/12/2003 07:20;21:36.0;31920;71556.875
4851;Glenwood Credit Union;2600 Winsor Mall;8;"AI""";Anguilla;20;"BS""";Bahamas;03/07/2003 03:40;20:00.0;85410;87295.41
4852;Kosmo Consulting;3062 Lindenwood Ln.;16;"AU""";Australie;2;"ZA""";Afrique du Sud;30/11/1989 20:13;40:00.0;6322;26796.705
4853;Cotton Thumb Ltd.;4259 W. Lake Ave.;42;"CA""";Canada;15;"AW""";Aruba;09/12/1992 11:20;28:16.0;57248;67738.84
4854;BBQ Smith's Tex Mex;1155 Ridgewood Drive;19;"BJ""";B?nin;37;"BF""";Burkina Faso;26/08/1972 07:53;13:20.0;21470;83612.79
4855;Nyman Interior Design;313 Grove Ave.;40;"KH""";Cambodge;41;"CM""";Cameroun;03/08/2001 13:02;40:00.0;38278;36590.863
4856;Smith Communications Inc.;1912 Old Briar Lane #2;43;"CV""";Cap-Vert;47;"CO""";Colombie;12/12/1977 07:33;40:00.0;64903;94468.3
4857;Ebert Music Center;5518 Madison St.;36;"BG""";Bulgarie;5;"DE""";Allemagne;11/06/1990 00:20;13:20.0;38182;51455.957
4858;Lutz Soft Cloth Car Wash;505 N. Frances St.;49;"CG""";Congo;36;"BG""";Bulgarie;10/08/2006 22:33;26:40.0;88335;23320.78
4859;Glenwood Credit Union;406 Trinity Ct.;10;"AG""";Antigua-et-Barbuda;34;"BR""";Br?sil;25/05/1977 17:55;28:16.0;30355;67520.55
4860;Chands CPA;1799 Rosemary Way;10;"AG""";Antigua-et-Barbuda;8;"AI""";Anguilla;09/12/2007 11:33;33:20.0;78832;83628.07
4861;Hi-Land Art & Frame;5518 Madison St.;15;"AW""";Aruba;16;"AU""";Australie;09/04/1994 22:35;01:36.0;9672;2560.14
4862;Terrinni & Son Auto and Truck;899 Harvard Ct;36;"BG""";Bulgarie;42;"CA""";Canada;03/08/1975 20:48;13:20.0;78106;89829.98
4863;Morton Roofing and Siding;135 Lakewood place;18;"AZ""";Azerba?djan;19;"BJ""";B?nin;18/03/1993 13:07;00:00.0;72400;74967.586
4864;Caranisco Homes;244 Briar Ln;20;"BS""";Bahamas;40;"KH""";Cambodge;03/05/2003 23:13;46:40.0;94098;76090.5
4865;Mergenthaler Inc.;1550 Ridge Rd.;14;"AM""";Arm?nie;43;"CV""";Cap-Vert;19/06/1993 04:20;40:00.0;65306;58932.605
4866;Hilco Auto Body;581 Hill St. Apt. 234;2;"ZA""";Afrique du Sud;36;"BG""";Bulgarie;15/08/2005 01:55;06:40.0;66440;96972.2
4867;Lake Shore Publishing;1126 Hillcrest Ave;31;"BO""";Bolivie;49;"CG""";Congo;26/02/2000 21:20;48:16.0;70604;20130.61
4868;Green Bay Travel Services;1679 McCraren;30;"MM""";Birmanie;10;"AG""";Antigua-et-Barbuda;12/11/1992 00:15;41:36.0;16724;71294.02
4869;Maintence Services of Maine;175 beech St.;32;"BA""";Bosnie-Herz?govine;10;"AG""";Antigua-et-Barbuda;27/06/2001 01:00;06:40.0;79126;34050.684
4870;Facelift Kitchen and Bath;1233 Arbor Rd.;3;"AL""";Albanie;15;"AW""";Aruba;19/08/1993 12:33;26:40.0;71260;48736.22
4871;Hilco Auto Body;54 Lakeview Terrace;25;"BE""";Belgique;36;"BG""";Bulgarie;20/05/2002 15:55;21:36.0;46552;90065.23
4872;Air India;115 Judson Rd.;38;"BI""";Burundi;18;"AZ""";Azerba?djan;19/02/2006 01:35;53:20.0;76176;22462.492
4873;Shaggy's Grooming Services;10 Marquette Rd.;36;"BG""";Bulgarie;20;"BS""";Bahamas;09/03/1987 22:28;34:56.0;66842;57528.87
4874;Cosmo Skin Care Center;550 Sheridan;7;"AO""";Angola;14;"AM""";Arm?nie;17/04/1990 05:42;20:00.0;74460;72440.4
4875;Cradle the Call;42 Valley Rd.;26;"BZ""";Belize;2;"ZA""";Afrique du Sud;25/03/2001 09:33;40:00.0;79337;93103.78
4876;Childress Child Day Care;367Bluebird Terr.;46;"CY""";Chypre;31;"BO""";Bolivie;24/07/2000 11:27;14:56.0;88284;67855.66
4877;Salt & Pepper Catering Service;42 Valley Rd.;3;"AL""";Albanie;30;"MM""";Birmanie;29/10/2002 04:55;46:40.0;89787;33680.176
4878;Dapper's Antiques;4522 N. Greenview Apt. 1B;37;"BF""";Burkina Faso;32;"BA""";Bosnie-Herz?govine;25/06/1985 07:02;33:20.0;58450;78478.414
4879;Flinn Mosquito and Pest Contro;1235 Easton Rd.;30;"MM""";Birmanie;3;"AL""";Albanie;03/09/1978 09:40;53:20.0;66688;8855.438
4880;Mergenthaler Inc.;3487 Green Bay Rd.;11;"AN""";Antilles n?erlandaises;25;"BE""";Belgique;20/08/1972 03:55;40:00.0;42464;7389.8145
4881;Jay's Cabinet Company;1126 Hillcrest Ave;39;"CI""";C?te d'Ivoire;38;"BI""";Burundi;29/04/1974 21:40;54:56.0;59670;31792.375
4882;Schmidt Denists;1949 Cloverdale Rd.;5;"DE""";Allemagne;36;"BG""";Bulgarie;11/04/2004 02:53;54:56.0;22080;81180.73
4883;Kosmo Consulting;43078 Kennedy Dr.;10;"AG""";Antigua-et-Barbuda;7;"AO""";Angola;19/04/1978 09:48;20:00.0;33812;2630.635
4884;Esmarda Chemical Manufacturers;1633 McGovern place;36;"BG""";Bulgarie;26;"BZ""";Belize;02/05/1980 15:55;00:00.0;64790;30925.336
4885;Block Boats and Lures;2024 St.Johns Ave.;1;"AF""";Afghanistan;46;"CY""";Chypre;08/02/1986 06:15;21:36.0;77076;31377.604
4886;Griffith Paving and Sealcoatin;3344 Beachwood Ln.;36;"BG""";Bulgarie;3;"AL""";Albanie;13/02/1985 07:22;34:56.0;67370;29896.82
4887;Meonits & Mogogni Inc.;2678 Sheridan Rd.;38;"BI""";Burundi;37;"BF""";Burkina Faso;13/08/2000 17:00;46:40.0;19213;9800.175
4888;Foy Aviation;45 South Deer Creek Drive;16;"AU""";Australie;30;"MM""";Birmanie;12/02/1980 10:40;01:36.0;28674;72025.16
4889;Air Guatamala;406 Trinity Ct.;40;"KH""";Cambodge;11;"AN""";Antilles n?erlandaises;18/11/2001 02:00;53:20.0;6282;15162.354
4890;Sigman and Freud Psychiatry;406 Trinity Ct.;5;"DE""";Allemagne;39;"CI""";C?te d'Ivoire;07/10/1980 10:47;48:16.0;38848;78146.234
4891;Kermit the Pet Shop;1077 Court Ave.;49;"CG""";Congo;5;"DE""";Allemagne;18/03/1999 23:33;00:00.0;9165;34630.305
4892;AAA Daniels Antiques;220 Vine Ave.;7;"AO""";Angola;10;"AG""";Antigua-et-Barbuda;15/07/2003 12:08;26:40.0;29388;6414.5806
4893;Pasifico Inc.;600 Central Ave.;18;"AZ""";Azerba?djan;36;"BG""";Bulgarie;15/08/2006 04:35;40:00.0;9584;29294.043
4894;John G. Hartling Ltd.;120 high St.;35;"BN""";Brunei;1;"AF""";Afghanistan;18/08/2007 21:02;34:56.0;58272;36800.824
4895;Lake Shore Beaches;1859 Green Bay Rd.;21;"BH""";Bahre?n;36;"BG""";Bulgarie;19/03/2002 12:00;06:40.0;89382;11136.661
4896;Foy Aviation;1535 Knollwood Drive;29;"BY""";Bi?lorussie;38;"BI""";Burundi;10/10/1974 09:55;54:56.0;4201;49645.87
4897;Lake Shore Publishing;1658 Second St.;34;"BR""";Br?sil;16;"AU""";Australie;19/03/2005 21:22;01:36.0;14319;48603.62
4898;Jay's Cabinet Company;225 Jeffrys Place;4;"DZ""";Alg?rie;40;"KH""";Cambodge;25/12/1994 12:53;13:20.0;56560;3516.9573
4899;Jay's Cabinet Company;3901 Chester Ave. Apt. 3C;13;"AR""";Argentine;5;"DE""";Allemagne;08/03/2006 09:08;21:36.0;68874;71057.19
4900;Hilco Auto Body;1245 Eastwood;10;"AG""";Antigua-et-Barbuda;49;"CG""";Congo;14/03/2006 20:15;53:20.0;56576;71550.07
4901;Lake Shore Publishing;1831 Beverly Place #9D;46;"CY""";Chypre;7;"AO""";Angola;28/08/1970 03:53;13:20.0;76168;12093.337
4902;Doerner's Awnings and Canopies;512 Hill;24;"PW""";Belau;18;"AZ""";Azerba?djan;16/11/1971 17:20;53:20.0;6346;20290.1
4903;Hi-Land Art & Frame;135 Lakewood place;13;"AR""";Argentine;35;"BN""";Brunei;25/11/2004 03:07;13:20.0;88794;4416.5254
4904;Smith Communications Inc.;1220 Heather Lane;6;"AD""";Andorre;21;"BH""";Bahre?n;27/01/2004 01:35;21:36.0;89890;34927.39
4905;AA Advertising;600 Central Ave;25;"BE""";Belgique;29;"BY""";Bi?lorussie;28/07/2003 14:47;08:16.0;26012;82210.01
4906;Nitelites Party Rental;512 Hill;20;"BS""";Bahamas;34;"BR""";Br?sil;25/11/1987 00:53;00:00.0;31392;37760.168
4907;Morton Roofing and Siding;632 Florence Dr.;32;"BA""";Bosnie-Herz?govine;4;"DZ""";Alg?rie;10/03/1971 04:28;14:56.0;75856;38280.793
4908;Deer Lake Inn;3901 Chester Ave. Apt. 3C;50;"KP""";Cor?e du Nord;13;"AR""";Argentine;09/07/1990 22:47;01:36.0;51640;62422.043
4909;Office Pro Supply Co.;12 Broadview Lane;46;"CY""";Chypre;10;"AG""";Antigua-et-Barbuda;19/01/1993 07:08;00:00.0;11486;99360.54
4910;Froggy's Gourmet Catering;629 Kincaid Ave.;20;"BS""";Bahamas;46;"CY""";Chypre;22/11/2002 21:20;01:36.0;98552;25072.256
4911;Foy Aviation;1679 McCraren;45;"CN""";Chine;24;"PW""";Belau;05/12/2004 02:00;20:00.0;99625;34580.41
4912;Crossroads Construction, Inc.;616 Cobblestone Cir.;36;"BG""";Bulgarie;13;"AR""";Argentine;05/07/2003 11:13;01:36.0;81165;43010.375
4913;First National Bank of Ottowa;1715 Chicago Ave.;1;"AF""";Afghanistan;6;"AD""";Andorre;01/10/2005 21:53;34:56.0;72278;25480.09
4914;Smith & Wesson Militia;1270 Linden Ave.;31;"BO""";Bolivie;25;"BE""";Belgique;12/09/1997 22:33;20:00.0;49737;30062.383
4915;Peterson Roberts Carpentry;2224 Sherman Rd.;21;"BH""";Bahre?n;20;"BS""";Bahamas;12/07/1987 15:53;33:20.0;22208;63098.75
4916;K L Consulting;1245 Eastwood;12;"SA""";Arabie saoudite;32;"BA""";Bosnie-Herz?govine;12/09/1994 00:48;14:56.0;9308;83480.93
4917;P K M Packaging Supply;59 Cordon Terr.;29;"BY""";Bi?lorussie;50;"KP""";Cor?e du Nord;09/03/1990 05:20;01:36.0;30564;92994.26
4918;Pete's Auto Repair;1550 Ridge Rd.;34;"BR""";Br?sil;46;"CY""";Chypre;21/04/2000 05:27;08:16.0;1405;37690.688
4919;Marcy Elaine Bakery;1714 Clifton Rd.;23;"BB""";Barbade;20;"BS""";Bahamas;27/11/2001 19:20;00:00.0;61280;10428.798
4920;Froggy's Gourmet Catering;368 Woodland Rd.;1;"AF""";Afghanistan;45;"CN""";Chine;26/11/1977 21:22;41:36.0;77232;90841.13
4921;New Dehli Auto Exchange;618 Sheriden rd.;37;"BF""";Burkina Faso;36;"BG""";Bulgarie;14/05/2007 00:47;53:20.0;1206;64656.387
4922;Bako Delicatessen;618 Sheriden rd.;38;"BI""";Burundi;1;"AF""";Afghanistan;10/06/1994 15:53;21:36.0;57275;53440.008
4923;Toggle & Myerson Ltd;581 Hill St. Apt. 234;50;"KP""";Cor?e du Nord;31;"BO""";Bolivie;22/04/1985 23:20;34:56.0;47723;31940.453
4924;Glenwood Credit Union;872 Virginia Rd.;48;"KM""";Comores;21;"BH""";Bahre?n;21/02/2001 07:22;46:40.0;15860;11224.846
4925;Derbin Contracting Services;1660 Park Ave.;7;"AO""";Angola;12;"SA""";Arabie saoudite;31/05/1971 18:47;53:20.0;17726;16068.956
4926;Air Mexico;2505 Allison ct.;12;"SA""";Arabie saoudite;29;"BY""";Bi?lorussie;09/05/1987 03:55;13:20.0;79537;10546.671
4927;AAA Daniels Antiques;844 Spruce St.;39;"CI""";C?te d'Ivoire;34;"BR""";Br?sil;14/11/1975 12:27;46:40.0;70710;33126.496
4928;Kosmo Consulting;12 Walker Ave.;10;"AG""";Antigua-et-Barbuda;23;"BB""";Barbade;07/04/1983 01:35;53:20.0;91661;84285.305
4929;Schmidt Denists;1858 Balsam Way;29;"BY""";Bi?lorussie;1;"AF""";Afghanistan;28/11/1985 21:07;20:00.0;26575;99360.26
4930;George Lee Antiques;4259 W. Lake Ave.;8;"AI""";Anguilla;37;"BF""";Burkina Faso;07/11/2000 15:08;46:40.0;32190;92032.734
4931;P K M Packaging Supply;12 Skokie Valley Rd.;43;"CV""";Cap-Vert;38;"BI""";Burundi;30/05/1990 01:28;46:40.0;65224;21072.432
4932;Mergenthaler Inc.;1101 Deerfield Place;34;"BR""";Br?sil;50;"KP""";Cor?e du Nord;16/04/2000 08:40;14:56.0;88438;90658.0
4933;Keep Cool Air Conditioner Repa;673 Calais Drive;50;"KP""";Cor?e du Nord;48;"KM""";Comores;28/03/2000 04:42;48:16.0;30344;8968.365
4934;Doerner's Awnings and Canopies;839 Burton Ave;9;"AQ""";Antarctique;7;"AO""";Angola;08/03/1985 03:20;46:40.0;13391;34352.598
4935;North Shore Appliance Service;456 Grossman Ln.;32;"BA""";Bosnie-Herz?govine;12;"SA""";Arabie saoudite;25/07/1977 07:27;33:20.0;94754;7240.118
4936;Transformation Enterprises;807 Old Trail Rd.;48;"KM""";Comores;39;"CI""";C?te d'Ivoire;07/04/2006 09:53;13:20.0;63091;75278.375
4937;Nel Video Productions;550 Sheridan;12;"SA""";Arabie saoudite;10;"AG""";Antigua-et-Barbuda;13/10/1970 01:55;00:00.0;23980;40341.027
4938;Bee Line Publishing;3344 Beachwood Ln.;3;"AL""";Albanie;29;"BY""";Bi?lorussie;22/07/2003 23:00;13:20.0;17404;60524.76
4939;Nyman Interior Design;115 Judson Rd.;24;"PW""";Belau;8;"AI""";Anguilla;08/06/1975 03:42;33:20.0;60470;16858.98
4940;Cosmo Skin Care Center;12 Fort Sheriden Ave.;20;"BS""";Bahamas;43;"CV""";Cap-Vert;15/08/2000 06:48;13:20.0;3650;89057.15
4941;Percy Photography;12 Craven Way;4;"DZ""";Alg?rie;34;"BR""";Br?sil;10/07/2006 22:35;26:40.0;40309;48396.26
4942;P K M Packaging Supply;406 Trinity Ct.;36;"BG""";Bulgarie;50;"KP""";Cor?e du Nord;10/07/2006 06:22;06:40.0;73301;11020.513
4943;Nitelites Party Rental;1799 Rosemary Way;49;"CG""";Congo;9;"AQ""";Antarctique;14/07/1974 10:48;08:16.0;11201;93618.0
4944;Doerner's Awnings and Canopies;1795 Lake Cook Rd.;7;"AO""";Angola;32;"BA""";Bosnie-Herz?govine;28/11/1987 01:07;13:20.0;97820;64960.387
4945;Esmarda Chemical Manufacturers;210 Cresant Rd.;38;"BI""";Burundi;48;"KM""";Comores;01/10/2003 10:20;26:40.0;82065;42072.66
4946;Glenwood Credit Union;135 Lakewood place;4;"DZ""";Alg?rie;12;"SA""";Arabie saoudite;12/05/2000 03:53;26:40.0;6285;97149.48
4947;Derbin Contracting Services;1287 Glencoe Ave.;7;"AO""";Angola;3;"AL""";Albanie;07/11/1983 04:28;00:00.0;37177;73260.36
4948;Keep Cool Air Conditioner Repa;1912 Old Briar Lane #2;30;"MM""";Birmanie;24;"PW""";Belau;12/09/1970 05:00;33:20.0;68797;250.179
4949;Nirabi Auto Service;14836 W. River Oaks Dr.;7;"AO""";Angola;20;"BS""";Bahamas;28/06/2006 10:07;06:40.0;70905;35750.71
4950;Highland Heights Gift Shop;872 Virginia Rd.;39;"CI""";C?te d'Ivoire;4;"DZ""";Alg?rie;12/04/2000 01:40;34:56.0;44832;50530.477
4951;Shaggy's Grooming Services;334 Lynn Terrace;24;"PW""";Belau;36;"BG""";Bulgarie;07/07/1974 21:13;28:16.0;58200;69860.06
4952;Acme Chemical Supply;201-C Frontage Rd.;40;"KH""";Cambodge;49;"CG""";Congo;27/06/2001 14:33;53:20.0;7880;61240.395
4953;Futoons Cartoons Emporium;632 Roger Williams;8;"AI""";Anguilla;7;"AO""";Angola;27/05/1986 07:40;33:20.0;36240;3955.922
4954;North Shore Appliance Service;1126 Hillcrest Ave;16;"AU""";Australie;38;"BI""";Burundi;22/02/2004 12:13;26:40.0;12188;86444.8
4955;Air Barbados;456 Groverland Ave.;19;"BJ""";B?nin;4;"DZ""";Alg?rie;01/09/1972 13:53;00:00.0;29877;36998.402
4956;Mergenthaler Inc.;969 Saxony Drive;25;"BE""";Belgique;7;"AO""";Angola;03/07/1985 09:28;41:36.0;68688;53595.7
4957;Lutz Soft Cloth Car Wash;139 Bay Colony Dr.;41;"CM""";Cameroun;30;"MM""";Birmanie;05/04/2006 14:00;40:00.0;18930;75800.375
4958;Ampro Office Team Ltd.;1547 Knolwood Rd.;26;"BZ""";Belize;7;"AO""";Angola;15/08/1993 08:33;54:56.0;14620;77980.19
4959;North West Gas Co.;3148 cottonwood Ct.;3;"AL""";Albanie;39;"CI""";C?te d'Ivoire;23/10/1989 16:33;20:00.0;63875;98753.74
4960;Schnitzer Denist College;2032 Northbrook Ct.;24;"PW""";Belau;24;"PW""";Belau;05/08/1978 11:13;20:00.0;11978;34880.656
4961;Trapezoid Studios;3150 Skokie Valley Rd.;35;"BN""";Brunei;40;"KH""";Cambodge;13/09/1994 04:35;26:40.0;1516;77246.72
4962;Block Boats and Lures;225 Jeffrys Place;24;"PW""";Belau;8;"AI""";Anguilla;11/12/2000 11:33;46:40.0;4570;54042.164
4963;Loyal Order of Buffalo;2510 Crain;47;"CO""";Colombie;16;"AU""";Australie;29/01/2001 12:53;53:20.0;75838;37276.914
4964;Corbins, Rodriguez, & Savocchi;3059 Priscilla Court;50;"KP""";Cor?e du Nord;19;"BJ""";B?nin;28/02/1975 13:48;01:36.0;70184;65394.402
4965;Got It All Electronics Supply;550 Sheridan;8;"AI""";Anguilla;25;"BE""";Belgique;12/03/1996 03:07;06:40.0;86274;87092.45
4966;Happ Aluminum Siding Co.;844 Spruce St.;43;"CV""";Cap-Vert;41;"CM""";Cameroun;23/11/1986 10:55;46:40.0;43719;38658.19
4967;Johnson, Erico & Co CPA's;2870 Skokie Rd.;26;"BZ""";Belize;26;"BZ""";Belize;06/08/2003 11:55;53:20.0;35566;13387.84
4968;Arthur M. Feildberg Galleries;135 Lakewood place;31;"BO""";Bolivie;3;"AL""";Albanie;16/08/1971 15:13;06:40.0;32060;98220.84
4969;Hilco Auto Body;2479 Woodridge Drive;31;"BO""";Bolivie;24;"PW""";Belau;20/04/2003 23:42;34:56.0;90587;63880.473
4970;Resnick DDS;917 Fairview Ave.  Apt. 982;21;"BH""";Bahre?n;35;"BN""";Brunei;20/01/2006 08:27;13:20.0;10427;75296.07
4971;AAA Daniels Antiques;669 Kikaid;41;"CM""";Cameroun;24;"PW""";Belau;23/11/2001 10:53;20:00.0;52332;21856.924
4972;Hilco Auto Body;669 Kikaid;12;"SA""";Arabie saoudite;47;"CO""";Colombie;24/07/1985 05:28;20:00.0;65112;32676.486
4973;Truck-X Muffler Repair;465 Stratford Rd.;9;"AQ""";Antarctique;50;"KP""";Cor?e du Nord;06/10/1990 16:35;54:56.0;51380;385.7308
4974;Pivot Point College;1077 Court Ave.;17;"AT""";Autriche;8;"AI""";Anguilla;20/03/1990 19:07;13:20.0;20563;6930.322
4975;Hardee Woodwork Ltd.;1715 Chicago Ave.;15;"AW""";Aruba;43;"CV""";Cap-Vert;07/09/2000 05:42;06:40.0;2322;28330.168
4976;Bernhardt Ltd.;245 Oakridge Ave.;41;"CM""";Cameroun;26;"BZ""";Belize;30/08/2001 03:55;00:00.0;36335;91136.555
4977;Lennox Air Pollution Control;600 Central Ave;20;"BS""";Bahamas;31;"BO""";Bolivie;11/06/2001 16:20;33:20.0;95760;34015.45
4978;Parties Galore Golf Course;629 Kincaid Ave.;13;"AR""";Argentine;31;"BO""";Bolivie;10/01/1978 17:07;53:20.0;83963;85017.49
4979;Arthur M. Feildberg Galleries;1752 Clinton Ave.;11;"AN""";Antilles n?erlandaises;21;"BH""";Bahre?n;20/06/1986 05:55;26:40.0;37648;11500.701
4981;Air Indonesia;21 Lakeview Terrace #2312;2;"ZA""";Afrique du Sud;12;"SA""";Arabie saoudite;12/10/1998 14:47;13:20.0;86012;81812.914
4982;Garfield Appliance Service;1535 Knollwood Drive;21;"BH""";Bahre?n;9;"AQ""";Antarctique;08/09/2006 21:00;40:00.0;75284;24336.098
4983;Glassman & Stone;669 Kikaid;32;"BA""";Bosnie-Herz?govine;17;"AT""";Autriche;10/02/2006 04:27;46:40.0;1160;68096.234
4984;Schmidt Denists;245 Oakridge Ave.;40;"KH""";Cambodge;15;"AW""";Aruba;03/07/1990 18:48;54:56.0;15380;16286.411
4985;Happ Aluminum Siding Co.;2922 Twin Oaks Drive;14;"AM""";Arm?nie;41;"CM""";Cameroun;20/12/2005 12:40;06:40.0;17468;87467.516
4986;Lake Shore Publishing;632 Florence Dr.;22;"BD""";Bangladesh;20;"BS""";Bahamas;28/02/2001 08:27;54:56.0;45168;47280.5
4987;Kosmo Consulting;231 Sheriden Rd.;35;"BN""";Brunei;13;"AR""";Argentine;12/04/2006 13:40;41:36.0;67463;47625.215
4988;Lidhal design Corp.;937 Judson Ave.;40;"KH""";Cambodge;11;"AN""";Antilles n?erlandaises;11/03/2003 07:22;00:00.0;90512;80350.586
4989;Loyal Order of Buffalo;3059 Priscilla Court;21;"BH""";Bahre?n;12;"SA""";Arabie saoudite;14/06/2007 06:47;21:36.0;82464;60832.59
4990;Lee Stairworks and Carpentry,;244 Briar Ln;14;"AM""";Arm?nie;2;"ZA""";Afrique du Sud;23/08/2000 01:40;01:36.0;53742;55700.76
4991;Myers Chocolates and Confectio;3100 Trailer Way;48;"KM""";Comores;21;"BH""";Bahre?n;13/06/1977 15:27;21:36.0;90320;48088.66
4992;Cosmo Skin Care Center;1777 balsamic Ave.;31;"BO""";Bolivie;32;"BA""";Bosnie-Herz?govine;15/04/1989 08:08;26:40.0;74628;48662.844
4993;Froggy's Gourmet Catering;1245 Eastwood;39;"CI""";C?te d'Ivoire;40;"KH""";Cambodge;25/04/1992 12:07;46:40.0;16128;93320.43
4994;Elle Hypnosis and Therapy Cent;1450 Harding Ave.;39;"CI""";C?te d'Ivoire;14;"AM""";Arm?nie;19/10/2001 19:28;46:40.0;40084;60276.69
4995;Glenwood Credit Union;3385 University Ave.;25;"BE""";Belgique;22;"BD""";Bangladesh;30/12/1982 20:15;40:00.0;70275;40640.855
4996;Mergenthaler Inc.;1859 Green Bay Rd.;40;"KH""";Cambodge;35;"BN""";Brunei;12/10/2006 01:28;21:36.0;17559;99736.72
4997;George Lee Antiques;244 Briar Ln;13;"AR""";Argentine;40;"KH""";Cambodge;09/10/2002 05:53;46:40.0;15125;80587.914
4998;Glenn Oaks Office Supplies;1831 Beverly Place #9D;10;"AG""";Antigua-et-Barbuda;21;"BH""";Bahre?n;14/10/1971 23:28;53:20.0;33811;94410.836
4999;Ernie's Foriegn Car Service;45 South Deer Creek Drive;35;"BN""";Brunei;14;"AM""";Arm?nie;04/05/1990 14:22;01:36.0;1569;75532.73
5000;Libra & Sons;2632 Prarie Ln.;27;"BM""";Bermudes;1;"AF""";Afghanistan;31/08/1997 05:00;06:40.0;76000;2642.1877
